ISO-10303-21;
HEADER;
FILE_DESCRIPTION (( 'STEP AP214' ),
    '1' );
FILE_NAME ('3014支架.STEP',
    '2018-05-23T10:03:43',
    ( 'User' ),
    ( 'china' ),
    'SwSTEP 2.0',
    'SolidWorks 2014',
    '' );
FILE_SCHEMA (( 'AUTOMOTIVE_DESIGN' ));
ENDSEC;

DATA;
#1 = LINE ( 'NONE', #1347, #1246 ) ;
#2 = SHAPE_REPRESENTATION_RELATIONSHIP ( 'NONE' , 'NONE' ,  #5327, #3366 ) ;
#3 = CIRCLE ( 'NONE', #1632, 0.09999999999990615000 ) ;
#4 = ORIENTED_EDGE ( 'NONE', *, *, #1170, .T. ) ;
#5 = DIRECTION ( 'NONE',  ( 1.137328078938328500E-012, -1.000000000000000000, 0.0000000000000000000 ) ) ;
#6 =( NAMED_UNIT ( * ) PLANE_ANGLE_UNIT ( ) SI_UNIT ( $, .RADIAN. ) );
#7 = CARTESIAN_POINT ( 'NONE',  ( 0.4499999999998181000, 1.180000000000063700, 0.1000000000000000100 ) ) ;
#8 = DIRECTION ( 'NONE',  ( -0.3846153846147282200, -0.9230769230771965800, 0.0000000000000000000 ) ) ;
#9 = DIRECTION ( 'NONE',  ( 0.0000000000000000000, 0.0000000000000000000, 1.000000000000000000 ) ) ;
#10 = UNCERTAINTY_MEASURE_WITH_UNIT (LENGTH_MEASURE( 1.000000000000000100E-005 ), #4119, 'distance_accuracy_value', 'NONE');
#11 = EDGE_CURVE ( 'NONE', #29, #3733, #3649, .T. ) ;
#12 = CARTESIAN_POINT ( 'NONE',  ( 2.717651759453302100, 0.2000036276717648000, 0.3200000000000000100 ) ) ;
#13 = ORIENTED_EDGE ( 'NONE', *, *, #4919, .T. ) ;
#14 = EDGE_LOOP ( 'NONE', ( #4213, #5374, #4730, #4887 ) ) ;
#15 = EDGE_LOOP ( 'NONE', ( #4684, #4192, #895, #2294, #4590 ) ) ;
#16 = VERTEX_POINT ( 'NONE', #4121 ) ;
#17 = ORIENTED_EDGE ( 'NONE', *, *, #2262, .F. ) ;
#18 = VERTEX_POINT ( 'NONE', #4973 ) ;
#19 = DIRECTION ( 'NONE',  ( 0.08682659386433073900, 0.08682659386425485600, -0.9924325091389592000 ) ) ;
#20 = DIRECTION ( 'NONE',  ( 1.000000000000000000, 5.684268702434480800E-013, 0.0000000000000000000 ) ) ;
#21 = VECTOR ( 'NONE', #1650, 1000.000000000000000 ) ;
#22 = EDGE_CURVE ( 'NONE', #1119, #5270, #1393, .T. ) ;
#23 = ORIENTED_EDGE ( 'NONE', *, *, #952, .F. ) ;
#24 =( NAMED_UNIT ( * ) PLANE_ANGLE_UNIT ( ) SI_UNIT ( $, .RADIAN. ) );
#25 =( NAMED_UNIT ( * ) SI_UNIT ( $, .STERADIAN. ) SOLID_ANGLE_UNIT ( ) );
#26 = DIRECTION ( 'NONE',  ( -0.9961946980917454300, 0.0000000000000000000, 0.08715574274765834600 ) ) ;
#27 = DIRECTION ( 'NONE',  ( -1.000000000000000000, 0.0000000000000000000, 0.0000000000000000000 ) ) ;
#28 = CARTESIAN_POINT ( 'NONE',  ( -0.1500000000000909500, 0.1000000000001364200, 0.0000000000000000000 ) ) ;
#29 = VERTEX_POINT ( 'NONE', #3688 ) ;
#30 = CARTESIAN_POINT ( 'NONE',  ( 0.0000000000000000000, 0.0000000000000000000, -0.1000000000000000100 ) ) ;
#31 = EDGE_CURVE ( 'NONE', #5180, #1267, #4782, .T. ) ;
#32 = ORIENTED_EDGE ( 'NONE', *, *, #1612, .F. ) ;
#33 = FACE_OUTER_BOUND ( 'NONE', #1189, .T. ) ;
#34 = ORIENTED_EDGE ( 'NONE', *, *, #5097, .F. ) ;
#35 = VERTEX_POINT ( 'NONE', #2830 ) ;
#36 = DIRECTION ( 'NONE',  ( -0.0000000000000000000, -0.0000000000000000000, -1.000000000000000000 ) ) ;
#37 = PLANE ( 'NONE',  #2068 ) ;
#38 = LINE ( 'NONE', #1638, #3284 ) ;
#39 = CARTESIAN_POINT ( 'NONE',  ( -1.866339720411217500, -0.3488992817722025300, 3.000000000000000000 ) ) ;
#40 = DIRECTION ( 'NONE',  ( -0.0000000000000000000, -0.0000000000000000000, -1.000000000000000000 ) ) ;
#41 = DIRECTION ( 'NONE',  ( 0.08682659386424779200, 0.08682659386424777800, 0.9924325091389669700 ) ) ;
#42 = DIRECTION ( 'NONE',  ( 0.0000000000000000000, 0.0000000000000000000, -1.000000000000000000 ) ) ;
#43 = PRESENTATION_LAYER_ASSIGNMENT (  '', '', ( #693 ) ) ;
#44 = DIRECTION ( 'NONE',  ( -1.000000000000000000, -0.0000000000000000000, -0.0000000000000000000 ) ) ;
#45 = FACE_OUTER_BOUND ( 'NONE', #1761, .T. ) ;
#46 = LINE ( 'NONE', #1459, #3438 ) ;
#47 = ORIENTED_EDGE ( 'NONE', *, *, #108, .F. ) ;
#48 = CIRCLE ( 'NONE', #2377, 0.1000000000000227100 ) ;
#49 = EDGE_CURVE ( 'NONE', #3055, #3886, #263, .T. ) ;
#50 = CARTESIAN_POINT ( 'NONE',  ( 2.999999999999545300, 0.8750000000000001100, 0.0000000000000000000 ) ) ;
#51 = EDGE_CURVE ( 'NONE', #1960, #3144, #4646, .T. ) ;
#52 = CIRCLE ( 'NONE', #1571, 0.1000000000002500600 ) ;
#53 = LINE ( 'NONE', #4092, #3295 ) ;
#54 = CARTESIAN_POINT ( 'NONE',  ( -0.1000000000000227400, 1.137057028394172800E-013, 0.0000000000000000000 ) ) ;
#55 = SURFACE_STYLE_FILL_AREA ( #2610 ) ;
#56 = COLOUR_RGB ( '',0.7921568627450980000, 0.8196078431372548800, 0.9333333333333333500 ) ;
#57 = CYLINDRICAL_SURFACE ( 'NONE', #1697, 0.09999999999990918900 ) ;
#58 = CARTESIAN_POINT ( 'NONE',  ( -0.3499999999999090500, 0.6250000000000000000, 0.0000000000000000000 ) ) ;
#59 = EDGE_CURVE ( 'NONE', #1487, #1080, #406, .T. ) ;
#60 = DIRECTION ( 'NONE',  ( 0.0000000000000000000, 0.0000000000000000000, 1.000000000000000000 ) ) ;
#61 = LINE ( 'NONE', #2707, #3433 ) ;
#62 = DIRECTION ( 'NONE',  ( 0.0000000000000000000, 0.0000000000000000000, -1.000000000000000000 ) ) ;
#63 = LINE ( 'NONE', #2472, #926 ) ;
#64 = VECTOR ( 'NONE', #94, 1000.000000000000000 ) ;
#65 = VECTOR ( 'NONE', #5281, 1000.000000000000000 ) ;
#66 = AXIS2_PLACEMENT_3D ( 'NONE', #859, #3822, #1271 ) ;
#67 = ORIENTED_EDGE ( 'NONE', *, *, #3070, .F. ) ;
#68 = SURFACE_SIDE_STYLE ('',( #55 ) ) ;
#69 = VERTEX_POINT ( 'NONE', #2014 ) ;
#70 = ORIENTED_EDGE ( 'NONE', *, *, #4515, .T. ) ;
#71 = ORIENTED_EDGE ( 'NONE', *, *, #3457, .T. ) ;
#72 = DIRECTION ( 'NONE',  ( 1.000000000000000000, 0.0000000000000000000, 0.0000000000000000000 ) ) ;
#73 = ORIENTED_EDGE ( 'NONE', *, *, #1331, .F. ) ;
#74 = APPLICATION_CONTEXT ( 'automotive_design' ) ;
#75 = VERTEX_POINT ( 'NONE', #1584 ) ;
#76 =( NAMED_UNIT ( * ) SI_UNIT ( $, .STERADIAN. ) SOLID_ANGLE_UNIT ( ) );
#77 = VERTEX_POINT ( 'NONE', #731 ) ;
#78 = CARTESIAN_POINT ( 'NONE',  ( 0.4499999999998181000, 0.3000000000001819000, 0.0000000000000000000 ) ) ;
#79 =( NAMED_UNIT ( * ) SI_UNIT ( $, .STERADIAN. ) SOLID_ANGLE_UNIT ( ) );
#80 = CARTESIAN_POINT ( 'NONE',  ( 2.700000000000272800, 0.2000000000000455000, 0.0000000000000000000 ) ) ;
#81 = EDGE_CURVE ( 'NONE', #3410, #1031, #2255, .T. ) ;
#82 = DIRECTION ( 'NONE',  ( -0.0000000000000000000, -0.0000000000000000000, -1.000000000000000000 ) ) ;
#83 = ORIENTED_EDGE ( 'NONE', *, *, #2860, .F. ) ;
#84 = EDGE_CURVE ( 'NONE', #544, #3074, #1249, .T. ) ;
#85 = ORIENTED_EDGE ( 'NONE', *, *, #4845, .F. ) ;
#86 = CARTESIAN_POINT ( 'NONE',  ( 0.9634095393645800700, 1.171999999999570700, 0.09999999999999999200 ) ) ;
#87 = AXIS2_PLACEMENT_3D ( 'NONE', #3008, #478, #3424 ) ;
#88 = FACE_OUTER_BOUND ( 'NONE', #4205, .T. ) ;
#89 = FILL_AREA_STYLE ('',( #1784 ) ) ;
#90 = VERTEX_POINT ( 'NONE', #3708 ) ;
#91 = EDGE_CURVE ( 'NONE', #3441, #3719, #4376, .T. ) ;
#92 = ORIENTED_EDGE ( 'NONE', *, *, #4717, .F. ) ;
#93 = VERTEX_POINT ( 'NONE', #4559 ) ;
#94 = DIRECTION ( 'NONE',  ( 1.000000000000000000, 1.137328078938328500E-012, -0.0000000000000000000 ) ) ;
#95 = DIRECTION ( 'NONE',  ( 0.0000000000000000000, -0.0000000000000000000, -1.000000000000000000 ) ) ;
#96 = CARTESIAN_POINT ( 'NONE',  ( 0.1500000000000909500, 1.200000000000272800, 0.0000000000000000000 ) ) ;
#97 = ORIENTED_EDGE ( 'NONE', *, *, #943, .F. ) ;
#98 = ORIENTED_EDGE ( 'NONE', *, *, #2282, .F. ) ;
#99 = FILL_AREA_STYLE_COLOUR ( '', #1037 ) ;
#100 = AXIS2_PLACEMENT_3D ( 'NONE', #3061, #4775, #2231 ) ;
#101 = VECTOR ( 'NONE', #1064, 1000.000000000000000 ) ;
#102 = VERTEX_POINT ( 'NONE', #1154 ) ;
#103 = CARTESIAN_POINT ( 'NONE',  ( 0.6583333333333030200, 0.0000000000000000000, 0.1000000000000000100 ) ) ;
#104 = AXIS2_PLACEMENT_3D ( 'NONE', #4047, #1506, #4473 ) ;
#105 = CARTESIAN_POINT ( 'NONE',  ( 1.474999999999909100, 1.300000000000181900, 0.0000000000000000000 ) ) ;
#106 = VECTOR ( 'NONE', #1894, 1000.000000000000000 ) ;
#107 = CIRCLE ( 'NONE', #861, 0.09999999999990918900 ) ;
#108 = EDGE_CURVE ( 'NONE', #3349, #148, #3375, .T. ) ;
#109 = DIRECTION ( 'NONE',  ( 0.0000000000000000000, -1.000000000000000000, 0.0000000000000000000 ) ) ;
#110 = DIRECTION ( 'NONE',  ( -0.0000000000000000000, -0.0000000000000000000, -1.000000000000000000 ) ) ;
#111 = CARTESIAN_POINT ( 'NONE',  ( 0.6333333333332104000, 1.400000000000207100, 0.0000000000000000000 ) ) ;
#112 = LINE ( 'NONE', #1399, #2240 ) ;
#113 = LINE ( 'NONE', #2898, #3362 ) ;
#114 = DIRECTION ( 'NONE',  ( 0.0000000000000000000, -0.0000000000000000000, -1.000000000000000000 ) ) ;
#115 = FACE_OUTER_BOUND ( 'NONE', #1618, .T. ) ;
#116 = FACE_OUTER_BOUND ( 'NONE', #1190, .T. ) ;
#117 = CARTESIAN_POINT ( 'NONE',  ( 2.689655387125005500, 0.2280000000000573500, 0.0000000000000000000 ) ) ;
#118 = ORIENTED_EDGE ( 'NONE', *, *, #3322, .T. ) ;
#119 = CARTESIAN_POINT ( 'NONE',  ( 1.474999999999909100, 0.1000000000001364100, 0.1000000000000000100 ) ) ;
#120 = PRESENTATION_STYLE_ASSIGNMENT (( #1133 ) ) ;
#121 = LINE ( 'NONE', #1864, #3640 ) ;
#122 = DIRECTION ( 'NONE',  ( 0.0000000000000000000, -0.9961946980917455500, 0.08715574274765836000 ) ) ;
#123 = DIRECTION ( 'NONE',  ( -0.0000000000000000000, 1.000000000000000000, -0.0000000000000000000 ) ) ;
#124 = LINE ( 'NONE', #4405, #4503 ) ;
#125 = EDGE_CURVE ( 'NONE', #3341, #5467, #4505, .T. ) ;
#126 = CARTESIAN_POINT ( 'NONE',  ( 2.572761060381585400, 1.171999999999570700, 0.1000000000000000100 ) ) ;
#127 = CYLINDRICAL_SURFACE ( 'NONE', #2088, 0.09999999999990767700 ) ;
#128 = AXIS2_PLACEMENT_3D ( 'NONE', #4000, #4850, #4418 ) ;
#129 = VECTOR ( 'NONE', #1138, 1000.000000000000100 ) ;
#130 = FACE_OUTER_BOUND ( 'NONE', #3723, .T. ) ;
#131 = EDGE_CURVE ( 'NONE', #3882, #4728, #5362, .T. ) ;
#132 = CARTESIAN_POINT ( 'NONE',  ( -0.0000000000000000000, 1.171999999999570700, 0.1000000000000000100 ) ) ;
#133 = DIRECTION ( 'NONE',  ( -0.0000000000000000000, -0.0000000000000000000, -1.000000000000000000 ) ) ;
#134 = DIRECTION ( 'NONE',  ( -0.0000000000000000000, -0.0000000000000000000, -1.000000000000000000 ) ) ;
#135 = DIRECTION ( 'NONE',  ( -0.0000000000000000000, -0.0000000000000000000, -1.000000000000000000 ) ) ;
#136 = ORIENTED_EDGE ( 'NONE', *, *, #2225, .F. ) ;
#137 = CARTESIAN_POINT ( 'NONE',  ( -0.04999999999972715200, 1.200000000000045500, -0.1000000000000000100 ) ) ;
#138 = DIRECTION ( 'NONE',  ( -0.0000000000000000000, -0.0000000000000000000, -1.000000000000000000 ) ) ;
#139 = CARTESIAN_POINT ( 'NONE',  ( 1.474999999999909100, 1.300000000000181900, 0.1000000000000000100 ) ) ;
#140 = DIRECTION ( 'NONE',  ( 0.0000000000000000000, -0.0000000000000000000, -1.000000000000000000 ) ) ;
#141 = AXIS2_PLACEMENT_3D ( 'NONE', #2373, #4089, #1544 ) ;
#142 = DIRECTION ( 'NONE',  ( -0.0000000000000000000, -0.0000000000000000000, 1.000000000000000000 ) ) ;
#143 = CARTESIAN_POINT ( 'NONE',  ( -0.09999999999990905100, 1.300000000000181900, 0.1000000000000000100 ) ) ;
#144 = ORIENTED_EDGE ( 'NONE', *, *, #1743, .F. ) ;
#145 = ORIENTED_EDGE ( 'NONE', *, *, #81, .T. ) ;
#146 = CARTESIAN_POINT ( 'NONE',  ( 2.450000000000045500, 1.200000000000045700, 0.0000000000000000000 ) ) ;
#147 = ORIENTED_EDGE ( 'NONE', *, *, #1691, .T. ) ;
#148 = VERTEX_POINT ( 'NONE', #335 ) ;
#149 = ORIENTED_EDGE ( 'NONE', *, *, #4484, .T. ) ;
#150 = ORIENTED_EDGE ( 'NONE', *, *, #3941, .T. ) ;
#151 = VERTEX_POINT ( 'NONE', #1173 ) ;
#152 = AXIS2_PLACEMENT_3D ( 'NONE', #993, #3962, #1417 ) ;
#153 = CARTESIAN_POINT ( 'NONE',  ( 0.5000000000000000000, 0.0000000000000000000, 0.1000000000000000100 ) ) ;
#154 = DIRECTION ( 'NONE',  ( -1.000000000000000000, 0.0000000000000000000, 0.0000000000000000000 ) ) ;
#155 = CARTESIAN_POINT ( 'NONE',  ( 2.550000000000181900, 0.2000000000002728500, 0.1000000000000000100 ) ) ;
#156 = LINE ( 'NONE', #5432, #3396 ) ;
#157 = ORIENTED_EDGE ( 'NONE', *, *, #4629, .T. ) ;
#158 = EDGE_CURVE ( 'NONE', #4335, #3895, #3, .T. ) ;
#159 = EDGE_CURVE ( 'NONE', #5336, #1410, #1995, .T. ) ;
#160 = ORIENTED_EDGE ( 'NONE', *, *, #410, .F. ) ;
#161 = CARTESIAN_POINT ( 'NONE',  ( 0.5999999999997953600, 0.3000000000000682100, 0.1000000000000000100 ) ) ;
#162 = ORIENTED_EDGE ( 'NONE', *, *, #1957, .T. ) ;
#163 = CARTESIAN_POINT ( 'NONE',  ( 0.5000000000000000000, 1.200000000000045500, 0.0000000000000000000 ) ) ;
#164 = AXIS2_PLACEMENT_3D ( 'NONE', #5419, #354, #3311 ) ;
#165 = ADVANCED_FACE ( 'NONE', ( #4116, #865, #4248, #2984 ), #787, .F. ) ;
#166 = VERTEX_POINT ( 'NONE', #3727 ) ;
#167 = EDGE_CURVE ( 'NONE', #4613, #1471, #1868, .T. ) ;
#168 = CIRCLE ( 'NONE', #3951, 0.09999999999992220700 ) ;
#169 = ORIENTED_EDGE ( 'NONE', *, *, #2684, .T. ) ;
#170 = VERTEX_POINT ( 'NONE', #5031 ) ;
#171 = DIRECTION ( 'NONE',  ( 5.685285141969571400E-013, 1.000000000000000000, 0.0000000000000000000 ) ) ;
#172 = CARTESIAN_POINT ( 'NONE',  ( -4.275822317739708100E-015, 0.5250000000000867300, 0.1000000000000000100 ) ) ;
#173 = LINE ( 'NONE', #3334, #1032 ) ;
#174 = AXIS2_PLACEMENT_3D ( 'NONE', #3552, #3990, #3530 ) ;
#175 = DIRECTION ( 'NONE',  ( -0.0000000000000000000, -0.0000000000000000000, -1.000000000000000000 ) ) ;
#176 = DIRECTION ( 'NONE',  ( -0.0000000000000000000, -0.0000000000000000000, -1.000000000000000000 ) ) ;
#177 = CARTESIAN_POINT ( 'NONE',  ( -0.1500000000000909500, 1.100000000000136400, -0.1000000000000000100 ) ) ;
#178 = CIRCLE ( 'NONE', #3604, 0.09999999999990470700 ) ;
#179 = VERTEX_POINT ( 'NONE', #4181 ) ;
#180 = VECTOR ( 'NONE', #4454, 1000.000000000000000 ) ;
#181 = LINE ( 'NONE', #132, #4556 ) ;
#182 = ADVANCED_FACE ( 'NONE', ( #2838 ), #598, .F. ) ;
#183 = VECTOR ( 'NONE', #3647, 1000.000000000000000 ) ;
#184 = EDGE_CURVE ( 'NONE', #610, #3897, #1728, .T. ) ;
#185 = CARTESIAN_POINT ( 'NONE',  ( 0.3000000000001819000, 0.2000000000000455000, 0.0000000000000000000 ) ) ;
#186 = CIRCLE ( 'NONE', #5116, 0.1000000000000227400 ) ;
#187 = ADVANCED_FACE ( 'NONE', ( #3988 ), #3769, .F. ) ;
#188 = CARTESIAN_POINT ( 'NONE',  ( -0.04999999999972713800, 0.2999999999999545300, 0.0000000000000000000 ) ) ;
#189 = CARTESIAN_POINT ( 'NONE',  ( 2.900000000000090900, 0.2000000000002728800, 0.1000000000000000100 ) ) ;
#190 = CARTESIAN_POINT ( 'NONE',  ( -0.09999999999990905100, 0.1000000000001364200, 0.0000000000000000000 ) ) ;
#191 = CIRCLE ( 'NONE', #4636, 0.09999999999990767700 ) ;
#192 = DIRECTION ( 'NONE',  ( 1.000000000000000000, 0.0000000000000000000, 0.0000000000000000000 ) ) ;
#193 = VECTOR ( 'NONE', #3516, 1000.000000000000000 ) ;
#194 = FACE_BOUND ( 'NONE', #1430, .T. ) ;
#195 = DIRECTION ( 'NONE',  ( -0.08682659386424784700, 0.08682659386424009000, -0.9924325091389678600 ) ) ;
#196 = VERTEX_POINT ( 'NONE', #1662 ) ;
#197 = EDGE_CURVE ( 'NONE', #2398, #2601, #5272, .T. ) ;
#199 = PLANE ( 'NONE',  #2629 ) ;
#198 =( GEOMETRIC_REPRESENTATION_CONTEXT ( 3 ) GLOBAL_UNCERTAINTY_ASSIGNED_CONTEXT ( ( #4361 ) ) GLOBAL_UNIT_ASSIGNED_CONTEXT ( ( #4662, #2132, #5086 ) ) REPRESENTATION_CONTEXT ( 'NONE', 'WORKASPACE' ) );
#200 = ORIENTED_EDGE ( 'NONE', *, *, #2436, .T. ) ;
#201 = EDGE_LOOP ( 'NONE', ( #4806, #1874, #2544, #2368 ) ) ;
#202 = EDGE_CURVE ( 'NONE', #2552, #18, #3849, .T. ) ;
#203 = CARTESIAN_POINT ( 'NONE',  ( 0.09999999999990905100, 0.2000000000002728500, 0.0000000000000000000 ) ) ;
#204 = ORIENTED_EDGE ( 'NONE', *, *, #3673, .F. ) ;
#205 = DIRECTION ( 'NONE',  ( -0.0000000000000000000, -0.0000000000000000000, -1.000000000000000000 ) ) ;
#206 = ORIENTED_EDGE ( 'NONE', *, *, #2758, .F. ) ;
#207 = CARTESIAN_POINT ( 'NONE',  ( 2.771999999999934500, 0.2280000000000655100, 0.0000000000000000000 ) ) ;
#208 = VERTEX_POINT ( 'NONE', #96 ) ;
#209 = CARTESIAN_POINT ( 'NONE',  ( 0.2280000000002574700, 0.4272389396183969800, 0.0000000000000000000 ) ) ;
#210 = ORIENTED_EDGE ( 'NONE', *, *, #3540, .F. ) ;
#211 = EDGE_LOOP ( 'NONE', ( #2069, #2857, #2475, #3014 ) ) ;
#212 = VERTEX_POINT ( 'NONE', #5179 ) ;
#213 = ADVANCED_FACE ( 'NONE', ( #2716 ), #2636, .F. ) ;
#214 = CARTESIAN_POINT ( 'NONE',  ( 1.574999999999818100, 1.400000000000090900, 0.0000000000000000000 ) ) ;
#215 = EDGE_LOOP ( 'NONE', ( #2493, #4134, #3124, #4849 ) ) ;
#216 = ADVANCED_FACE ( 'NONE', ( #1594 ), #529, .F. ) ;
#217 = EDGE_LOOP ( 'NONE', ( #874, #2270, #2555, #3190 ) ) ;
#218 = CARTESIAN_POINT ( 'NONE',  ( 0.1999999999999317900, 0.2000000000001591600, 0.0000000000000000000 ) ) ;
#219 = FACE_OUTER_BOUND ( 'NONE', #1804, .T. ) ;
#220 = VERTEX_POINT ( 'NONE', #1373 ) ;
#221 = CARTESIAN_POINT ( 'NONE',  ( 3.000000000000000000, 0.0000000000000000000, 0.1000000000000000100 ) ) ;
#222 = ORIENTED_EDGE ( 'NONE', *, *, #410, .T. ) ;
#223 = CARTESIAN_POINT ( 'NONE',  ( 2.801498406282952200, 0.3977405333353822300, 0.4371683266629902700 ) ) ;
#224 = ORIENTED_EDGE ( 'NONE', *, *, #3177, .F. ) ;
#225 = ORIENTED_EDGE ( 'NONE', *, *, #3747, .F. ) ;
#226 = CARTESIAN_POINT ( 'NONE',  ( 1.825000000000273100, 6.821190205556770800E-013, 0.0000000000000000000 ) ) ;
#227 = CARTESIAN_POINT ( 'NONE',  ( 2.650000000000090900, 0.6249999999995452500, 0.1000000000000000100 ) ) ;
#228 = ORIENTED_EDGE ( 'NONE', *, *, #2713, .F. ) ;
#229 = EDGE_LOOP ( 'NONE', ( #2790, #4060, #4785, #1187 ) ) ;
#230 = EDGE_CURVE ( 'NONE', #1557, #4728, #5111, .T. ) ;
#231 = PLANE ( 'NONE',  #307 ) ;
#232 = CARTESIAN_POINT ( 'NONE',  ( 3.000000000000000000, 1.400000000000090900, 0.0000000000000000000 ) ) ;
#233 =( GEOMETRIC_REPRESENTATION_CONTEXT ( 3 ) GLOBAL_UNCERTAINTY_ASSIGNED_CONTEXT ( ( #3960 ) ) GLOBAL_UNIT_ASSIGNED_CONTEXT ( ( #5163, #2623, #79 ) ) REPRESENTATION_CONTEXT ( 'NONE', 'WORKASPACE' ) );
#234 = CIRCLE ( 'NONE', #4049, 0.1000000000001364400 ) ;
#235 = ORIENTED_EDGE ( 'NONE', *, *, #3005, .T. ) ;
#236 = VERTEX_POINT ( 'NONE', #975 ) ;
#237 = DIRECTION ( 'NONE',  ( 1.000000000000000000, 0.0000000000000000000, 0.0000000000000000000 ) ) ;
#238 = EDGE_CURVE ( 'NONE', #1694, #4924, #3704, .T. ) ;
#239 = ADVANCED_FACE ( 'NONE', ( #2582 ), #3576, .F. ) ;
#240 = ADVANCED_FACE ( 'NONE', ( #4843 ), #1316, .T. ) ;
#241 = DIRECTION ( 'NONE',  ( 1.000000000000000000, 0.0000000000000000000, 0.0000000000000000000 ) ) ;
#242 = FACE_OUTER_BOUND ( 'NONE', #3161, .T. ) ;
#243 = DIRECTION ( 'NONE',  ( -1.000000000000000000, 0.0000000000000000000, 0.0000000000000000000 ) ) ;
#244 = CIRCLE ( 'NONE', #1433, 0.09999999999990896700 ) ;
#245 = UNCERTAINTY_MEASURE_WITH_UNIT (LENGTH_MEASURE( 1.000000000000000100E-005 ), #4718, 'distance_accuracy_value', 'NONE');
#246 = CARTESIAN_POINT ( 'NONE',  ( -0.3499999999999090500, 0.8750000000000000000, 0.1000000000000000100 ) ) ;
#247 = CARTESIAN_POINT ( 'NONE',  ( 0.8833333333332120700, 1.400000000000090900, 0.1000000000000000100 ) ) ;
#248 = FILL_AREA_STYLE_COLOUR ( '', #2383 ) ;
#249 = LINE ( 'NONE', #4347, #4625 ) ;
#250 = CIRCLE ( 'NONE', #336, 0.09999999999993845800 ) ;
#251 = CIRCLE ( 'NONE', #4282, 0.09999999999992220700 ) ;
#252 = LINE ( 'NONE', #4688, #4628 ) ;
#253 = DIRECTION ( 'NONE',  ( -0.0000000000000000000, -0.0000000000000000000, -1.000000000000000000 ) ) ;
#254 = CARTESIAN_POINT ( 'NONE',  ( 0.5000000000002330400, 0.3000000000001762400, -0.1000000000000000100 ) ) ;
#255 = VECTOR ( 'NONE', #2547, 1000.000000000000000 ) ;
#256 = COLOUR_RGB ( '',1.000000000000000000, 1.000000000000000000, 0.5019607843137254800 ) ;
#257 = FACE_OUTER_BOUND ( 'NONE', #5377, .T. ) ;
#258 =( GEOMETRIC_REPRESENTATION_CONTEXT ( 3 ) GLOBAL_UNCERTAINTY_ASSIGNED_CONTEXT ( ( #2487 ) ) GLOBAL_UNIT_ASSIGNED_CONTEXT ( ( #3828, #1276, #4258 ) ) REPRESENTATION_CONTEXT ( 'NONE', 'WORKASPACE' ) );
#259 = CIRCLE ( 'NONE', #568, 0.09999999999968171800 ) ;
#260 = FACE_OUTER_BOUND ( 'NONE', #1944, .T. ) ;
#261 = EDGE_CURVE ( 'NONE', #750, #3341, #2444, .T. ) ;
#262 = DIRECTION ( 'NONE',  ( 0.0000000000000000000, 0.0000000000000000000, -1.000000000000000000 ) ) ;
#263 = CIRCLE ( 'NONE', #1343, 0.09999999999945426200 ) ;
#264 = EDGE_CURVE ( 'NONE', #5210, #803, #4711, .T. ) ;
#265 = FACE_OUTER_BOUND ( 'NONE', #2194, .T. ) ;
#266 = AXIS2_PLACEMENT_3D ( 'NONE', #3137, #602, #3559 ) ;
#267 = ORIENTED_EDGE ( 'NONE', *, *, #844, .T. ) ;
#268 = VERTEX_POINT ( 'NONE', #153 ) ;
#269 = ADVANCED_FACE ( 'NONE', ( #4567 ), #2691, .F. ) ;
#270 = CARTESIAN_POINT ( 'NONE',  ( 0.1500000000000909500, 0.2000000000000455000, 0.0000000000000000000 ) ) ;
#271 = ADVANCED_FACE ( 'NONE', ( #1464, #1169 ), #1438, .F. ) ;
#272 = EDGE_CURVE ( 'NONE', #3592, #756, #61, .T. ) ;
#273 = ORIENTED_EDGE ( 'NONE', *, *, #4667, .F. ) ;
#274 = ORIENTED_EDGE ( 'NONE', *, *, #3252, .F. ) ;
#275 = AXIS2_PLACEMENT_3D ( 'NONE', #3123, #587, #3546 ) ;
#276 = ORIENTED_EDGE ( 'NONE', *, *, #4429, .T. ) ;
#277 = ORIENTED_EDGE ( 'NONE', *, *, #4570, .T. ) ;
#278 = DIRECTION ( 'NONE',  ( 1.000000000000000000, 3.209939973140663100E-013, 0.0000000000000000000 ) ) ;
#279 = ORIENTED_EDGE ( 'NONE', *, *, #2751, .T. ) ;
#280 = ORIENTED_EDGE ( 'NONE', *, *, #2851, .F. ) ;
#281 = CARTESIAN_POINT ( 'NONE',  ( 0.3499999999999090000, 0.0000000000000000000, 0.1000000000000000100 ) ) ;
#282 = CARTESIAN_POINT ( 'NONE',  ( -0.09999999999990905100, 0.1000000000001364200, 0.1000000000000000100 ) ) ;
#283 = LINE ( 'NONE', #2476, #1546 ) ;
#284 = PLANE ( 'NONE',  #1144 ) ;
#285 = AXIS2_PLACEMENT_3D ( 'NONE', #4110, #1563, #4528 ) ;
#286 = VERTEX_POINT ( 'NONE', #3134 ) ;
#287 = CARTESIAN_POINT ( 'NONE',  ( 1.116666666666626300, -1.315950386854281000E-014, 0.1000000000000000100 ) ) ;
#288 = ORIENTED_EDGE ( 'NONE', *, *, #5141, .T. ) ;
#289 = ORIENTED_EDGE ( 'NONE', *, *, #184, .T. ) ;
#290 = ORIENTED_EDGE ( 'NONE', *, *, #4865, .T. ) ;
#291 = EDGE_CURVE ( 'NONE', #4342, #686, #2311, .T. ) ;
#292 = ORIENTED_EDGE ( 'NONE', *, *, #3740, .F. ) ;
#293 = ADVANCED_FACE ( 'NONE', ( #4440 ), #1021, .F. ) ;
#295 = LINE ( 'NONE', #1040, #3548 ) ;
#294 = PRESENTATION_LAYER_ASSIGNMENT (  '', '', ( #4671 ) ) ;
#296 = CARTESIAN_POINT ( 'NONE',  ( 0.0000000000000000000, 1.400000000000090900, 0.1000000000000000100 ) ) ;
#297 = EDGE_LOOP ( 'NONE', ( #2536, #2814, #3446, #4928 ) ) ;
#298 = VERTEX_POINT ( 'NONE', #3558 ) ;
#299 = DIRECTION ( 'NONE',  ( 0.0000000000000000000, 0.0000000000000000000, 1.000000000000000000 ) ) ;
#300 = DIRECTION ( 'NONE',  ( 1.000000000000000000, 0.0000000000000000000, -0.0000000000000000000 ) ) ;
#301 = DIRECTION ( 'NONE',  ( -0.0000000000000000000, -0.0000000000000000000, -1.000000000000000000 ) ) ;
#302 = EDGE_CURVE ( 'NONE', #1030, #3595, #2184, .T. ) ;
#303 = CARTESIAN_POINT ( 'NONE',  ( 0.7865904606347020600, 0.2279999999998880400, 0.09999999999999999200 ) ) ;
#304 = LINE ( 'NONE', #2685, #4546 ) ;
#305 = CARTESIAN_POINT ( 'NONE',  ( 0.9499999999998181000, 1.100000000000136400, 0.1000000000000000100 ) ) ;
#306 = DIRECTION ( 'NONE',  ( 0.0000000000000000000, -1.000000000000000000, 0.0000000000000000000 ) ) ;
#307 = AXIS2_PLACEMENT_3D ( 'NONE', #4925, #2375, #5340 ) ;
#308 = CARTESIAN_POINT ( 'NONE',  ( 1.008333333333212100, 0.0000000000000000000, 0.1000000000000000100 ) ) ;
#309 = VECTOR ( 'NONE', #5107, 1000.000000000000000 ) ;
#310 = EDGE_CURVE ( 'NONE', #1810, #3924, #5420, .T. ) ;
#311 = CYLINDRICAL_SURFACE ( 'NONE', #4177, 0.1999999999999999600 ) ;
#312 = VERTEX_POINT ( 'NONE', #1034 ) ;
#313 = VECTOR ( 'NONE', #4032, 1000.000000000000000 ) ;
#314 = DIRECTION ( 'NONE',  ( -0.0000000000000000000, -0.0000000000000000000, -1.000000000000000000 ) ) ;
#315 = FACE_OUTER_BOUND ( 'NONE', #2620, .T. ) ;
#316 = FACE_OUTER_BOUND ( 'NONE', #1067, .T. ) ;
#317 = VECTOR ( 'NONE', #3608, 1000.000000000000000 ) ;
#318 = AXIS2_PLACEMENT_3D ( 'NONE', #4481, #1966, #4929 ) ;
#319 = CARTESIAN_POINT ( 'NONE',  ( 0.2500000000006821200, 0.2999999999999545800, -0.1000000000000000100 ) ) ;
#320 = CARTESIAN_POINT ( 'NONE',  ( 1.474999999999909100, 1.300000000000181900, 0.1000000000000000100 ) ) ;
#321 = CYLINDRICAL_SURFACE ( 'NONE', #174, 0.1000000000001364400 ) ;
#322 = DIRECTION ( 'NONE',  ( 0.0000000000000000000, 0.0000000000000000000, 1.000000000000000000 ) ) ;
#323 = CARTESIAN_POINT ( 'NONE',  ( 0.3992425672903017800, 0.2000036276715576900, 0.3200000000000000100 ) ) ;
#324 = CYLINDRICAL_SURFACE ( 'NONE', #557, 0.1000000000000252500 ) ;
#325 = CARTESIAN_POINT ( 'NONE',  ( 1.824999999999818100, 1.400000000000090900, 0.1000000000000000100 ) ) ;
#326 = ADVANCED_FACE ( 'NONE', ( #2063 ), #4432, .F. ) ;
#327 = CARTESIAN_POINT ( 'NONE',  ( 0.5999999999999090500, 1.100000000000136400, 0.1000000000000000100 ) ) ;
#328 = LINE ( 'NONE', #203, #5291 ) ;
#329 = VECTOR ( 'NONE', #735, 1000.000000000000000 ) ;
#330 = CARTESIAN_POINT ( 'NONE',  ( 2.799999999999954500, 1.200000000000045700, 0.1000000000000000100 ) ) ;
#331 = ORIENTED_EDGE ( 'NONE', *, *, #1909, .F. ) ;
#332 = EDGE_CURVE ( 'NONE', #5048, #433, #1051, .T. ) ;
#333 = ORIENTED_EDGE ( 'NONE', *, *, #2535, .F. ) ;
#334 = EDGE_CURVE ( 'NONE', #4465, #2927, #328, .T. ) ;
#335 = CARTESIAN_POINT ( 'NONE',  ( 1.925000000000181900, 0.0000000000000000000, 0.0000000000000000000 ) ) ;
#336 = AXIS2_PLACEMENT_3D ( 'NONE', #4165, #1627, #4585 ) ;
#337 = ORIENTED_EDGE ( 'NONE', *, *, #3412, .F. ) ;
#339 = DIRECTION ( 'NONE',  ( 0.0000000000000000000, 0.0000000000000000000, 1.000000000000000000 ) ) ;
#338 = CARTESIAN_POINT ( 'NONE',  ( 1.024358974359074600, 0.03846153846166089400, 0.1000000000000000100 ) ) ;
#340 = ORIENTED_EDGE ( 'NONE', *, *, #600, .F. ) ;
#341 = CARTESIAN_POINT ( 'NONE',  ( 2.550000000000181900, 0.2000000000002728500, 0.1000000000000000100 ) ) ;
#342 = ORIENTED_EDGE ( 'NONE', *, *, #2851, .T. ) ;
#343 = CARTESIAN_POINT ( 'NONE',  ( 1.475000000000363800, 2.274249582059906200E-013, 0.1000000000000000100 ) ) ;
#344 = ORIENTED_EDGE ( 'NONE', *, *, #561, .F. ) ;
#345 = EDGE_CURVE ( 'NONE', #3539, #1279, #3176, .T. ) ;
#346 = ORIENTED_EDGE ( 'NONE', *, *, #4570, .F. ) ;
#347 = ORIENTED_EDGE ( 'NONE', *, *, #3651, .T. ) ;
#348 =( BOUNDED_CURVE ( )  B_SPLINE_CURVE ( 3, ( #4819, #997, #3970, #2272 ),
 .UNSPECIFIED., .F., .F. ) 
 B_SPLINE_CURVE_WITH_KNOTS ( ( 4, 4 ),
 ( 2.359992588466103900, 3.923192718713480500 ),
 .UNSPECIFIED. ) 
 CURVE ( )  GEOMETRIC_REPRESENTATION_ITEM ( )  RATIONAL_B_SPLINE_CURVE ( ( 1.000000000000000000, 0.8065248903855728500, 0.8065248903855728500, 1.000000000000000000 ) ) 
 REPRESENTATION_ITEM ( '' )  );
#349 = ORIENTED_EDGE ( 'NONE', *, *, #51, .F. ) ;
#350 = DIRECTION ( 'NONE',  ( 0.0000000000000000000, 0.0000000000000000000, 1.000000000000000000 ) ) ;
#351 = ORIENTED_EDGE ( 'NONE', *, *, #1014, .F. ) ;
#352 = AXIS2_PLACEMENT_3D ( 'NONE', #840, #1698, #4654 ) ;
#353 = ADVANCED_FACE ( 'NONE', ( #1931 ), #4043, .T. ) ;
#354 = DIRECTION ( 'NONE',  ( -0.0000000000000000000, -0.0000000000000000000, -1.000000000000000000 ) ) ;
#355 = ORIENTED_EDGE ( 'NONE', *, *, #4774, .T. ) ;
#356 = CARTESIAN_POINT ( 'NONE',  ( 0.5000000000000000000, 0.2000000000000455000, 0.0000000000000000000 ) ) ;
#358 = CARTESIAN_POINT ( 'NONE',  ( 0.7999999999997271500, 0.2999999999999545300, -0.1000000000000000100 ) ) ;
#357 = CARTESIAN_POINT ( 'NONE',  ( 1.825000000000272800, 2.273233142523201100E-013, 0.1000000000000000100 ) ) ;
#359 = VERTEX_POINT ( 'NONE', #515 ) ;
#360 = CARTESIAN_POINT ( 'NONE',  ( 0.6333333333332120700, 1.300000000000181900, 0.1000000000000000100 ) ) ;
#361 = CARTESIAN_POINT ( 'NONE',  ( 0.2280000000002574700, 0.4272389396183969800, 0.1000000000000000100 ) ) ;
#362 = ORIENTED_EDGE ( 'NONE', *, *, #2616, .F. ) ;
#363 = ORIENTED_EDGE ( 'NONE', *, *, #49, .T. ) ;
#364 = DIRECTION ( 'NONE',  ( -1.000000000000000000, 1.568167590513652400E-013, 0.0000000000000000000 ) ) ;
#365 = ORIENTED_EDGE ( 'NONE', *, *, #3833, .F. ) ;
#366 = ORIENTED_EDGE ( 'NONE', *, *, #3602, .F. ) ;
#367 = EDGE_CURVE ( 'NONE', #2341, #4278, #5170, .T. ) ;
#368 = PLANE ( 'NONE',  #816 ) ;
#369 = FACE_BOUND ( 'NONE', #1066, .T. ) ;
#370 = ORIENTED_EDGE ( 'NONE', *, *, #3183, .F. ) ;
#371 = EDGE_CURVE ( 'NONE', #3610, #3186, #4178, .T. ) ;
#372 = ORIENTED_EDGE ( 'NONE', *, *, #1046, .T. ) ;
#373 = CARTESIAN_POINT ( 'NONE',  ( 0.9499999999998181000, 1.100000000000136400, 0.1000000000000000100 ) ) ;
#374 = AXIS2_PLACEMENT_3D ( 'NONE', #4664, #3829, #1277 ) ;
#375 = DIRECTION ( 'NONE',  ( -1.000000000000000000, 0.0000000000000000000, 0.0000000000000000000 ) ) ;
#376 = DIRECTION ( 'NONE',  ( 1.000000000000000000, 0.0000000000000000000, 0.0000000000000000000 ) ) ;
#378 = DIRECTION ( 'NONE',  ( 0.0000000000000000000, 1.000000000000000000, 0.0000000000000000000 ) ) ;
#377 = CARTESIAN_POINT ( 'NONE',  ( 0.1999999999999317900, 0.2000000000001591600, 0.1000000000000000100 ) ) ;
#379 = EDGE_CURVE ( 'NONE', #2419, #3863, #2912, .T. ) ;
#380 = DIRECTION ( 'NONE',  ( 1.000000000000000000, 0.0000000000000000000, 0.0000000000000000000 ) ) ;
#381 = CYLINDRICAL_SURFACE ( 'NONE', #4788, 0.1000000000004683700 ) ;
#382 = CARTESIAN_POINT ( 'NONE',  ( 2.600757432709881000, 1.199996372327866600, 0.4200000000000000400 ) ) ;
#383 = LINE ( 'NONE', #5405, #3359 ) ;
#384 = AXIS2_PLACEMENT_3D ( 'NONE', #2529, #60, #3023 ) ;
#385 =( NAMED_UNIT ( * ) PLANE_ANGLE_UNIT ( ) SI_UNIT ( $, .RADIAN. ) );
#386 = LINE ( 'NONE', #936, #4897 ) ;
#387 = LINE ( 'NONE', #4547, #3766 ) ;
#388 = FACE_OUTER_BOUND ( 'NONE', #2680, .T. ) ;
#389 = VECTOR ( 'NONE', #2588, 1000.000000000000000 ) ;
#390 = AXIS2_PLACEMENT_3D ( 'NONE', #1849, #4811, #2264 ) ;
#391 = ITEM_DEFINED_TRANSFORMATION ( 'NONE', 'NONE', #4466,  #4565 ) ;
#392 = PRESENTATION_STYLE_ASSIGNMENT (( #864 ) ) ;
#393 = VECTOR ( 'NONE', #2388, 1000.000000000000000 ) ;
#394 = LINE ( 'NONE', #4803, #1386 ) ;
#395 = SURFACE_SIDE_STYLE ('',( #2438 ) ) ;
#396 = DIRECTION ( 'NONE',  ( 1.000000000000000000, 0.0000000000000000000, 0.0000000000000000000 ) ) ;
#397 = CIRCLE ( 'NONE', #275, 0.1000000000000255500 ) ;
#398 = AXIS2_PLACEMENT_3D ( 'NONE', #1027, #4001, #1460 ) ;
#399 = CARTESIAN_POINT ( 'NONE',  ( -4.275822317739708100E-015, 0.5250000000000867300, 0.1000000000000000100 ) ) ;
#400 = DIRECTION ( 'NONE',  ( 0.0000000000000000000, 0.0000000000000000000, 1.000000000000000000 ) ) ;
#401 = FACE_OUTER_BOUND ( 'NONE', #3408, .T. ) ;
#403 = DIRECTION ( 'NONE',  ( 0.0000000000000000000, -1.000000000000000000, 0.0000000000000000000 ) ) ;
#402 = CARTESIAN_POINT ( 'NONE',  ( 0.5923076923077134100, 0.1815384615383663900, 0.1000000000000000100 ) ) ;
#404 = CARTESIAN_POINT ( 'NONE',  ( 3.000000000000000000, 1.400000000000090900, 0.1000000000000000100 ) ) ;
#405 = DIRECTION ( 'NONE',  ( -1.000000000000000000, 0.0000000000000000000, 0.0000000000000000000 ) ) ;
#406 = LINE ( 'NONE', #4107, #129 ) ;
#407 = DIRECTION ( 'NONE',  ( -0.0000000000000000000, -0.0000000000000000000, -1.000000000000000000 ) ) ;
#408 = FACE_OUTER_BOUND ( 'NONE', #4727, .T. ) ;
#409 = CARTESIAN_POINT ( 'NONE',  ( 0.7999999999997271500, 1.171999999999570700, 0.09999999999999999200 ) ) ;
#410 = EDGE_CURVE ( 'NONE', #3051, #603, #661, .T. ) ;
#411 = CARTESIAN_POINT ( 'NONE',  ( 0.8833333333332120700, 1.400000000000090900, 0.1000000000000000100 ) ) ;
#412 = ORIENTED_EDGE ( 'NONE', *, *, #2118, .F. ) ;
#413 = ORIENTED_EDGE ( 'NONE', *, *, #5406, .F. ) ;
#414 = AXIS2_PLACEMENT_3D ( 'NONE', #4400, #5247, #2709 ) ;
#415 = DIRECTION ( 'NONE',  ( -0.0000000000000000000, -0.0000000000000000000, -1.000000000000000000 ) ) ;
#416 = ORIENTED_EDGE ( 'NONE', *, *, #1481, .F. ) ;
#417 = ORIENTED_EDGE ( 'NONE', *, *, #1556, .T. ) ;
#418 = EDGE_CURVE ( 'NONE', #4147, #3992, #925, .T. ) ;
#419 = CARTESIAN_POINT ( 'NONE',  ( 0.0000000000000000000, 1.199996372327866600, 0.4200000000000000400 ) ) ;
#420 = VERTEX_POINT ( 'NONE', #3481 ) ;
#421 = AXIS2_PLACEMENT_3D ( 'NONE', #5262, #2315, #2749 ) ;
#422 = VERTEX_POINT ( 'NONE', #2219 ) ;
#423 = DIRECTION ( 'NONE',  ( -0.0000000000000000000, -0.0000000000000000000, 1.000000000000000000 ) ) ;
#424 = CARTESIAN_POINT ( 'NONE',  ( 0.7999999999997271500, 1.180000000000063700, 0.0000000000000000000 ) ) ;
#425 = DIRECTION ( 'NONE',  ( -1.000000000000000000, 0.0000000000000000000, 0.0000000000000000000 ) ) ;
#426 = DIRECTION ( 'NONE',  ( -0.0000000000000000000, -0.0000000000000000000, -1.000000000000000000 ) ) ;
#427 =( BOUNDED_CURVE ( )  B_SPLINE_CURVE ( 3, ( #1076, #3624, #1948, #4910 ),
 .UNSPECIFIED., .F., .F. ) 
 B_SPLINE_CURVE_WITH_KNOTS ( ( 4, 4 ),
 ( 2.359992588465672300, 3.923192718713915700 ),
 .UNSPECIFIED. ) 
 CURVE ( )  GEOMETRIC_REPRESENTATION_ITEM ( )  RATIONAL_B_SPLINE_CURVE ( ( 1.000000000000000000, 0.8065248903853692300, 0.8065248903853692300, 1.000000000000000000 ) ) 
 REPRESENTATION_ITEM ( '' )  );
#428 = VERTEX_POINT ( 'NONE', #4781 ) ;
#429 = CARTESIAN_POINT ( 'NONE',  ( 0.2833333333333030200, 1.300000000000181900, 0.1000000000000000100 ) ) ;
#430 = EDGE_CURVE ( 'NONE', #1906, #971, #4908, .T. ) ;
#431 = LINE ( 'NONE', #308, #4804 ) ;
#432 = EDGE_LOOP ( 'NONE', ( #2402, #694, #1003, #3948 ) ) ;
#433 = VERTEX_POINT ( 'NONE', #963 ) ;
#434 = PRESENTATION_LAYER_ASSIGNMENT (  '', '', ( #5357 ) ) ;
#435 = ORIENTED_EDGE ( 'NONE', *, *, #5339, .F. ) ;
#436 = ORIENTED_EDGE ( 'NONE', *, *, #4919, .F. ) ;
#437 = CARTESIAN_POINT ( 'NONE',  ( -2.037878165972969400E-014, 0.2279999999998177400, 0.1000000000000000100 ) ) ;
#438 = DIRECTION ( 'NONE',  ( 0.08682659386416474700, -0.08682659386424841600, -0.9924325091389741800 ) ) ;
#439 = ORIENTED_EDGE ( 'NONE', *, *, #3273, .T. ) ;
#440 = DIRECTION ( 'NONE',  ( -0.0000000000000000000, -1.000000000000000000, -0.0000000000000000000 ) ) ;
#441 = FILL_AREA_STYLE ('',( #2974 ) ) ;
#442 = LINE ( 'NONE', #5251, #3680 ) ;
#443 = CARTESIAN_POINT ( 'NONE',  ( -0.09999999999993843000, 1.400000000000120300, 0.0000000000000000000 ) ) ;
#444 = ORIENTED_EDGE ( 'NONE', *, *, #1112, .F. ) ;
#445 = ORIENTED_EDGE ( 'NONE', *, *, #4014, .T. ) ;
#446 = AXIS2_PLACEMENT_3D ( 'NONE', #3942, #4791, #2247 ) ;
#447 = CARTESIAN_POINT ( 'NONE',  ( 2.799996372328230200, 0.3992425672901036000, 0.3200000000000000100 ) ) ;
#448 = VECTOR ( 'NONE', #5212, 1000.000000000000000 ) ;
#449 = EDGE_CURVE ( 'NONE', #4396, #1494, #4295, .T. ) ;
#450 = EDGE_CURVE ( 'NONE', #3130, #286, #1660, .T. ) ;
#451 = LINE ( 'NONE', #2145, #309 ) ;
#452 = CARTESIAN_POINT ( 'NONE',  ( 1.824999999999818100, 1.300000000000181900, 0.0000000000000000000 ) ) ;
#454 = DIRECTION ( 'NONE',  ( 1.000000000000000000, 0.0000000000000000000, 0.0000000000000000000 ) ) ;
#453 = AXIS2_PLACEMENT_3D ( 'NONE', #1186, #3743, #5025 ) ;
#455 = COLOUR_RGB ( '',1.000000000000000000, 1.000000000000000000, 0.5019607843137254800 ) ;
#456 = ORIENTED_EDGE ( 'NONE', *, *, #4034, .T. ) ;
#457 = LINE ( 'NONE', #190, #2570 ) ;
#458 = EDGE_CURVE ( 'NONE', #4922, #869, #530, .T. ) ;
#459 = FILL_AREA_STYLE_COLOUR ( '', #56 ) ;
#460 = CARTESIAN_POINT ( 'NONE',  ( 2.574263094336307400, 0.9742630943359433800, 0.1345994752125250200 ) ) ;
#461 = CARTESIAN_POINT ( 'NONE',  ( 2.799999999999727200, 1.300000000000182100, 0.1000000000000000100 ) ) ;
#462 = VECTOR ( 'NONE', #1809, 1000.000000000000000 ) ;
#463 = CARTESIAN_POINT ( 'NONE',  ( 0.2499999999999705800, 1.400000000000120300, 0.0000000000000000000 ) ) ;
#464 = VECTOR ( 'NONE', #2910, 1000.000000000000000 ) ;
#465 = CYLINDRICAL_SURFACE ( 'NONE', #1727, 0.2000000000000002100 ) ;
#466 = DIRECTION ( 'NONE',  ( 1.000000000000000000, 0.0000000000000000000, 0.0000000000000000000 ) ) ;
#467 = FACE_OUTER_BOUND ( 'NONE', #3050, .T. ) ;
#468 = VECTOR ( 'NONE', #4794, 1000.000000000000000 ) ;
#469 = AXIS2_PLACEMENT_3D ( 'NONE', #472, #1310, #3857 ) ;
#470 = VECTOR ( 'NONE', #110, 1000.000000000000000 ) ;
#471 = VECTOR ( 'NONE', #4978, 1000.000000000000000 ) ;
#472 = CARTESIAN_POINT ( 'NONE',  ( 0.8000000000000596600, 1.100000000000031400, 0.1000000000000000100 ) ) ;
#473 = ORIENTED_EDGE ( 'NONE', *, *, #1083, .T. ) ;
#474 = DIRECTION ( 'NONE',  ( -0.0000000000000000000, -0.0000000000000000000, -1.000000000000000000 ) ) ;
#475 = DIRECTION ( 'NONE',  ( 1.000000000000000000, 0.0000000000000000000, 0.0000000000000000000 ) ) ;
#476 = CARTESIAN_POINT ( 'NONE',  ( -1.355252715606880500E-017, 0.8750000000000000000, 0.0000000000000000000 ) ) ;
#477 = ORIENTED_EDGE ( 'NONE', *, *, #1296, .F. ) ;
#478 = DIRECTION ( 'NONE',  ( -0.0000000000000000000, -0.0000000000000000000, -1.000000000000000000 ) ) ;
#479 = DIRECTION ( 'NONE',  ( -0.0000000000000000000, -0.0000000000000000000, -1.000000000000000000 ) ) ;
#480 = EDGE_CURVE ( 'NONE', #5336, #4800, #3915, .T. ) ;
#481 = CARTESIAN_POINT ( 'NONE',  ( 2.900000000000090900, 0.8750000000000000000, 0.1000000000000000100 ) ) ;
#482 = ORIENTED_EDGE ( 'NONE', *, *, #1104, .T. ) ;
#483 = ORIENTED_EDGE ( 'NONE', *, *, #302, .T. ) ;
#484 = ORIENTED_EDGE ( 'NONE', *, *, #632, .T. ) ;
#485 = DIRECTION ( 'NONE',  ( 1.000000000000000000, 0.0000000000000000000, 0.0000000000000000000 ) ) ;
#486 = ORIENTED_EDGE ( 'NONE', *, *, #4095, .F. ) ;
#487 = AXIS2_PLACEMENT_3D ( 'NONE', #377, #4602, #3338 ) ;
#488 = VERTEX_POINT ( 'NONE', #1425 ) ;
#489 = ORIENTED_EDGE ( 'NONE', *, *, #1723, .T. ) ;
#490 = DIRECTION ( 'NONE',  ( 1.000000000000000000, 0.0000000000000000000, 0.0000000000000000000 ) ) ;
#491 = ORIENTED_EDGE ( 'NONE', *, *, #5271, .T. ) ;
#492 = EDGE_CURVE ( 'NONE', #2552, #1968, #397, .T. ) ;
#493 = ORIENTED_EDGE ( 'NONE', *, *, #2495, .F. ) ;
#494 =( GEOMETRIC_REPRESENTATION_CONTEXT ( 3 ) GLOBAL_UNCERTAINTY_ASSIGNED_CONTEXT ( ( #5337 ) ) GLOBAL_UNIT_ASSIGNED_CONTEXT ( ( #2114, #6, #2973 ) ) REPRESENTATION_CONTEXT ( 'NONE', 'WORKASPACE' ) );
#495 = CARTESIAN_POINT ( 'NONE',  ( 0.0000000000000000000, 0.6250000000000000000, 0.1000000000000000100 ) ) ;
#496 = APPLICATION_CONTEXT ( 'automotive_design' ) ;
#497 = CARTESIAN_POINT ( 'NONE',  ( 2.799999999999840800, 0.2000000000003864800, 0.1000000000000000100 ) ) ;
#498 = PRODUCT_DEFINITION_SHAPE ( 'NONE', 'NONE',  #671 ) ;
#499 = ORIENTED_EDGE ( 'NONE', *, *, #1886, .T. ) ;
#500 = EDGE_CURVE ( 'NONE', #1964, #1555, #2649, .T. ) ;
#501 = EDGE_LOOP ( 'NONE', ( #4133, #4008, #1808, #1269 ) ) ;
#502 = ORIENTED_EDGE ( 'NONE', *, *, #367, .F. ) ;
#503 = EDGE_LOOP ( 'NONE', ( #3955, #5056, #2933, #4888, #3860, #951, #3220, #1013 ) ) ;
#504 = ORIENTED_EDGE ( 'NONE', *, *, #4095, .T. ) ;
#505 = ORIENTED_EDGE ( 'NONE', *, *, #5396, .F. ) ;
#506 = AXIS2_PLACEMENT_3D ( 'NONE', #4707, #2166, #5134 ) ;
#507 =( LENGTH_UNIT ( ) NAMED_UNIT ( * ) SI_UNIT ( .MILLI., .METRE. ) );
#508 = VECTOR ( 'NONE', #4057, 1000.000000000000000 ) ;
#509 = ORIENTED_EDGE ( 'NONE', *, *, #800, .F. ) ;
#510 = ORIENTED_EDGE ( 'NONE', *, *, #1762, .F. ) ;
#511 = APPLICATION_PROTOCOL_DEFINITION ( 'draft international standard', 'automotive_design', 1998, #3439 ) ;
#512 = CARTESIAN_POINT ( 'NONE',  ( 2.449999999999818100, 1.300000000000181900, 0.1000000000000000100 ) ) ;
#513 = CARTESIAN_POINT ( 'NONE',  ( 0.2280000000009749800, 1.171999999999570700, 0.0000000000000000000 ) ) ;
#514 = DIRECTION ( 'NONE',  ( 0.0000000000000000000, 1.000000000000000000, 0.0000000000000000000 ) ) ;
#515 = CARTESIAN_POINT ( 'NONE',  ( 1.574999999999818300, 1.400000000000090900, 0.0000000000000000000 ) ) ;
#516 = CYLINDRICAL_SURFACE ( 'NONE', #4217, 0.1000000000003636900 ) ;
#517 = VECTOR ( 'NONE', #1530, 1000.000000000000000 ) ;
#518 = CARTESIAN_POINT ( 'NONE',  ( 2.771999999999934500, 0.0000000000000000000, 0.09999999999999999200 ) ) ;
#519 = EDGE_CURVE ( 'NONE', #546, #5301, #2516, .T. ) ;
#520 = FACE_OUTER_BOUND ( 'NONE', #1744, .T. ) ;
#521 = VECTOR ( 'NONE', #1566, 1000.000000000000000 ) ;
#522 =( BOUNDED_CURVE ( )  B_SPLINE_CURVE ( 3, ( #1295, #2580, #3428, #2039 ),
 .UNSPECIFIED., .F., .F. ) 
 B_SPLINE_CURVE_WITH_KNOTS ( ( 4, 4 ),
 ( 2.359992588465626100, 3.923192718713957900 ),
 .UNSPECIFIED. ) 
 CURVE ( )  GEOMETRIC_REPRESENTATION_ITEM ( )  RATIONAL_B_SPLINE_CURVE ( ( 1.000000000000000000, 0.8065248903853485800, 0.8065248903853485800, 1.000000000000000000 ) ) 
 REPRESENTATION_ITEM ( '' )  );
#523 = LINE ( 'NONE', #402, #4494 ) ;
#524 = SURFACE_STYLE_USAGE ( .BOTH. , #3053 ) ;
#525 = VECTOR ( 'NONE', #3378, 1000.000000000000000 ) ;
#526 = VECTOR ( 'NONE', #405, 1000.000000000000000 ) ;
#527 = LINE ( 'NONE', #5333, #4905 ) ;
#528 = EDGE_CURVE ( 'NONE', #2203, #1907, #259, .T. ) ;
#529 = PLANE ( 'NONE',  #100 ) ;
#530 = LINE ( 'NONE', #139, #1520 ) ;
#531 = DIRECTION ( 'NONE',  ( -0.0000000000000000000, -0.0000000000000000000, -1.000000000000000000 ) ) ;
#532 = CARTESIAN_POINT ( 'NONE',  ( 0.4999999999996680400, 0.2199999999996843100, 0.1000000000000000100 ) ) ;
#533 = PLANE ( 'NONE',  #3916 ) ;
#534 = VECTOR ( 'NONE', #4240, 1000.000000000000000 ) ;
#535 = ORIENTED_EDGE ( 'NONE', *, *, #2423, .T. ) ;
#536 = VECTOR ( 'NONE', #2890, 1000.000000000000000 ) ;
#537 = AXIS2_PLACEMENT_3D ( 'NONE', #5416, #1185, #4914 ) ;
#538 = CARTESIAN_POINT ( 'NONE',  ( 0.7999999999997271500, 0.3000000000000682100, 0.09999999999999999200 ) ) ;
#539 = ORIENTED_EDGE ( 'NONE', *, *, #4351, .T. ) ;
#540 = ORIENTED_EDGE ( 'NONE', *, *, #4489, .T. ) ;
#541 = DIRECTION ( 'NONE',  ( -1.000000000000000000, 0.0000000000000000000, 0.0000000000000000000 ) ) ;
#542 = DIRECTION ( 'NONE',  ( -0.0000000000000000000, 1.000000000000000000, -0.0000000000000000000 ) ) ;
#543 = DIRECTION ( 'NONE',  ( -1.000000000000000000, 0.0000000000000000000, 0.0000000000000000000 ) ) ;
#544 = VERTEX_POINT ( 'NONE', #5250 ) ;
#545 = CARTESIAN_POINT ( 'NONE',  ( 3.000000000000000000, 1.400000000000090900, 0.0000000000000000000 ) ) ;
#546 = VERTEX_POINT ( 'NONE', #2289 ) ;
#547 = DIRECTION ( 'NONE',  ( 1.000000000000000000, 0.0000000000000000000, 0.0000000000000000000 ) ) ;
#548 = DIRECTION ( 'NONE',  ( -1.000000000000000000, 0.0000000000000000000, 0.0000000000000000000 ) ) ;
#549 = EDGE_CURVE ( 'NONE', #2102, #75, #124, .T. ) ;
#550 = VERTEX_POINT ( 'NONE', #3566 ) ;
#551 = DIRECTION ( 'NONE',  ( -0.0000000000000000000, -0.0000000000000000000, -1.000000000000000000 ) ) ;
#552 = VERTEX_POINT ( 'NONE', #1462 ) ;
#553 = EDGE_CURVE ( 'NONE', #2665, #3199, #3499, .T. ) ;
#554 = ORIENTED_EDGE ( 'NONE', *, *, #729, .F. ) ;
#555 = DIRECTION ( 'NONE',  ( 1.000000000000000000, -0.0000000000000000000, -0.0000000000000000000 ) ) ;
#556 = DIRECTION ( 'NONE',  ( 0.0000000000000000000, 0.0000000000000000000, 1.000000000000000000 ) ) ;
#557 = AXIS2_PLACEMENT_3D ( 'NONE', #1398, #3099, #2250 ) ;
#558 = FACE_OUTER_BOUND ( 'NONE', #4514, .T. ) ;
#559 = CARTESIAN_POINT ( 'NONE',  ( 0.2000036276719347500, 0.3992425672900987700, 0.3200000000000000100 ) ) ;
#560 = EDGE_LOOP ( 'NONE', ( #2386, #4325, #554, #2099, #136, #3072, #1666, #1140 ) ) ;
#561 = EDGE_CURVE ( 'NONE', #1103, #1754, #3369, .T. ) ;
#562 = VERTEX_POINT ( 'NONE', #2304 ) ;
#563 = ORIENTED_EDGE ( 'NONE', *, *, #2062, .T. ) ;
#564 = ORIENTED_EDGE ( 'NONE', *, *, #2180, .T. ) ;
#565 = CARTESIAN_POINT ( 'NONE',  ( 0.2500000000000000000, 1.300000000000181900, 0.1000000000000000100 ) ) ;
#566 = VERTEX_POINT ( 'NONE', #907 ) ;
#567 = DIRECTION ( 'NONE',  ( 0.0000000000000000000, 0.0000000000000000000, 1.000000000000000000 ) ) ;
#568 = AXIS2_PLACEMENT_3D ( 'NONE', #2714, #175, #3141 ) ;
#569 = CARTESIAN_POINT ( 'NONE',  ( -0.05000000000018189900, 1.100000000000136400, -0.1000000000000000100 ) ) ;
#570 = CARTESIAN_POINT ( 'NONE',  ( 0.9423076923076223500, 0.1815384615383663600, 0.0000000000000000000 ) ) ;
#571 = CIRCLE ( 'NONE', #1672, 0.09999999999992220700 ) ;
#572 = ORIENTED_EDGE ( 'NONE', *, *, #418, .T. ) ;
#573 = ORIENTED_EDGE ( 'NONE', *, *, #4949, .F. ) ;
#574 = DIRECTION ( 'NONE',  ( -0.0000000000000000000, -0.0000000000000000000, -1.000000000000000000 ) ) ;
#575 = DIRECTION ( 'NONE',  ( -0.0000000000000000000, -0.0000000000000000000, -1.000000000000000000 ) ) ;
#576 = AXIS2_PLACEMENT_3D ( 'NONE', #3658, #2801, #4090 ) ;
#577 = LINE ( 'NONE', #1701, #2698 ) ;
#578 = EDGE_CURVE ( 'NONE', #93, #2420, #3294, .T. ) ;
#579 = DIRECTION ( 'NONE',  ( 0.9230769230771965800, -0.3846153846147282200, 0.0000000000000000000 ) ) ;
#580 = ADVANCED_FACE ( 'NONE', ( #1108 ), #4374, .T. ) ;
#581 = DIRECTION ( 'NONE',  ( -0.0000000000000000000, -0.0000000000000000000, -1.000000000000000000 ) ) ;
#582 = DIRECTION ( 'NONE',  ( -1.000000000000000000, 0.0000000000000000000, 0.0000000000000000000 ) ) ;
#583 = CIRCLE ( 'NONE', #2611, 0.09999999999993845800 ) ;
#584 = DIRECTION ( 'NONE',  ( -1.000000000000000000, 0.0000000000000000000, 0.0000000000000000000 ) ) ;
#585 = ORIENTED_EDGE ( 'NONE', *, *, #5054, .T. ) ;
#586 = CYLINDRICAL_SURFACE ( 'NONE', #681, 0.09999999999990767700 ) ;
#587 = DIRECTION ( 'NONE',  ( 0.0000000000000000000, 0.0000000000000000000, -1.000000000000000000 ) ) ;
#588 = CARTESIAN_POINT ( 'NONE',  ( 1.250000000000000000, 0.2000000000000455000, 0.0000000000000000000 ) ) ;
#589 = MECHANICAL_DESIGN_GEOMETRIC_PRESENTATION_REPRESENTATION (  '', ( #4671 ), #870 ) ;
#590 = LINE ( 'NONE', #3476, #2831 ) ;
#591 = LINE ( 'NONE', #1616, #3838 ) ;
#592 = UNCERTAINTY_MEASURE_WITH_UNIT (LENGTH_MEASURE( 1.000000000000000100E-005 ), #1911, 'distance_accuracy_value', 'NONE');
#593 = DIRECTION ( 'NONE',  ( 1.000000000000000000, 0.0000000000000000000, 0.0000000000000000000 ) ) ;
#594 = CARTESIAN_POINT ( 'NONE',  ( 0.0000000000000000000, 0.0000000000000000000, 0.09999999999999999200 ) ) ;
#595 = CIRCLE ( 'NONE', #3684, 0.1999999999999317900 ) ;
#596 = EDGE_CURVE ( 'NONE', #4753, #422, #1, .T. ) ;
#597 = FACE_OUTER_BOUND ( 'NONE', #5074, .T. ) ;
#598 = CYLINDRICAL_SURFACE ( 'NONE', #3330, 0.2000000000000002100 ) ;
#599 = FACE_OUTER_BOUND ( 'NONE', #1488, .T. ) ;
#600 = EDGE_CURVE ( 'NONE', #803, #3013, #2374, .T. ) ;
#601 = DIRECTION ( 'NONE',  ( -0.0000000000000000000, -0.0000000000000000000, -1.000000000000000000 ) ) ;
#602 = DIRECTION ( 'NONE',  ( 0.0000000000000000000, 0.0000000000000000000, 1.000000000000000000 ) ) ;
#603 = VERTEX_POINT ( 'NONE', #2204 ) ;
#604 = CARTESIAN_POINT ( 'NONE',  ( 0.5000000000000000000, 0.0000000000000000000, 0.1000000000000000100 ) ) ;
#605 = CARTESIAN_POINT ( 'NONE',  ( 0.8076923076923776500, 1.218461538461724600, 0.1000000000000000100 ) ) ;
#606 = CARTESIAN_POINT ( 'NONE',  ( 1.116666666666788200, 0.09999999999990906400, 0.0000000000000000000 ) ) ;
#607 = ORIENTED_EDGE ( 'NONE', *, *, #4455, .F. ) ;
#608 = AXIS2_PLACEMENT_3D ( 'NONE', #1568, #4532, #2004 ) ;
#609 = CARTESIAN_POINT ( 'NONE',  ( 0.2000036276726269400, 1.117651759453030900, 0.3200000000000000100 ) ) ;
#610 = VERTEX_POINT ( 'NONE', #86 ) ;
#611 = ADVANCED_FACE ( 'NONE', ( #3238 ), #3049, .F. ) ;
#612 = ORIENTED_EDGE ( 'NONE', *, *, #1767, .T. ) ;
#613 = ORIENTED_EDGE ( 'NONE', *, *, #2888, .F. ) ;
#614 = ORIENTED_EDGE ( 'NONE', *, *, #4984, .F. ) ;
#615 = ORIENTED_EDGE ( 'NONE', *, *, #3823, .T. ) ;
#616 = ORIENTED_EDGE ( 'NONE', *, *, #1743, .T. ) ;
#617 = DIRECTION ( 'NONE',  ( 0.0000000000000000000, 0.0000000000000000000, 1.000000000000000000 ) ) ;
#618 = EDGE_LOOP ( 'NONE', ( #436, #4348, #2342, #2325, #4985, #4154, #939, #225, #634, #1812, #2524, #4457, #4066, #92, #2525, #5455, #1062, #2595, #2879, #4055, #2222, #3746, #3796 ) ) ;
#619 = DIRECTION ( 'NONE',  ( -1.000000000000000000, 0.0000000000000000000, 0.0000000000000000000 ) ) ;
#620 = PLANE ( 'NONE',  #2389 ) ;
#621 = CARTESIAN_POINT ( 'NONE',  ( 0.0000000000000000000, 0.0000000000000000000, 0.4200000000000000400 ) ) ;
#622 = CARTESIAN_POINT ( 'NONE',  ( 2.449999999999818100, 1.300000000000181900, 0.0000000000000000000 ) ) ;
#623 = ORIENTED_EDGE ( 'NONE', *, *, #3150, .F. ) ;
#624 = EDGE_CURVE ( 'NONE', #3074, #179, #2249, .T. ) ;
#625 = EDGE_CURVE ( 'NONE', #1739, #833, #4246, .T. ) ;
#626 = ORIENTED_EDGE ( 'NONE', *, *, #4140, .T. ) ;
#627 = AXIS2_PLACEMENT_3D ( 'NONE', #1198, #4187, #1648 ) ;
#628 = VERTEX_POINT ( 'NONE', #538 ) ;
#629 = VERTEX_POINT ( 'NONE', #3068 ) ;
#630 = DIRECTION ( 'NONE',  ( 2.841964944626982800E-013, -1.000000000000000000, 0.0000000000000000000 ) ) ;
#631 = ORIENTED_EDGE ( 'NONE', *, *, #3711, .F. ) ;
#632 = EDGE_CURVE ( 'NONE', #1149, #1557, #3115, .T. ) ;
#633 = ORIENTED_EDGE ( 'NONE', *, *, #3856, .F. ) ;
#634 = ORIENTED_EDGE ( 'NONE', *, *, #5064, .F. ) ;
#635 = ADVANCED_FACE ( 'NONE', ( #5234 ), #1388, .T. ) ;
#636 = CARTESIAN_POINT ( 'NONE',  ( 2.649999999999636200, 0.8750000000000001100, 0.0000000000000000000 ) ) ;
#637 = ADVANCED_FACE ( 'NONE', ( #2982 ), #965, .T. ) ;
#638 = CARTESIAN_POINT ( 'NONE',  ( -0.2500000000000000000, 0.5250000000000909500, 0.1000000000000000100 ) ) ;
#639 = DIRECTION ( 'NONE',  ( -0.08715574274765836000, 0.0000000000000000000, -0.9961946980917455500 ) ) ;
#640 = FACE_OUTER_BOUND ( 'NONE', #1753, .T. ) ;
#641 = ORIENTED_EDGE ( 'NONE', *, *, #940, .T. ) ;
#642 = ORIENTED_EDGE ( 'NONE', *, *, #1661, .T. ) ;
#643 = DIRECTION ( 'NONE',  ( -9.634353732941982200E-013, -1.000000000000000000, -0.0000000000000000000 ) ) ;
#644 = CARTESIAN_POINT ( 'NONE',  ( 2.075000000000727600, 0.0000000000000000000, 0.0000000000000000000 ) ) ;
#645 = LINE ( 'NONE', #137, #2763 ) ;
#646 = LINE ( 'NONE', #4488, #1649 ) ;
#647 = DIRECTION ( 'NONE',  ( 1.000000000000000000, 0.0000000000000000000, 0.0000000000000000000 ) ) ;
#648 = CIRCLE ( 'NONE', #2150, 0.1000000000001363300 ) ;
#649 = FACE_OUTER_BOUND ( 'NONE', #2336, .T. ) ;
#650 = FACE_OUTER_BOUND ( 'NONE', #5383, .T. ) ;
#651 = LINE ( 'NONE', #4649, #2770 ) ;
#652 = EDGE_CURVE ( 'NONE', #1031, #2999, #860, .T. ) ;
#653 = DIRECTION ( 'NONE',  ( -0.0000000000000000000, -0.0000000000000000000, -1.000000000000000000 ) ) ;
#654 = CARTESIAN_POINT ( 'NONE',  ( -0.3499999999999090500, 0.8750000000000000000, 0.0000000000000000000 ) ) ;
#655 = DIRECTION ( 'NONE',  ( -0.08682659386424779200, -0.08682659386424777800, -0.9924325091389669700 ) ) ;
#656 = EDGE_CURVE ( 'NONE', #2478, #433, #994, .T. ) ;
#657 = VECTOR ( 'NONE', #3775, 1000.000000000000000 ) ;
#658 = VECTOR ( 'NONE', #241, 1000.000000000000000 ) ;
#659 = DIRECTION ( 'NONE',  ( 1.000000000000000000, 0.0000000000000000000, 0.0000000000000000000 ) ) ;
#660 = AXIS2_PLACEMENT_3D ( 'NONE', #4700, #2162, #5129 ) ;
#661 = LINE ( 'NONE', #1798, #2776 ) ;
#662 = DIRECTION ( 'NONE',  ( -0.0000000000000000000, -0.0000000000000000000, -1.000000000000000000 ) ) ;
#663 = DIRECTION ( 'NONE',  ( -1.000000000000000000, 0.0000000000000000000, 0.0000000000000000000 ) ) ;
#664 = COLOUR_RGB ( '',1.000000000000000000, 1.000000000000000000, 1.000000000000000000 ) ;
#665 = ADVANCED_FACE ( 'NONE', ( #722 ), #4969, .F. ) ;
#666 = CIRCLE ( 'NONE', #4747, 0.09999999999945426200 ) ;
#667 = CARTESIAN_POINT ( 'NONE',  ( 0.2280000000009749800, 1.171999999999570700, 0.0000000000000000000 ) ) ;
#668 = ADVANCED_FACE ( 'NONE', ( #5103 ), #2708, .T. ) ;
#669 = EDGE_CURVE ( 'NONE', #5266, #3208, #2835, .T. ) ;
#670 = VECTOR ( 'NONE', #770, 1000.000000000000000 ) ;
#671 = PRODUCT_DEFINITION ( '未知', '', #2655, #3871 ) ;
#672 = VERTEX_POINT ( 'NONE', #3973 ) ;
#673 = ORIENTED_EDGE ( 'NONE', *, *, #3651, .F. ) ;
#674 = CARTESIAN_POINT ( 'NONE',  ( 3.000000000000000000, 0.6249999999995452500, 0.1000000000000000100 ) ) ;
#675 = DIRECTION ( 'NONE',  ( 1.000000000000000000, 0.0000000000000000000, 0.0000000000000000000 ) ) ;
#676 = EDGE_LOOP ( 'NONE', ( #2011, #477, #4519, #2079 ) ) ;
#677 = ORIENTED_EDGE ( 'NONE', *, *, #4629, .F. ) ;
#678 = CARTESIAN_POINT ( 'NONE',  ( 2.900000000000090900, 0.2000000000002728800, 0.0000000000000000000 ) ) ;
#679 = ORIENTED_EDGE ( 'NONE', *, *, #5444, .T. ) ;
#680 = FILL_AREA_STYLE ('',( #248 ) ) ;
#681 = AXIS2_PLACEMENT_3D ( 'NONE', #3545, #2288, #584 ) ;
#682 = CARTESIAN_POINT ( 'NONE',  ( 0.3916666666668789400, 1.400000000000090900, 0.1000000000000000100 ) ) ;
#683 = ORIENTED_EDGE ( 'NONE', *, *, #230, .T. ) ;
#684 = ORIENTED_EDGE ( 'NONE', *, *, #3670, .F. ) ;
#685 = DIRECTION ( 'NONE',  ( -1.000000000000000000, 0.0000000000000000000, 0.0000000000000000000 ) ) ;
#686 = VERTEX_POINT ( 'NONE', #1863 ) ;
#687 = EDGE_CURVE ( 'NONE', #5329, #5192, #595, .T. ) ;
#688 = CIRCLE ( 'NONE', #608, 0.1999999999999317900 ) ;
#689 = ADVANCED_FACE ( 'NONE', ( #1587 ), #2575, .F. ) ;
#690 = EDGE_LOOP ( 'NONE', ( #4024, #812, #1529, #3616 ) ) ;
#691 = ADVANCED_FACE ( 'NONE', ( #3843 ), #321, .T. ) ;
#692 = CARTESIAN_POINT ( 'NONE',  ( 0.5333333333333030200, 1.400000000000090900, 0.1000000000000000100 ) ) ;
#693 = STYLED_ITEM ( 'NONE', ( #3974 ), #3215 ) ;
#694 = ORIENTED_EDGE ( 'NONE', *, *, #973, .F. ) ;
#695 = ORIENTED_EDGE ( 'NONE', *, *, #3150, .T. ) ;
#696 = ORIENTED_EDGE ( 'NONE', *, *, #1536, .F. ) ;
#697 = CARTESIAN_POINT ( 'NONE',  ( 0.5999999999997953600, 0.3000000000000682100, 0.1000000000000000100 ) ) ;
#698 = VERTEX_POINT ( 'NONE', #606 ) ;
#699 = ORIENTED_EDGE ( 'NONE', *, *, #1437, .T. ) ;
#700 = EDGE_CURVE ( 'NONE', #947, #3051, #3702, .T. ) ;
#701 = CARTESIAN_POINT ( 'NONE',  ( 0.1985015937177968000, 1.002259466664428400, 0.4371683266629606800 ) ) ;
#702 = CARTESIAN_POINT ( 'NONE',  ( 0.2833333333333030200, 1.300000000000181900, 0.0000000000000000000 ) ) ;
#703 = AXIS2_PLACEMENT_3D ( 'NONE', #1599, #4558, #2033 ) ;
#704 = PLANE ( 'NONE',  #890 ) ;
#705 = LINE ( 'NONE', #5044, #4086 ) ;
#706 = VERTEX_POINT ( 'NONE', #1730 ) ;
#707 = EDGE_CURVE ( 'NONE', #2944, #3805, #4840, .T. ) ;
#708 = CARTESIAN_POINT ( 'NONE',  ( 1.250000000000001600, 1.100000000000135100, 0.0000000000000000000 ) ) ;
#709 = DIRECTION ( 'NONE',  ( 0.0000000000000000000, 0.0000000000000000000, 1.000000000000000000 ) ) ;
#710 = VECTOR ( 'NONE', #423, 1000.000000000000000 ) ;
#711 = MECHANICAL_DESIGN_GEOMETRIC_PRESENTATION_REPRESENTATION (  '', ( #5357 ), #1000 ) ;
#712 = CARTESIAN_POINT ( 'NONE',  ( 0.1500000000005457000, 1.400000000000090900, 0.1000000000000000100 ) ) ;
#713 = DIRECTION ( 'NONE',  ( -0.9961946980917382200, 0.0000000000000000000, -0.08715574274774165500 ) ) ;
#714 = SURFACE_STYLE_FILL_AREA ( #4018 ) ;
#715 = VECTOR ( 'NONE', #4243, 1000.000000000000000 ) ;
#716 = ORIENTED_EDGE ( 'NONE', *, *, #2823, .F. ) ;
#717 = FACE_OUTER_BOUND ( 'NONE', #4821, .T. ) ;
#718 = CARTESIAN_POINT ( 'NONE',  ( 0.7416666666667879300, 1.400000000000090900, 0.1000000000000000100 ) ) ;
#719 = ADVANCED_FACE ( 'NONE', ( #1457 ), #4561, .T. ) ;
#720 = DIRECTION ( 'NONE',  ( 0.0000000000000000000, -1.000000000000000000, 0.0000000000000000000 ) ) ;
#721 = CIRCLE ( 'NONE', #4823, 0.09999999999945426200 ) ;
#722 = FACE_OUTER_BOUND ( 'NONE', #798, .T. ) ;
#723 = SURFACE_STYLE_FILL_AREA ( #863 ) ;
#724 = VECTOR ( 'NONE', #2674, 1000.000000000000000 ) ;
#725 = EDGE_CURVE ( 'NONE', #4933, #672, #186, .T. ) ;
#726 = FILL_AREA_STYLE ('',( #2829 ) ) ;
#727 = VECTOR ( 'NONE', #4216, 1000.000000000000000 ) ;
#728 = DIRECTION ( 'NONE',  ( 0.0000000000000000000, 0.0000000000000000000, -1.000000000000000000 ) ) ;
#729 = EDGE_CURVE ( 'NONE', #3719, #3455, #3573, .T. ) ;
#730 = VECTOR ( 'NONE', #2395, 1000.000000000000000 ) ;
#731 = CARTESIAN_POINT ( 'NONE',  ( -0.1500000000000909500, 1.300000000000181900, 0.1000000000000000100 ) ) ;
#732 = PRESENTATION_LAYER_ASSIGNMENT (  '', '', ( #1017 ) ) ;
#733 = CARTESIAN_POINT ( 'NONE',  ( 0.3756410256410163100, 1.361538461538657400, 0.0000000000000000000 ) ) ;
#734 = ORIENTED_EDGE ( 'NONE', *, *, #302, .F. ) ;
#735 = DIRECTION ( 'NONE',  ( -1.000000000000000000, -0.0000000000000000000, -0.0000000000000000000 ) ) ;
#736 = DIRECTION ( 'NONE',  ( -1.000000000000000000, 0.0000000000000000000, 0.0000000000000000000 ) ) ;
#737 = CARTESIAN_POINT ( 'NONE',  ( 0.3916666666668789400, 1.400000000000090900, 0.1000000000000000100 ) ) ;
#738 = EDGE_CURVE ( 'NONE', #4880, #3517, #1311, .T. ) ;
#739 = ORIENTED_EDGE ( 'NONE', *, *, #5470, .F. ) ;
#740 = VERTEX_POINT ( 'NONE', #2186 ) ;
#741 = ORIENTED_EDGE ( 'NONE', *, *, #1879, .F. ) ;
#742 = STYLED_ITEM ( 'NONE', ( #4433 ), #744 ) ;
#743 = VERTEX_POINT ( 'NONE', #3436 ) ;
#744 = ADVANCED_FACE ( 'NONE', ( #467 ), #1970, .T. ) ;
#745 = DIRECTION ( 'NONE',  ( -1.000000000000000000, 0.0000000000000000000, 0.0000000000000000000 ) ) ;
#746 = EDGE_LOOP ( 'NONE', ( #169, #4722, #2876, #3278 ) ) ;
#747 = VERTEX_POINT ( 'NONE', #4750 ) ;
#748 = ORIENTED_EDGE ( 'NONE', *, *, #3892, .T. ) ;
#749 = DIRECTION ( 'NONE',  ( -0.0000000000000000000, -0.0000000000000000000, -1.000000000000000000 ) ) ;
#750 = VERTEX_POINT ( 'NONE', #5173 ) ;
#751 = DIRECTION ( 'NONE',  ( 0.0000000000000000000, 0.0000000000000000000, 1.000000000000000000 ) ) ;
#752 = CARTESIAN_POINT ( 'NONE',  ( 1.574999999999818100, 1.400000000000090900, 0.1000000000000000100 ) ) ;
#753 = ORIENTED_EDGE ( 'NONE', *, *, #1797, .T. ) ;
#754 = DIRECTION ( 'NONE',  ( -0.0000000000000000000, -0.0000000000000000000, 1.000000000000000000 ) ) ;
#755 = CARTESIAN_POINT ( 'NONE',  ( 0.7416666666667879300, 1.400000000000090900, 0.1000000000000000100 ) ) ;
#756 = VERTEX_POINT ( 'NONE', #1768 ) ;
#757 = DIRECTION ( 'NONE',  ( 1.000000000000000000, 0.0000000000000000000, 0.0000000000000000000 ) ) ;
#758 = CARTESIAN_POINT ( 'NONE',  ( 2.174999999999727600, 1.400000000000090900, 0.1000000000000000100 ) ) ;
#759 = MANIFOLD_SOLID_BREP ( '圆角4', #2244 ) ;
#760 = ORIENTED_EDGE ( 'NONE', *, *, #868, .F. ) ;
#761 = EDGE_CURVE ( 'NONE', #1630, #29, #2694, .T. ) ;
#762 = ORIENTED_EDGE ( 'NONE', *, *, #1957, .F. ) ;
#763 = DIRECTION ( 'NONE',  ( 1.000000000000000000, 0.0000000000000000000, 0.0000000000000000000 ) ) ;
#764 = VERTEX_POINT ( 'NONE', #2650 ) ;
#765 = VERTEX_POINT ( 'NONE', #5191 ) ;
#766 = DIRECTION ( 'NONE',  ( -1.000000000000000000, 0.0000000000000000000, -0.0000000000000000000 ) ) ;
#767 = AXIS2_PLACEMENT_3D ( 'NONE', #4200, #4618, #5033 ) ;
#768 = ORIENTED_EDGE ( 'NONE', *, *, #1797, .F. ) ;
#769 = ORIENTED_EDGE ( 'NONE', *, *, #4061, .T. ) ;
#770 = DIRECTION ( 'NONE',  ( 0.0000000000000000000, -1.000000000000000000, 0.0000000000000000000 ) ) ;
#771 = CARTESIAN_POINT ( 'NONE',  ( 0.6333333333332120700, 1.300000000000181900, 0.0000000000000000000 ) ) ;
#772 = EDGE_CURVE ( 'NONE', #869, #3588, #5341, .T. ) ;
#773 = CARTESIAN_POINT ( 'NONE',  ( 1.925000000000181900, 0.0000000000000000000, 0.1000000000000000100 ) ) ;
#774 = VECTOR ( 'NONE', #5474, 1000.000000000000000 ) ;
#775 = CARTESIAN_POINT ( 'NONE',  ( 1.474999999999909100, 0.1000000000001364100, 0.0000000000000000000 ) ) ;
#776 = CARTESIAN_POINT ( 'NONE',  ( 0.4999999999996680400, 0.2199999999996843100, 0.0000000000000000000 ) ) ;
#777 = AXIS2_PLACEMENT_3D ( 'NONE', #2160, #5126, #2581 ) ;
#778 = ADVANCED_FACE ( 'NONE', ( #2559 ), #3071, .F. ) ;
#779 = DIRECTION ( 'NONE',  ( 1.000000000000000000, 0.0000000000000000000, 0.0000000000000000000 ) ) ;
#780 = AXIS2_PLACEMENT_3D ( 'NONE', #2844, #314, #3277 ) ;
#781 = FACE_OUTER_BOUND ( 'NONE', #2804, .T. ) ;
#782 = DIRECTION ( 'NONE',  ( 0.0000000000000000000, 0.0000000000000000000, 1.000000000000000000 ) ) ;
#783 = VECTOR ( 'NONE', #41, 1000.000000000000100 ) ;
#784 = LINE ( 'NONE', #2558, #1782 ) ;
#785 = LINE ( 'NONE', #4130, #5286 ) ;
#786 = AXIS2_PLACEMENT_3D ( 'NONE', #1284, #466, #3413 ) ;
#787 = PLANE ( 'NONE',  #2479 ) ;
#788 = CARTESIAN_POINT ( 'NONE',  ( -0.1499999999999772300, 0.2000000000001591600, 0.0000000000000000000 ) ) ;
#789 = DIRECTION ( 'NONE',  ( 0.3846153846208066900, 0.9230769230746638200, -0.0000000000000000000 ) ) ;
#790 = DIRECTION ( 'NONE',  ( 0.0000000000000000000, -1.000000000000000000, 0.0000000000000000000 ) ) ;
#791 = LINE ( 'NONE', #2473, #5167 ) ;
#792 = CARTESIAN_POINT ( 'NONE',  ( 0.6583333333333030200, 0.0000000000000000000, 0.0000000000000000000 ) ) ;
#793 = VECTOR ( 'NONE', #653, 1000.000000000000000 ) ;
#794 = CARTESIAN_POINT ( 'NONE',  ( 2.174999999999727200, 1.300000000000181900, 0.1000000000000000100 ) ) ;
#795 = VECTOR ( 'NONE', #941, 1000.000000000000000 ) ;
#796 = LINE ( 'NONE', #3497, #5174 ) ;
#797 = LINE ( 'NONE', #4142, #4048 ) ;
#798 = EDGE_LOOP ( 'NONE', ( #342, #633, #1887, #5457 ) ) ;
#799 = EDGE_LOOP ( 'NONE', ( #3257, #5130, #2863, #2303, #3011, #3403, #2265, #4670, #1596, #716, #3675, #5331, #5311, #3400, #5078, #741, #4463, #4720, #4615, #3528, #5242, #331, #4404, #160 ) ) ;
#800 = EDGE_CURVE ( 'NONE', #765, #1960, #1441, .T. ) ;
#801 = DIRECTION ( 'NONE',  ( 0.0000000000000000000, 0.0000000000000000000, -1.000000000000000000 ) ) ;
#802 = DIRECTION ( 'NONE',  ( -0.9961946980917454300, 0.0000000000000000000, 0.08715574274765834600 ) ) ;
#803 = VERTEX_POINT ( 'NONE', #1826 ) ;
#805 = CARTESIAN_POINT ( 'NONE',  ( -0.1499999999996362300, 0.3000000000001819000, 0.0000000000000000000 ) ) ;
#804 = CARTESIAN_POINT ( 'NONE',  ( 0.7666666666667172300, -1.307818870560639700E-014, 0.0000000000000000000 ) ) ;
#806 = EDGE_LOOP ( 'NONE', ( #3316, #1492, #3019, #948 ) ) ;
#807 = CARTESIAN_POINT ( 'NONE',  ( 0.09999999999990905100, 0.5250000000000909500, 0.1000000000000000100 ) ) ;
#808 = CARTESIAN_POINT ( 'NONE',  ( 2.771999999999934500, 0.4272389396183968700, 0.1000000000000000100 ) ) ;
#809 = ORIENTED_EDGE ( 'NONE', *, *, #1844, .F. ) ;
#810 = EDGE_CURVE ( 'NONE', #1878, #2466, #3683, .T. ) ;
#811 = VERTEX_POINT ( 'NONE', #126 ) ;
#812 = ORIENTED_EDGE ( 'NONE', *, *, #81, .F. ) ;
#813 = VERTEX_POINT ( 'NONE', #559 ) ;
#814 = ORIENTED_EDGE ( 'NONE', *, *, #272, .F. ) ;
#815 = ORIENTED_EDGE ( 'NONE', *, *, #1150, .T. ) ;
#816 = AXIS2_PLACEMENT_3D ( 'NONE', #5438, #1205, #4193 ) ;
#817 =( LENGTH_UNIT ( ) NAMED_UNIT ( * ) SI_UNIT ( .MILLI., .METRE. ) );
#818 = CARTESIAN_POINT ( 'NONE',  ( 2.771999999999934500, 1.171999999999570700, 0.09999999999999999200 ) ) ;
#819 = FACE_BOUND ( 'NONE', #5073, .T. ) ;
#820 = DIRECTION ( 'NONE',  ( 1.000000000000000000, 0.0000000000000000000, 0.0000000000000000000 ) ) ;
#821 = CARTESIAN_POINT ( 'NONE',  ( 0.2000036276726270300, 1.117651759453031100, 0.4200000000000000400 ) ) ;
#822 = ORIENTED_EDGE ( 'NONE', *, *, #1141, .T. ) ;
#823 = CARTESIAN_POINT ( 'NONE',  ( 0.0000000000000000000, 0.7750000000000909500, 0.0000000000000000000 ) ) ;
#824 = CARTESIAN_POINT ( 'NONE',  ( 0.09999999999990905100, 1.200000000000272800, 0.1000000000000000100 ) ) ;
#825 = ORIENTED_EDGE ( 'NONE', *, *, #528, .T. ) ;
#826 = DIRECTION ( 'NONE',  ( -0.0000000000000000000, -0.0000000000000000000, 1.000000000000000000 ) ) ;
#827 = ADVANCED_BREP_SHAPE_REPRESENTATION ( '', ( #759, #4565 ), #494 ) ;
#828 = VERTEX_POINT ( 'NONE', #3512 ) ;
#829 = SHAPE_REPRESENTATION ( '3020EMC', ( #4565 ), #494 ) ;
#830 = ORIENTED_EDGE ( 'NONE', *, *, #4249, .T. ) ;
#831 = AXIS2_PLACEMENT_3D ( 'NONE', #3848, #1298, #4275 ) ;
#832 = DIRECTION ( 'NONE',  ( 1.000000000000000000, 8.938062131467536700E-014, -0.0000000000000000000 ) ) ;
#833 = VERTEX_POINT ( 'NONE', #2667 ) ;
#834 = ORIENTED_EDGE ( 'NONE', *, *, #4117, .T. ) ;
#835 = EDGE_CURVE ( 'NONE', #4383, #29, #4690, .T. ) ;
#836 = CYLINDRICAL_SURFACE ( 'NONE', #537, 0.09999999999968171800 ) ;
#837 = ORIENTED_EDGE ( 'NONE', *, *, #430, .F. ) ;
#838 = EDGE_CURVE ( 'NONE', #2859, #2031, #4227, .T. ) ;
#840 = CARTESIAN_POINT ( 'NONE',  ( 2.350000000000363800, 1.100000000000136400, -0.1000000000000000100 ) ) ;
#839 = AXIS2_PLACEMENT_3D ( 'NONE', #5235, #134, #154 ) ;
#841 = SURFACE_STYLE_FILL_AREA ( #89 ) ;
#842 = CARTESIAN_POINT ( 'NONE',  ( 1.825000000000273100, 6.821190205556770800E-013, 0.1000000000000000100 ) ) ;
#843 = DIRECTION ( 'NONE',  ( 1.000000000000000000, 0.0000000000000000000, 0.0000000000000000000 ) ) ;
#844 = EDGE_CURVE ( 'NONE', #964, #5048, #304, .T. ) ;
#845 = DIRECTION ( 'NONE',  ( 0.0000000000000000000, 0.0000000000000000000, 1.000000000000000000 ) ) ;
#846 = CARTESIAN_POINT ( 'NONE',  ( 0.0000000000000000000, 1.400000000000090900, 0.1000000000000000100 ) ) ;
#847 = DIRECTION ( 'NONE',  ( 0.0000000000000000000, 0.0000000000000000000, 1.000000000000000000 ) ) ;
#848 = CARTESIAN_POINT ( 'NONE',  ( 2.900000000000090900, 1.200000000000272800, 0.1000000000000000100 ) ) ;
#849 = CARTESIAN_POINT ( 'NONE',  ( 0.1500000000005457000, 0.3000000000001819000, -0.1000000000000000100 ) ) ;
#850 = VECTOR ( 'NONE', #4201, 1000.000000000000000 ) ;
#851 = LINE ( 'NONE', #4848, #3101 ) ;
#852 = FACE_OUTER_BOUND ( 'NONE', #3812, .T. ) ;
#853 = FACE_OUTER_BOUND ( 'NONE', #1747, .T. ) ;
#854 = FACE_OUTER_BOUND ( 'NONE', #618, .T. ) ;
#855 = AXIS2_PLACEMENT_3D ( 'NONE', #50, #3016, #485 ) ;
#856 = FACE_OUTER_BOUND ( 'NONE', #3395, .T. ) ;
#857 = VECTOR ( 'NONE', #745, 1000.000000000000000 ) ;
#858 = CARTESIAN_POINT ( 'NONE',  ( 2.900000000000090900, 0.8750000000000000000, 0.1000000000000000100 ) ) ;
#859 = CARTESIAN_POINT ( 'NONE',  ( 2.999999999999545300, 0.5250000000000908400, 0.1000000000000000100 ) ) ;
#860 = LINE ( 'NONE', #3507, #1865 ) ;
#861 = AXIS2_PLACEMENT_3D ( 'NONE', #2871, #339, #3299 ) ;
#862 = CARTESIAN_POINT ( 'NONE',  ( 3.000000000000000000, 1.400000000000090900, -0.1000000000000000100 ) ) ;
#863 = FILL_AREA_STYLE ('',( #3389 ) ) ;
#864 = SURFACE_STYLE_USAGE ( .BOTH. , #3390 ) ;
#865 = FACE_OUTER_BOUND ( 'NONE', #2627, .T. ) ;
#866 = DIRECTION ( 'NONE',  ( 1.000000000000000000, 0.0000000000000000000, 0.0000000000000000000 ) ) ;
#867 = DIRECTION ( 'NONE',  ( -0.0000000000000000000, -0.0000000000000000000, -1.000000000000000000 ) ) ;
#868 = EDGE_CURVE ( 'NONE', #1687, #3349, #2422, .T. ) ;
#869 = VERTEX_POINT ( 'NONE', #2887 ) ;
#870 =( GEOMETRIC_REPRESENTATION_CONTEXT ( 3 ) GLOBAL_UNCERTAINTY_ASSIGNED_CONTEXT ( ( #2557 ) ) GLOBAL_UNIT_ASSIGNED_CONTEXT ( ( #1482, #4444, #1916 ) ) REPRESENTATION_CONTEXT ( 'NONE', 'WORKASPACE' ) );
#871 = ORIENTED_EDGE ( 'NONE', *, *, #4042, .T. ) ;
#872 = CARTESIAN_POINT ( 'NONE',  ( 0.1500000000000909500, 1.099999999999909100, -0.1000000000000000100 ) ) ;
#873 = CARTESIAN_POINT ( 'NONE',  ( 1.575000000000272800, 0.0000000000000000000, 0.0000000000000000000 ) ) ;
#874 = ORIENTED_EDGE ( 'NONE', *, *, #3833, .T. ) ;
#875 = ORIENTED_EDGE ( 'NONE', *, *, #729, .T. ) ;
#876 = EDGE_CURVE ( 'NONE', #3933, #740, #3414, .T. ) ;
#877 = EDGE_LOOP ( 'NONE', ( #2084, #4354, #2148, #3855 ) ) ;
#878 = AXIS2_PLACEMENT_3D ( 'NONE', #2803, #3226, #3214 ) ;
#880 = CARTESIAN_POINT ( 'NONE',  ( 0.8000000000001820100, 1.300000000000181900, 0.1000000000000000100 ) ) ;
#879 = CARTESIAN_POINT ( 'NONE',  ( 0.5999999999999090500, 0.1000000000001364400, 0.1000000000000000100 ) ) ;
#881 = ORIENTED_EDGE ( 'NONE', *, *, #3107, .F. ) ;
#882 = SURFACE_SIDE_STYLE ('',( #4436 ) ) ;
#883 = ORIENTED_EDGE ( 'NONE', *, *, #3117, .T. ) ;
#884 = DIRECTION ( 'NONE',  ( -0.0000000000000000000, -0.0000000000000000000, -1.000000000000000000 ) ) ;
#885 = DIRECTION ( 'NONE',  ( 1.000000000000000000, 0.0000000000000000000, 0.0000000000000000000 ) ) ;
#886 = ORIENTED_EDGE ( 'NONE', *, *, #91, .T. ) ;
#887 = EDGE_CURVE ( 'NONE', #4666, #5205, #2297, .T. ) ;
#888 = ORIENTED_EDGE ( 'NONE', *, *, #2296, .F. ) ;
#889 = ORIENTED_EDGE ( 'NONE', *, *, #1320, .F. ) ;
#890 = AXIS2_PLACEMENT_3D ( 'NONE', #1552, #4946, #2399 ) ;
#891 = ORIENTED_EDGE ( 'NONE', *, *, #2096, .T. ) ;
#892 = DIRECTION ( 'NONE',  ( 1.000000000000000000, -0.0000000000000000000, -0.0000000000000000000 ) ) ;
#893 = ORIENTED_EDGE ( 'NONE', *, *, #3286, .T. ) ;
#894 = EDGE_LOOP ( 'NONE', ( #5249, #1148, #4578, #2753 ) ) ;
#895 = ORIENTED_EDGE ( 'NONE', *, *, #687, .F. ) ;
#896 = CARTESIAN_POINT ( 'NONE',  ( 2.700000000000157800, 0.3000000000000697100, 0.0000000000000000000 ) ) ;
#897 = DIRECTION ( 'NONE',  ( 0.0000000000000000000, 0.0000000000000000000, 1.000000000000000000 ) ) ;
#898 = DIRECTION ( 'NONE',  ( 1.000000000000000000, 0.0000000000000000000, 0.0000000000000000000 ) ) ;
#899 = VECTOR ( 'NONE', #4508, 1000.000000000000000 ) ;
#900 = DIRECTION ( 'NONE',  ( -1.000000000000000000, 0.0000000000000000000, 0.0000000000000000000 ) ) ;
#901 = EDGE_LOOP ( 'NONE', ( #5436, #1476, #1765, #2923 ) ) ;
#902 = EDGE_LOOP ( 'NONE', ( #2658, #4588, #953, #1352 ) ) ;
#903 = CARTESIAN_POINT ( 'NONE',  ( 0.4257369056638981600, 0.2264979660451308700, 0.01716832666302922600 ) ) ;
#904 = CARTESIAN_POINT ( 'NONE',  ( 0.6000000000003638000, 1.100000000000136400, -0.1000000000000000100 ) ) ;
#905 = VECTOR ( 'NONE', #1659, 1000.000000000000000 ) ;
#906 = EDGE_CURVE ( 'NONE', #4118, #5460, #38, .T. ) ;
#907 = CARTESIAN_POINT ( 'NONE',  ( 3.000000000000000000, 1.400000000000090900, -0.1000000000000000100 ) ) ;
#908 = EDGE_CURVE ( 'NONE', #3524, #208, #173, .T. ) ;
#909 = CARTESIAN_POINT ( 'NONE',  ( 1.150000000000090900, 0.2999999999999545300, -0.1000000000000000100 ) ) ;
#910 = AXIS2_PLACEMENT_3D ( 'NONE', #3777, #1222, #4204 ) ;
#911 = LINE ( 'NONE', #5368, #5156 ) ;
#912 = EDGE_CURVE ( 'NONE', #628, #743, #4417, .T. ) ;
#913 = APPLICATION_CONTEXT ( 'automotive_design' ) ;
#914 = DIRECTION ( 'NONE',  ( 1.000000000000000000, 0.0000000000000000000, 0.0000000000000000000 ) ) ;
#915 = CARTESIAN_POINT ( 'NONE',  ( 2.174999999999727200, 1.300000000000181900, 0.0000000000000000000 ) ) ;
#916 = VECTOR ( 'NONE', #27, 1000.000000000000000 ) ;
#917 = PLANE ( 'NONE',  #1664 ) ;
#918 = LINE ( 'NONE', #2949, #3165 ) ;
#919 = PLANE ( 'NONE',  #2208 ) ;
#920 = VECTOR ( 'NONE', #3678, 1000.000000000000000 ) ;
#921 = LINE ( 'NONE', #4584, #5288 ) ;
#922 = LINE ( 'NONE', #1941, #658 ) ;
#923 = AXIS2_PLACEMENT_3D ( 'NONE', #1712, #20, #2986 ) ;
#924 = DIRECTION ( 'NONE',  ( 0.0000000000000000000, -1.000000000000000000, 0.0000000000000000000 ) ) ;
#925 = CIRCLE ( 'NONE', #4371, 0.2000000000001505900 ) ;
#926 = VECTOR ( 'NONE', #4605, 1000.000000000000000 ) ;
#927 =( BOUNDED_CURVE ( )  B_SPLINE_CURVE ( 3, ( #4245, #12, #2980, #447 ),
 .UNSPECIFIED., .F., .F. ) 
 B_SPLINE_CURVE_WITH_KNOTS ( ( 4, 4 ),
 ( 2.359992588465670500, 3.923192718713915700 ),
 .UNSPECIFIED. ) 
 CURVE ( )  GEOMETRIC_REPRESENTATION_ITEM ( )  RATIONAL_B_SPLINE_CURVE ( ( 1.000000000000000000, 0.8065248903853687900, 0.8065248903853687900, 1.000000000000000000 ) ) 
 REPRESENTATION_ITEM ( '' )  );
#928 =( NAMED_UNIT ( * ) SI_UNIT ( $, .STERADIAN. ) SOLID_ANGLE_UNIT ( ) );
#929 = LINE ( 'NONE', #565, #2187 ) ;
#930 = LINE ( 'NONE', #1172, #5176 ) ;
#931 = CARTESIAN_POINT ( 'NONE',  ( 2.550000000000181900, 1.200000000000272800, 0.1000000000000000100 ) ) ;
#932 = APPLICATION_CONTEXT ( 'automotive_design' ) ;
#933 = CARTESIAN_POINT ( 'NONE',  ( 2.799999999999840800, 0.2000000000003864800, 0.1000000000000000100 ) ) ;
#934 = EDGE_LOOP ( 'NONE', ( #2594, #5193, #837, #883 ) ) ;
#935 = DIRECTION ( 'NONE',  ( 0.0000000000000000000, 0.9961946980917455500, -0.08715574274765836000 ) ) ;
#936 = CARTESIAN_POINT ( 'NONE',  ( 1.824999999999818100, 1.300000000000181900, 0.1000000000000000100 ) ) ;
#937 = EDGE_LOOP ( 'NONE', ( #4959, #2411, #1835, #2930 ) ) ;
#938 = DIRECTION ( 'NONE',  ( -0.08715574274765836000, 0.0000000000000000000, 0.9961946980917455500 ) ) ;
#939 = ORIENTED_EDGE ( 'NONE', *, *, #3279, .F. ) ;
#940 = EDGE_CURVE ( 'NONE', #4021, #629, #2167, .T. ) ;
#941 = DIRECTION ( 'NONE',  ( 1.000000000000000000, -0.0000000000000000000, -0.0000000000000000000 ) ) ;
#942 = EDGE_LOOP ( 'NONE', ( #1938, #614, #4593, #2874 ) ) ;
#943 = EDGE_CURVE ( 'NONE', #1158, #747, #5397, .T. ) ;
#944 = CARTESIAN_POINT ( 'NONE',  ( 2.174999999999727200, 0.1000000000001364200, 0.1000000000000000100 ) ) ;
#945 = ORIENTED_EDGE ( 'NONE', *, *, #2823, .T. ) ;
#946 = AXIS2_PLACEMENT_3D ( 'NONE', #460, #2990, #26 ) ;
#947 = VERTEX_POINT ( 'NONE', #3788 ) ;
#948 = ORIENTED_EDGE ( 'NONE', *, *, #5469, .T. ) ;
#949 =( NAMED_UNIT ( * ) PLANE_ANGLE_UNIT ( ) SI_UNIT ( $, .RADIAN. ) );
#950 = ORIENTED_EDGE ( 'NONE', *, *, #1947, .T. ) ;
#951 = ORIENTED_EDGE ( 'NONE', *, *, #4074, .F. ) ;
#952 = EDGE_CURVE ( 'NONE', #610, #4749, #3154, .T. ) ;
#953 = ORIENTED_EDGE ( 'NONE', *, *, #3204, .F. ) ;
#954 = PRODUCT_DEFINITION ( '未知', '', #3221, #1469 ) ;
#955 = DIRECTION ( 'NONE',  ( -0.0000000000000000000, -0.0000000000000000000, 1.000000000000000000 ) ) ;
#956 = DIRECTION ( 'NONE',  ( -3.209939973140663100E-013, 1.000000000000000000, 0.0000000000000000000 ) ) ;
#957 = CARTESIAN_POINT ( 'NONE',  ( 0.7999999999997271500, 0.2999999999999545300, 0.0000000000000000000 ) ) ;
#958 = CYLINDRICAL_SURFACE ( 'NONE', #4692, 0.09999999999993845800 ) ;
#959 = DIRECTION ( 'NONE',  ( 1.000000000000000000, 0.0000000000000000000, 0.0000000000000000000 ) ) ;
#960 = CARTESIAN_POINT ( 'NONE',  ( 1.824999999999818100, 1.300000000000181900, 0.0000000000000000000 ) ) ;
#961 = VERTEX_POINT ( 'NONE', #4637 ) ;
#962 = AXIS2_PLACEMENT_3D ( 'NONE', #4364, #5198, #3943 ) ;
#963 = CARTESIAN_POINT ( 'NONE',  ( 2.550000000000181900, 0.8750000000000000000, 0.0000000000000000000 ) ) ;
#964 = VERTEX_POINT ( 'NONE', #1674 ) ;
#965 = PLANE ( 'NONE',  #3986 ) ;
#966 = ORIENTED_EDGE ( 'NONE', *, *, #1254, .F. ) ;
#967 = ORIENTED_EDGE ( 'NONE', *, *, #1503, .T. ) ;
#968 = EDGE_LOOP ( 'NONE', ( #1363, #3001, #2005, #3710 ) ) ;
#969 = AXIS2_PLACEMENT_3D ( 'NONE', #2316, #5282, #2750 ) ;
#970 = CIRCLE ( 'NONE', #4906, 0.1000000000002500600 ) ;
#971 = VERTEX_POINT ( 'NONE', #5046 ) ;
#972 = CARTESIAN_POINT ( 'NONE',  ( 0.5999999999999090500, 1.300000000000181900, 0.0000000000000000000 ) ) ;
#973 = EDGE_CURVE ( 'NONE', #77, #5318, #2040, .T. ) ;
#974 = DIRECTION ( 'NONE',  ( 0.0000000000000000000, -1.000000000000000000, 0.0000000000000000000 ) ) ;
#975 = CARTESIAN_POINT ( 'NONE',  ( 2.350000000000363800, 1.200000000000045300, -0.1000000000000000100 ) ) ;
#976 = DIRECTION ( 'NONE',  ( -0.3846153846147277700, -0.9230769230771968000, 0.0000000000000000000 ) ) ;
#977 = DIRECTION ( 'NONE',  ( 0.0000000000000000000, -0.0000000000000000000, 1.000000000000000000 ) ) ;
#978 = DIRECTION ( 'NONE',  ( -0.0000000000000000000, -0.0000000000000000000, 1.000000000000000000 ) ) ;
#979 = DIRECTION ( 'NONE',  ( -0.0000000000000000000, -0.0000000000000000000, -1.000000000000000000 ) ) ;
#980 = AXIS2_PLACEMENT_3D ( 'NONE', #172, #3560, #582 ) ;
#981 = LINE ( 'NONE', #358, #5345 ) ;
#982 = CARTESIAN_POINT ( 'NONE',  ( 2.700000000000274200, 1.100000000000137800, 0.0000000000000000000 ) ) ;
#983 = PLANE ( 'NONE',  #3818 ) ;
#984 = EDGE_CURVE ( 'NONE', #5323, #4285, #1912, .T. ) ;
#985 = FACE_OUTER_BOUND ( 'NONE', #4740, .T. ) ;
#986 = VECTOR ( 'NONE', #826, 1000.000000000000000 ) ;
#987 = LINE ( 'NONE', #4237, #1984 ) ;
#988 = CIRCLE ( 'NONE', #2769, 0.09999999999990466500 ) ;
#989 = AXIS2_PLACEMENT_3D ( 'NONE', #3336, #801, #3768 ) ;
#990 = FACE_OUTER_BOUND ( 'NONE', #4612, .T. ) ;
#991 = VECTOR ( 'NONE', #5274, 1000.000000000000200 ) ;
#992 = EDGE_CURVE ( 'NONE', #4189, #4147, #5153, .T. ) ;
#993 = CARTESIAN_POINT ( 'NONE',  ( 2.700000000000274200, 1.100000000000137800, -0.1000000000000000100 ) ) ;
#994 = LINE ( 'NONE', #1407, #3981 ) ;
#995 = DIRECTION ( 'NONE',  ( 0.0000000000000000000, -1.000000000000000000, 0.0000000000000000000 ) ) ;
#996 = DIRECTION ( 'NONE',  ( -1.000000000000000000, 0.0000000000000000000, 0.0000000000000000000 ) ) ;
#997 = CARTESIAN_POINT ( 'NONE',  ( 0.2280000000008956300, 1.089655387124735200, 0.0000000000000000000 ) ) ;
#998 = VECTOR ( 'NONE', #2446, 1000.000000000000000 ) ;
#999 = UNCERTAINTY_MEASURE_WITH_UNIT (LENGTH_MEASURE( 1.000000000000000100E-005 ), #817, 'distance_accuracy_value', 'NONE');
#1000 =( GEOMETRIC_REPRESENTATION_CONTEXT ( 3 ) GLOBAL_UNCERTAINTY_ASSIGNED_CONTEXT ( ( #3891 ) ) GLOBAL_UNIT_ASSIGNED_CONTEXT ( ( #4526, #1997, #4954 ) ) REPRESENTATION_CONTEXT ( 'NONE', 'WORKASPACE' ) );
#1001 = CARTESIAN_POINT ( 'NONE',  ( 0.2280000000007830200, 0.9727610603814135200, 0.0000000000000000000 ) ) ;
#1002 = ADVANCED_FACE ( 'NONE', ( #1769 ), #5015, .T. ) ;
#1003 = ORIENTED_EDGE ( 'NONE', *, *, #1723, .F. ) ;
#1004 = AXIS2_PLACEMENT_3D ( 'NONE', #3638, #2957, #425 ) ;
#1005 = CARTESIAN_POINT ( 'NONE',  ( 0.0000000000000000000, 0.0000000000000000000, 0.0000000000000000000 ) ) ;
#1006 = ORIENTED_EDGE ( 'NONE', *, *, #480, .T. ) ;
#1007 = ORIENTED_EDGE ( 'NONE', *, *, #1733, .T. ) ;
#1008 = CARTESIAN_POINT ( 'NONE',  ( 1.149999999999968800, 1.100000000000031400, 0.1000000000000000100 ) ) ;
#1009 = CARTESIAN_POINT ( 'NONE',  ( 0.0000000000000000000, 1.400000000000090900, -0.1000000000000000100 ) ) ;
#1010 = EDGE_CURVE ( 'NONE', #4318, #1413, #3021, .T. ) ;
#1011 = ORIENTED_EDGE ( 'NONE', *, *, #4359, .T. ) ;
#1012 = ORIENTED_EDGE ( 'NONE', *, *, #2403, .F. ) ;
#1013 = ORIENTED_EDGE ( 'NONE', *, *, #1733, .F. ) ;
#1014 = EDGE_CURVE ( 'NONE', #4521, #3199, #2883, .T. ) ;
#1015 = ORIENTED_EDGE ( 'NONE', *, *, #1371, .T. ) ;
#1016 = DIRECTION ( 'NONE',  ( -0.0000000000000000000, -0.0000000000000000000, -1.000000000000000000 ) ) ;
#1017 = STYLED_ITEM ( 'NONE', ( #3569 ), #4497 ) ;
#1018 = ORIENTED_EDGE ( 'NONE', *, *, #2960, .T. ) ;
#1019 = EDGE_CURVE ( 'NONE', #2848, #3255, #5276, .T. ) ;
#1020 = ORIENTED_EDGE ( 'NONE', *, *, #578, .F. ) ;
#1021 = PLANE ( 'NONE',  #2945 ) ;
#1022 = ADVANCED_FACE ( 'NONE', ( #640 ), #5102, .F. ) ;
#1023 = DIRECTION ( 'NONE',  ( 1.000000000000000000, 0.0000000000000000000, 0.0000000000000000000 ) ) ;
#1024 = ORIENTED_EDGE ( 'NONE', *, *, #625, .T. ) ;
#1025 = CARTESIAN_POINT ( 'NONE',  ( -0.09999999999990905100, 1.300000000000181900, 0.1000000000000000100 ) ) ;
#1026 = CARTESIAN_POINT ( 'NONE',  ( 2.074999999999818100, 1.400000000000090900, 0.1000000000000000100 ) ) ;
#1027 = CARTESIAN_POINT ( 'NONE',  ( 2.649999999999636200, 0.8750000000000001100, 0.1000000000000000100 ) ) ;
#1028 = PRESENTATION_LAYER_ASSIGNMENT (  '', '', ( #742 ) ) ;
#1029 = VECTOR ( 'NONE', #5358, 1000.000000000000000 ) ;
#1030 = VERTEX_POINT ( 'NONE', #2140 ) ;
#1031 = VERTEX_POINT ( 'NONE', #873 ) ;
#1032 = VECTOR ( 'NONE', #3764, 1000.000000000000000 ) ;
#1033 = EDGE_CURVE ( 'NONE', #4342, #170, #2626, .T. ) ;
#1034 = CARTESIAN_POINT ( 'NONE',  ( 0.2500000000004547500, 1.100000000000136400, 0.0000000000000000000 ) ) ;
#1035 = CARTESIAN_POINT ( 'NONE',  ( 0.5000000000004547500, 1.400000000000090900, 0.0000000000000000000 ) ) ;
#1036 = CARTESIAN_POINT ( 'NONE',  ( 0.3000000000001819000, 1.200000000000045500, 0.0000000000000000000 ) ) ;
#1037 = COLOUR_RGB ( '',1.000000000000000000, 1.000000000000000000, 0.5019607843137254800 ) ;
#1038 = ORIENTED_EDGE ( 'NONE', *, *, #5233, .T. ) ;
#1039 = CIRCLE ( 'NONE', #3230, 0.1000000000000256400 ) ;
#1040 = CARTESIAN_POINT ( 'NONE',  ( 0.2279999999998458300, -2.196632651109286700E-013, 0.1000000000000000100 ) ) ;
#1041 = VECTOR ( 'NONE', #1278, 1000.000000000000000 ) ;
#1042 = ADVANCED_FACE ( 'NONE', ( #4884 ), #4270, .F. ) ;
#1043 = VECTOR ( 'NONE', #3661, 1000.000000000000000 ) ;
#1044 = SURFACE_SIDE_STYLE ('',( #4244 ) ) ;
#1045 = ADVANCED_FACE ( 'NONE', ( #369, #4752, #3754 ), #37, .T. ) ;
#1046 = EDGE_CURVE ( 'NONE', #4988, #1493, #2492, .T. ) ;
#1047 = VECTOR ( 'NONE', #5124, 1000.000000000000000 ) ;
#1048 = LINE ( 'NONE', #4869, #3038 ) ;
#1050 = CARTESIAN_POINT ( 'NONE',  ( 2.449999999999931800, 0.2000000000003864800, 0.1000000000000000100 ) ) ;
#1049 = STYLED_ITEM ( 'NONE', ( #5104 ), #827 ) ;
#1051 = CIRCLE ( 'NONE', #3503, 0.09999999999945426200 ) ;
#1052 = SHAPE_REPRESENTATION_RELATIONSHIP ( 'NONE' , 'NONE' ,  #829, #827 ) ;
#1053 = LINE ( 'NONE', #2632, #2065 ) ;
#1054 = AXIS2_PLACEMENT_3D ( 'NONE', #1561, #4525, #1996 ) ;
#1055 = DIRECTION ( 'NONE',  ( -1.000000000000000000, -0.0000000000000000000, -0.0000000000000000000 ) ) ;
#1056 = CARTESIAN_POINT ( 'NONE',  ( 2.650000000000090900, 0.7750000000005459200, 0.0000000000000000000 ) ) ;
#1057 = CARTESIAN_POINT ( 'NONE',  ( 0.2280000000000655100, 0.2279999999998381100, 0.0000000000000000000 ) ) ;
#1058 = VECTOR ( 'NONE', #2013, 1000.000000000000000 ) ;
#1059 = DIRECTION ( 'NONE',  ( -0.0000000000000000000, -0.0000000000000000000, -1.000000000000000000 ) ) ;
#1060 = ORIENTED_EDGE ( 'NONE', *, *, #5308, .T. ) ;
#1061 = ORIENTED_EDGE ( 'NONE', *, *, #1244, .F. ) ;
#1062 = ORIENTED_EDGE ( 'NONE', *, *, #2299, .F. ) ;
#1063 = ORIENTED_EDGE ( 'NONE', *, *, #3429, .T. ) ;
#1064 = DIRECTION ( 'NONE',  ( -0.0000000000000000000, 1.000000000000000000, -0.0000000000000000000 ) ) ;
#1065 = ORIENTED_EDGE ( 'NONE', *, *, #772, .T. ) ;
#1066 = EDGE_LOOP ( 'NONE', ( #3003, #809, #280, #1828, #3246, #5066, #5096, #1961 ) ) ;
#1067 = EDGE_LOOP ( 'NONE', ( #5093, #2550, #4212, #4196, #2083, #3956, #5121, #3331 ) ) ;
#1068 = ADVANCED_FACE ( 'NONE', ( #1362 ), #199, .F. ) ;
#1069 = ORIENTED_EDGE ( 'NONE', *, *, #1112, .T. ) ;
#1070 = ADVANCED_FACE ( 'NONE', ( #3618 ), #2353, .T. ) ;
#1071 = CARTESIAN_POINT ( 'NONE',  ( 2.574263094336307400, 1.173502033954292500, 0.01716832666299334900 ) ) ;
#1072 = ORIENTED_EDGE ( 'NONE', *, *, #1593, .F. ) ;
#1073 = CARTESIAN_POINT ( 'NONE',  ( 2.572761060381585400, 1.171999999999570700, 0.0000000000000000000 ) ) ;
#1074 = FACE_OUTER_BOUND ( 'NONE', #4253, .T. ) ;
#1075 = EDGE_CURVE ( 'NONE', #179, #4465, #3472, .T. ) ;
#1076 = CARTESIAN_POINT ( 'NONE',  ( 2.572761060381603100, 0.2280000000000476900, 0.1000000000000000100 ) ) ;
#1077 = ORIENTED_EDGE ( 'NONE', *, *, #3388, .F. ) ;
#1078 = DIRECTION ( 'NONE',  ( 1.000000000000000000, -0.0000000000000000000, -0.0000000000000000000 ) ) ;
#1079 = AXIS2_PLACEMENT_3D ( 'NONE', #513, #3462, #938 ) ;
#1080 = VERTEX_POINT ( 'NONE', #1485 ) ;
#1081 = CARTESIAN_POINT ( 'NONE',  ( 0.5000000000004547500, 1.400000000000090900, 0.1000000000000000100 ) ) ;
#1082 = ORIENTED_EDGE ( 'NONE', *, *, #4956, .T. ) ;
#1083 = EDGE_CURVE ( 'NONE', #4786, #3013, #1220, .T. ) ;
#1084 = ORIENTED_EDGE ( 'NONE', *, *, #2471, .F. ) ;
#1085 = EDGE_LOOP ( 'NONE', ( #417, #888, #5310, #1543 ) ) ;
#1086 = FACE_OUTER_BOUND ( 'NONE', #1484, .T. ) ;
#1087 = ORIENTED_EDGE ( 'NONE', *, *, #4533, .F. ) ;
#1088 = AXIS2_PLACEMENT_3D ( 'NONE', #1426, #4385, #1859 ) ;
#1089 = DIRECTION ( 'NONE',  ( -0.0000000000000000000, -0.0000000000000000000, -1.000000000000000000 ) ) ;
#1090 = DIRECTION ( 'NONE',  ( 0.3846153846147276100, 0.9230769230771968000, 0.0000000000000000000 ) ) ;
#1091 = SURFACE_STYLE_USAGE ( .BOTH. , #3644 ) ;
#1092 = ADVANCED_FACE ( 'NONE', ( #4614 ), #4041, .F. ) ;
#1093 = ADVANCED_FACE ( 'NONE', ( #4482 ), #4879, .F. ) ;
#1094 = CARTESIAN_POINT ( 'NONE',  ( 1.355252715606880500E-017, 1.400000000000090900, 0.0000000000000000000 ) ) ;
#1095 = LINE ( 'NONE', #2528, #710 ) ;
#1096 = AXIS2_PLACEMENT_3D ( 'NONE', #2147, #5110, #2563 ) ;
#1097 = FACE_OUTER_BOUND ( 'NONE', #211, .T. ) ;
#1098 = VECTOR ( 'NONE', #2077, 1000.000000000000000 ) ;
#1099 = LINE ( 'NONE', #3806, #4369 ) ;
#1100 = FACE_OUTER_BOUND ( 'NONE', #806, .T. ) ;
#1101 = EDGE_CURVE ( 'NONE', #4021, #4268, #2228, .T. ) ;
#1102 = DIRECTION ( 'NONE',  ( 1.000000000000000000, -0.0000000000000000000, -0.0000000000000000000 ) ) ;
#1103 = VERTEX_POINT ( 'NONE', #3629 ) ;
#1104 = EDGE_CURVE ( 'NONE', #220, #4465, #5466, .T. ) ;
#1105 = LINE ( 'NONE', #1901, #991 ) ;
#1106 = DIRECTION ( 'NONE',  ( 1.000000000000000000, 0.0000000000000000000, 0.0000000000000000000 ) ) ;
#1107 = AXIS2_PLACEMENT_3D ( 'NONE', #2746, #205, #3168 ) ;
#1108 = FACE_OUTER_BOUND ( 'NONE', #1479, .T. ) ;
#1109 = PRESENTATION_STYLE_ASSIGNMENT (( #2195 ) ) ;
#1110 = CARTESIAN_POINT ( 'NONE',  ( 0.1500000000000909500, 0.0000000000000000000, 0.1000000000000000100 ) ) ;
#1111 = DIRECTION ( 'NONE',  ( 1.000000000000000000, 0.0000000000000000000, 0.0000000000000000000 ) ) ;
#1112 = EDGE_CURVE ( 'NONE', #2722, #3337, #234, .T. ) ;
#1113 = VECTOR ( 'NONE', #749, 1000.000000000000000 ) ;
#1114 = SURFACE_STYLE_FILL_AREA ( #680 ) ;
#1115 = EDGE_LOOP ( 'NONE', ( #2207, #4857, #814, #3089 ) ) ;
#1116 = AXIS2_PLACEMENT_3D ( 'NONE', #3877, #1323, #4300 ) ;
#1117 = ADVANCED_FACE ( 'NONE', ( #1086 ), #5328, .F. ) ;
#1118 = FILL_AREA_STYLE ('',( #2817 ) ) ;
#1119 = VERTEX_POINT ( 'NONE', #2862 ) ;
#1120 = CARTESIAN_POINT ( 'NONE',  ( 0.1999999999998138000, 1.200000000000277300, 0.1000000000000000100 ) ) ;
#1121 = VERTEX_POINT ( 'NONE', #1614 ) ;
#1122 = DIRECTION ( 'NONE',  ( 0.0000000000000000000, 1.000000000000000000, -0.0000000000000000000 ) ) ;
#1123 = AXIS2_PLACEMENT_3D ( 'NONE', #282, #1998, #4955 ) ;
#1124 = DIRECTION ( 'NONE',  ( -0.0000000000000000000, -0.0000000000000000000, -1.000000000000000000 ) ) ;
#1125 = ORIENTED_EDGE ( 'NONE', *, *, #4741, .F. ) ;
#1126 = DIRECTION ( 'NONE',  ( -0.0000000000000000000, -0.0000000000000000000, -1.000000000000000000 ) ) ;
#1127 = ORIENTED_EDGE ( 'NONE', *, *, #3934, .T. ) ;
#1128 = ORIENTED_EDGE ( 'NONE', *, *, #5035, .T. ) ;
#1129 = ORIENTED_EDGE ( 'NONE', *, *, #3565, .T. ) ;
#1130 = EDGE_CURVE ( 'NONE', #603, #2614, #970, .T. ) ;
#1131 = LINE ( 'NONE', #5019, #21 ) ;
#1132 = ORIENTED_EDGE ( 'NONE', *, *, #2589, .F. ) ;
#1133 = SURFACE_STYLE_USAGE ( .BOTH. , #3686 ) ;
#1134 = AXIS2_PLACEMENT_3D ( 'NONE', #1965, #4926, #2379 ) ;
#1135 = CARTESIAN_POINT ( 'NONE',  ( 1.575000000000272800, 0.0000000000000000000, 0.1000000000000000100 ) ) ;
#1136 = ORIENTED_EDGE ( 'NONE', *, *, #876, .T. ) ;
#1137 = DIRECTION ( 'NONE',  ( 1.000000000000000000, 0.0000000000000000000, 0.0000000000000000000 ) ) ;
#1138 = DIRECTION ( 'NONE',  ( -0.3846153846188729600, -0.9230769230754695100, -0.0000000000000000000 ) ) ;
#1139 = DIRECTION ( 'NONE',  ( -0.0000000000000000000, 1.000000000000000000, -0.0000000000000000000 ) ) ;
#1140 = ORIENTED_EDGE ( 'NONE', *, *, #379, .F. ) ;
#1141 = EDGE_CURVE ( 'NONE', #750, #3517, #5334, .T. ) ;
#1142 = CARTESIAN_POINT ( 'NONE',  ( 0.7666666666668788800, 0.09999999999990905100, 0.1000000000000000100 ) ) ;
#1143 = CARTESIAN_POINT ( 'NONE',  ( 0.9499999999998181000, 0.2200000000000273100, 0.0000000000000000000 ) ) ;
#1144 = AXIS2_PLACEMENT_3D ( 'NONE', #3248, #1122, #4112 ) ;
#1145 = ADVANCED_FACE ( 'NONE', ( #2106 ), #836, .T. ) ;
#1146 = DIRECTION ( 'NONE',  ( -0.3846153846188729600, -0.9230769230754695100, -0.0000000000000000000 ) ) ;
#1147 = LINE ( 'NONE', #1978, #899 ) ;
#1148 = ORIENTED_EDGE ( 'NONE', *, *, #3758, .F. ) ;
#1149 = VERTEX_POINT ( 'NONE', #4592 ) ;
#1150 = EDGE_CURVE ( 'NONE', #4728, #5072, #3088, .T. ) ;
#1151 = VECTOR ( 'NONE', #1188, 1000.000000000000000 ) ;
#1152 = DIRECTION ( 'NONE',  ( -0.0000000000000000000, -0.0000000000000000000, -1.000000000000000000 ) ) ;
#1153 = AXIS2_PLACEMENT_3D ( 'NONE', #758, #3715, #1161 ) ;
#1154 = CARTESIAN_POINT ( 'NONE',  ( 2.600757432709898800, 0.2000036276717544200, 0.4200000000000000400 ) ) ;
#1155 = CARTESIAN_POINT ( 'NONE',  ( 0.5000000000000000000, 0.2000000000000455000, -0.1000000000000000100 ) ) ;
#1156 = DIRECTION ( 'NONE',  ( -0.0000000000000000000, -0.0000000000000000000, -1.000000000000000000 ) ) ;
#1157 = LINE ( 'NONE', #4732, #1301 ) ;
#1158 = VERTEX_POINT ( 'NONE', #2066 ) ;
#1159 = VECTOR ( 'NONE', #655, 1000.000000000000100 ) ;
#1160 = PLANE ( 'NONE',  #4005 ) ;
#1161 = DIRECTION ( 'NONE',  ( 1.000000000000000000, 0.0000000000000000000, 0.0000000000000000000 ) ) ;
#1162 = VECTOR ( 'NONE', #1685, 1000.000000000000000 ) ;
#1163 = LINE ( 'NONE', #718, #1926 ) ;
#1164 = DIRECTION ( 'NONE',  ( -0.0000000000000000000, 0.0000000000000000000, -1.000000000000000000 ) ) ;
#1165 = CIRCLE ( 'NONE', #1409, 0.09999999999990907800 ) ;
#1166 = EDGE_CURVE ( 'NONE', #3817, #2859, #4221, .T. ) ;
#1167 = ADVANCED_FACE ( 'NONE', ( #3348 ), #368, .F. ) ;
#1168 = DIRECTION ( 'NONE',  ( 0.0000000000000000000, 1.000000000000000000, 0.0000000000000000000 ) ) ;
#1169 = FACE_OUTER_BOUND ( 'NONE', #4076, .T. ) ;
#1170 = EDGE_CURVE ( 'NONE', #312, #3719, #705, .T. ) ;
#1171 = FACE_OUTER_BOUND ( 'NONE', #1115, .T. ) ;
#1172 = CARTESIAN_POINT ( 'NONE',  ( 2.450000000000272800, 1.100000000000136400, -0.1000000000000000100 ) ) ;
#1173 = CARTESIAN_POINT ( 'NONE',  ( 0.5999999999999090500, 0.2200000000000273400, 0.0000000000000000000 ) ) ;
#1174 = DIRECTION ( 'NONE',  ( 0.0000000000000000000, -0.0000000000000000000, -1.000000000000000000 ) ) ;
#1175 = PLANE ( 'NONE',  #3128 ) ;
#1176 = CARTESIAN_POINT ( 'NONE',  ( -0.1499999999996362000, 0.3000000000001819000, -0.1000000000000000100 ) ) ;
#1177 = DIRECTION ( 'NONE',  ( -0.0000000000000000000, -0.0000000000000000000, -1.000000000000000000 ) ) ;
#1178 = LINE ( 'NONE', #4871, #65 ) ;
#1179 = EDGE_CURVE ( 'NONE', #420, #1554, #1840, .T. ) ;
#1180 = ORIENTED_EDGE ( 'NONE', *, *, #1702, .T. ) ;
#1181 = PRODUCT_DEFINITION_SHAPE ( 'NONE', 'NONE',  #1223 ) ;
#1182 = EDGE_LOOP ( 'NONE', ( #3926, #1351, #1329, #2855 ) ) ;
#1183 = ORIENTED_EDGE ( 'NONE', *, *, #2546, .F. ) ;
#1184 = ORIENTED_EDGE ( 'NONE', *, *, #5233, .F. ) ;
#1185 = DIRECTION ( 'NONE',  ( -0.0000000000000000000, -0.0000000000000000000, -1.000000000000000000 ) ) ;
#1186 = CARTESIAN_POINT ( 'NONE',  ( 1.824999999999818100, 1.300000000000181900, 0.1000000000000000100 ) ) ;
#1187 = ORIENTED_EDGE ( 'NONE', *, *, #3145, .T. ) ;
#1188 = DIRECTION ( 'NONE',  ( -1.000000000000000000, -0.0000000000000000000, -0.0000000000000000000 ) ) ;
#1189 = EDGE_LOOP ( 'NONE', ( #363, #1908, #5312, #4916 ) ) ;
#1190 = EDGE_LOOP ( 'NONE', ( #4081, #5246, #4591, #3620 ) ) ;
#1191 = DIRECTION ( 'NONE',  ( 0.0000000000000000000, 0.0000000000000000000, -1.000000000000000000 ) ) ;
#1192 = DIRECTION ( 'NONE',  ( 1.000000000000000000, 0.0000000000000000000, 0.0000000000000000000 ) ) ;
#1193 = ORIENTED_EDGE ( 'NONE', *, *, #5339, .T. ) ;
#1195 = CARTESIAN_POINT ( 'NONE',  ( 1.116666666666788200, 0.09999999999990905100, 0.0000000000000000000 ) ) ;
#1194 = CARTESIAN_POINT ( 'NONE',  ( 0.2833333333333030200, 1.300000000000181900, 0.1000000000000000100 ) ) ;
#1196 = DIRECTION ( 'NONE',  ( 0.3846153846188729600, 0.9230769230754695100, 0.0000000000000000000 ) ) ;
#1197 = CARTESIAN_POINT ( 'NONE',  ( 0.2280000000001448600, 0.3103446128748875700, 0.1000000000000000100 ) ) ;
#1198 = CARTESIAN_POINT ( 'NONE',  ( 0.2499999999998863100, 0.3000000000000682100, 0.0000000000000000000 ) ) ;
#1199 = ORIENTED_EDGE ( 'NONE', *, *, #624, .T. ) ;
#1200 = ADVANCED_FACE ( 'NONE', ( #2812 ), #2085, .F. ) ;
#1201 = FILL_AREA_STYLE_COLOUR ( '', #4529 ) ;
#1202 = CIRCLE ( 'NONE', #3840, 0.1000000000000227700 ) ;
#1203 = ORIENTED_EDGE ( 'NONE', *, *, #1286, .F. ) ;
#1204 = EDGE_CURVE ( 'NONE', #2781, #1706, #1704, .T. ) ;
#1205 = DIRECTION ( 'NONE',  ( 1.000000000000000000, 0.0000000000000000000, -0.0000000000000000000 ) ) ;
#1206 = EDGE_CURVE ( 'NONE', #3255, #5018, #348, .T. ) ;
#1207 = ORIENTED_EDGE ( 'NONE', *, *, #4214, .T. ) ;
#1208 = VERTEX_POINT ( 'NONE', #588 ) ;
#1209 = CARTESIAN_POINT ( 'NONE',  ( 0.6000000000000256200, 1.108257908187526600E-013, 0.1000000000000000100 ) ) ;
#1211 = DIRECTION ( 'NONE',  ( -0.0000000000000000000, -0.0000000000000000000, -1.000000000000000000 ) ) ;
#1210 = AXIS2_PLACEMENT_3D ( 'NONE', #497, #3442, #914 ) ;
#1212 = VERTEX_POINT ( 'NONE', #3547 ) ;
#1213 = EDGE_LOOP ( 'NONE', ( #3782, #5190, #412, #3449 ) ) ;
#1214 = CARTESIAN_POINT ( 'NONE',  ( 0.2823482405475417100, 1.199996372327866600, 0.4200000000000000400 ) ) ;
#1216 = CARTESIAN_POINT ( 'NONE',  ( 0.0000000000000000000, 1.400000000000090900, 0.1000000000000000100 ) ) ;
#1215 = DIRECTION ( 'NONE',  ( 1.000000000000000000, 0.0000000000000000000, 0.0000000000000000000 ) ) ;
#1217 = EDGE_CURVE ( 'NONE', #3867, #5336, #571, .T. ) ;
#1218 = CARTESIAN_POINT ( 'NONE',  ( 2.700000000000157800, 0.3000000000000697100, -0.1000000000000000100 ) ) ;
#1219 = CARTESIAN_POINT ( 'NONE',  ( 0.7999999999997270400, 0.2999999999999545300, 0.0000000000000000000 ) ) ;
#1220 = LINE ( 'NONE', #5290, #101 ) ;
#1221 = VERTEX_POINT ( 'NONE', #570 ) ;
#1222 = DIRECTION ( 'NONE',  ( -0.0000000000000000000, -0.0000000000000000000, -1.000000000000000000 ) ) ;
#1223 = PRODUCT_DEFINITION ( '未知', '', #3794, #4569 ) ;
#1224 = CARTESIAN_POINT ( 'NONE',  ( 0.3103446128751150000, 0.2279999999998455200, 0.0000000000000000000 ) ) ;
#1225 = AXIS2_PLACEMENT_3D ( 'NONE', #5217, #133, #543 ) ;
#1226 = LINE ( 'NONE', #1026, #106 ) ;
#1227 = FACE_OUTER_BOUND ( 'NONE', #3659, .T. ) ;
#1228 =( NAMED_UNIT ( * ) SI_UNIT ( $, .STERADIAN. ) SOLID_ANGLE_UNIT ( ) );
#1229 = DIRECTION ( 'NONE',  ( -1.000000000000000000, 0.0000000000000000000, 0.0000000000000000000 ) ) ;
#1230 = FACE_OUTER_BOUND ( 'NONE', #2597, .T. ) ;
#1231 = CIRCLE ( 'NONE', #627, 0.1999999999999317900 ) ;
#1232 = VECTOR ( 'NONE', #2490, 1000.000000000000000 ) ;
#1233 = AXIS2_PLACEMENT_3D ( 'NONE', #1895, #2731, #4851 ) ;
#1234 = CARTESIAN_POINT ( 'NONE',  ( 0.09999999999990905100, 0.2000000000002728500, 0.1000000000000000100 ) ) ;
#1235 = CARTESIAN_POINT ( 'NONE',  ( 0.2000036276725142300, 1.000757432709709500, 0.4200000000000000400 ) ) ;
#1236 = VECTOR ( 'NONE', #514, 1000.000000000000000 ) ;
#1237 = CARTESIAN_POINT ( 'NONE',  ( -0.2500000000000000000, 1.200000000000272800, 0.1000000000000000100 ) ) ;
#1238 = ORIENTED_EDGE ( 'NONE', *, *, #59, .T. ) ;
#1239 = CARTESIAN_POINT ( 'NONE',  ( 0.2000036276726792400, 1.171999999999597600, 0.3200000000000000100 ) ) ;
#1240 = CARTESIAN_POINT ( 'NONE',  ( 0.09999999999990905100, 0.2000000000002728500, 0.1000000000000000100 ) ) ;
#1241 = CARTESIAN_POINT ( 'NONE',  ( 1.024358974359074600, 0.03846153846166089400, 0.1000000000000000100 ) ) ;
#1242 = FACE_OUTER_BOUND ( 'NONE', #3739, .T. ) ;
#1243 = CIRCLE ( 'NONE', #4103, 0.09999999999991331100 ) ;
#1244 = EDGE_CURVE ( 'NONE', #3017, #3815, #2687, .T. ) ;
#1245 = DIRECTION ( 'NONE',  ( -0.0000000000000000000, 1.000000000000000000, -0.0000000000000000000 ) ) ;
#1246 = VECTOR ( 'NONE', #924, 1000.000000000000000 ) ;
#1247 = CIRCLE ( 'NONE', #1210, 0.1000000000002500600 ) ;
#1248 = MECHANICAL_DESIGN_GEOMETRIC_PRESENTATION_REPRESENTATION (  '', ( #693 ), #1541 ) ;
#1249 = LINE ( 'NONE', #2426, #3505 ) ;
#1250 = FACE_OUTER_BOUND ( 'NONE', #2139, .T. ) ;
#1251 = CARTESIAN_POINT ( 'NONE',  ( -0.2500000000000000000, 0.2000000000002728500, 0.1000000000000000100 ) ) ;
#1252 = DIRECTION ( 'NONE',  ( 0.0000000000000000000, 0.0000000000000000000, 1.000000000000000000 ) ) ;
#1253 = VERTEX_POINT ( 'NONE', #2715 ) ;
#1254 = EDGE_CURVE ( 'NONE', #3657, #1831, #5079, .T. ) ;
#1255 = PLANE ( 'NONE',  #3250 ) ;
#1256 = AXIS2_PLACEMENT_3D ( 'NONE', #4215, #1677, #4639 ) ;
#1257 = DIRECTION ( 'NONE',  ( -0.0000000000000000000, -0.0000000000000000000, -1.000000000000000000 ) ) ;
#1258 = FILL_AREA_STYLE ('',( #4644 ) ) ;
#1259 = DIRECTION ( 'NONE',  ( 1.568167590513652600E-013, 1.000000000000000000, 0.0000000000000000000 ) ) ;
#1260 = DIRECTION ( 'NONE',  ( 0.0000000000000000000, -1.000000000000000000, 0.0000000000000000000 ) ) ;
#1261 = CARTESIAN_POINT ( 'NONE',  ( 0.0000000000000000000, 0.6250000000000000000, 0.0000000000000000000 ) ) ;
#1262 = EDGE_CURVE ( 'NONE', #2102, #2274, #1967, .T. ) ;
#1263 = ORIENTED_EDGE ( 'NONE', *, *, #430, .T. ) ;
#1264 = EDGE_LOOP ( 'NONE', ( #2969, #435, #2104, #3195 ) ) ;
#1265 = ORIENTED_EDGE ( 'NONE', *, *, #1254, .T. ) ;
#1266 = EDGE_LOOP ( 'NONE', ( #279, #3140, #3695, #3270 ) ) ;
#1267 = VERTEX_POINT ( 'NONE', #4003 ) ;
#1268 = CLOSED_SHELL ( 'NONE', ( #1973, #2771, #580, #216, #4945, #5398, #3157, #1092, #4115, #778, #3606, #3518, #5275, #2795, #4549, #1637, #239, #1871, #5296, #4517, #4999, #2321, #4082, #187, #1899, #1523, #1022, #668, #3685, #353, #1068, #4812, #2745, #2742 ) ) ;
#1269 = ORIENTED_EDGE ( 'NONE', *, *, #5076, .F. ) ;
#1270 = DIRECTION ( 'NONE',  ( -1.000000000000000000, 0.0000000000000000000, 0.0000000000000000000 ) ) ;
#1271 = DIRECTION ( 'NONE',  ( 1.000000000000000000, 0.0000000000000000000, 0.0000000000000000000 ) ) ;
#1272 = VECTOR ( 'NONE', #2061, 1000.000000000000000 ) ;
#1273 = ORIENTED_EDGE ( 'NONE', *, *, #4111, .T. ) ;
#1274 = DIRECTION ( 'NONE',  ( -0.0000000000000000000, -0.0000000000000000000, 1.000000000000000000 ) ) ;
#1275 = SURFACE_STYLE_USAGE ( .BOTH. , #3827 ) ;
#1276 =( NAMED_UNIT ( * ) PLANE_ANGLE_UNIT ( ) SI_UNIT ( $, .RADIAN. ) );
#1277 = DIRECTION ( 'NONE',  ( -0.3846153846208067400, -0.9230769230746638200, 0.0000000000000000000 ) ) ;
#1278 = DIRECTION ( 'NONE',  ( -1.000000000000000000, 0.0000000000000000000, 0.0000000000000000000 ) ) ;
#1279 = VERTEX_POINT ( 'NONE', #4852 ) ;
#1280 = PLANE ( 'NONE',  #2893 ) ;
#1281 = ORIENTED_EDGE ( 'NONE', *, *, #1206, .F. ) ;
#1282 = ORIENTED_EDGE ( 'NONE', *, *, #868, .T. ) ;
#1283 = AXIS2_PLACEMENT_3D ( 'NONE', #2263, #407, #3357 ) ;
#1284 = CARTESIAN_POINT ( 'NONE',  ( -0.3499999999999090500, 0.6250000000000000000, 0.1000000000000000100 ) ) ;
#1285 = ORIENTED_EDGE ( 'NONE', *, *, #725, .T. ) ;
#1286 = EDGE_CURVE ( 'NONE', #5004, #3895, #442, .T. ) ;
#1287 = CIRCLE ( 'NONE', #3090, 0.09999999999945447000 ) ;
#1288 = EDGE_LOOP ( 'NONE', ( #288, #1732, #1273, #1857 ) ) ;
#1289 = EDGE_LOOP ( 'NONE', ( #3465, #3880, #3859, #4266 ) ) ;
#1290 = EDGE_CURVE ( 'NONE', #5210, #102, #4874, .T. ) ;
#1291 = DIRECTION ( 'NONE',  ( -1.000000000000000000, 0.0000000000000000000, 0.0000000000000000000 ) ) ;
#1292 = AXIS2_PLACEMENT_3D ( 'NONE', #1209, #3763, #5439 ) ;
#1293 = VECTOR ( 'NONE', #1845, 1000.000000000000000 ) ;
#1295 = CARTESIAN_POINT ( 'NONE',  ( 2.799996372328230200, 1.000757432709517200, 0.3200000000000000100 ) ) ;
#1294 = CARTESIAN_POINT ( 'NONE',  ( 0.4345724465396188000, 0.9654275534607280600, 0.03360878088562668800 ) ) ;
#1296 = EDGE_CURVE ( 'NONE', #2997, #3539, #3819, .T. ) ;
#1297 =( LENGTH_UNIT ( ) NAMED_UNIT ( * ) SI_UNIT ( .MILLI., .METRE. ) );
#1298 = DIRECTION ( 'NONE',  ( 0.0000000000000000000, 0.0000000000000000000, 1.000000000000000000 ) ) ;
#1299 = CARTESIAN_POINT ( 'NONE',  ( 0.5000000000004547500, 1.400000000000090900, 0.1000000000000000100 ) ) ;
#1300 = CARTESIAN_POINT ( 'NONE',  ( 2.900000000000090900, 1.200000000000272800, 0.1000000000000000100 ) ) ;
#1301 = VECTOR ( 'NONE', #1771, 1000.000000000000100 ) ;
#1302 = PRODUCT ( '3020胶体', '3020胶体', '', ( #2617 ) ) ;
#1303 = LINE ( 'NONE', #495, #2302 ) ;
#1304 = ORIENTED_EDGE ( 'NONE', *, *, #4790, .F. ) ;
#1305 = CIRCLE ( 'NONE', #2110, 0.09999999999990875900 ) ;
#1306 = MECHANICAL_DESIGN_GEOMETRIC_PRESENTATION_REPRESENTATION (  '', ( #742 ), #1597 ) ;
#1307 = LINE ( 'NONE', #4647, #1162 ) ;
#1308 = CYLINDRICAL_SURFACE ( 'NONE', #1292, 0.1000000000000256400 ) ;
#1309 = VECTOR ( 'NONE', #1950, 1000.000000000000000 ) ;
#1310 = DIRECTION ( 'NONE',  ( -0.0000000000000000000, -0.0000000000000000000, -1.000000000000000000 ) ) ;
#1311 = LINE ( 'NONE', #909, #2309 ) ;
#1312 = CIRCLE ( 'NONE', #266, 0.1000000000000227700 ) ;
#1313 = CARTESIAN_POINT ( 'NONE',  ( 2.799996372328230200, 1.000757432709517200, 0.3200000000000000100 ) ) ;
#1314 = CARTESIAN_POINT ( 'NONE',  ( -2.216339720411125900, -0.3488992817722025300, 3.100000000000000500 ) ) ;
#1315 = CARTESIAN_POINT ( 'NONE',  ( 0.9000000000000909500, 1.200000000000045500, -0.1000000000000000100 ) ) ;
#1316 = CYLINDRICAL_SURFACE ( 'NONE', #1225, 0.09999999999945426200 ) ;
#1317 = CARTESIAN_POINT ( 'NONE',  ( 1.824999999999818100, 1.300000000000182100, 0.1000000000000000100 ) ) ;
#1318 = VECTOR ( 'NONE', #1605, 1000.000000000000100 ) ;
#1319 = CARTESIAN_POINT ( 'NONE',  ( 1.150000000000090900, 0.2999999999999545300, -0.1000000000000000100 ) ) ;
#1320 = EDGE_CURVE ( 'NONE', #2420, #5132, #295, .T. ) ;
#1321 = DIRECTION ( 'NONE',  ( 0.0000000000000000000, 0.0000000000000000000, 1.000000000000000000 ) ) ;
#1322 = VERTEX_POINT ( 'NONE', #209 ) ;
#1323 = DIRECTION ( 'NONE',  ( 0.0000000000000000000, 0.0000000000000000000, 1.000000000000000000 ) ) ;
#1324 = AXIS2_PLACEMENT_3D ( 'NONE', #2112, #5068, #2527 ) ;
#1325 = ORIENTED_EDGE ( 'NONE', *, *, #1371, .F. ) ;
#1326 = UNCERTAINTY_MEASURE_WITH_UNIT (LENGTH_MEASURE( 1.000000000000000100E-005 ), #3471, 'distance_accuracy_value', 'NONE');
#1327 = DIRECTION ( 'NONE',  ( 0.0000000000000000000, 0.0000000000000000000, -1.000000000000000000 ) ) ;
#1328 = ORIENTED_EDGE ( 'NONE', *, *, #2394, .F. ) ;
#1329 = ORIENTED_EDGE ( 'NONE', *, *, #2744, .F. ) ;
#1330 = ORIENTED_EDGE ( 'NONE', *, *, #4279, .F. ) ;
#1331 = EDGE_CURVE ( 'NONE', #3451, #16, #4682, .T. ) ;
#1332 = ORIENTED_EDGE ( 'NONE', *, *, #1141, .F. ) ;
#1333 = PRESENTATION_LAYER_ASSIGNMENT (  '', '', ( #1049 ) ) ;
#1334 = ORIENTED_EDGE ( 'NONE', *, *, #5469, .F. ) ;
#1335 = APPLICATION_CONTEXT ( 'automotive_design' ) ;
#1336 = CARTESIAN_POINT ( 'NONE',  ( 0.0000000000000000000, 1.400000000000090900, 0.1000000000000000100 ) ) ;
#1337 = ORIENTED_EDGE ( 'NONE', *, *, #1403, .T. ) ;
#1338 = DIRECTION ( 'NONE',  ( -0.0000000000000000000, 0.0000000000000000000, 1.000000000000000000 ) ) ;
#1339 = EDGE_LOOP ( 'NONE', ( #3418, #4141, #4536, #3383 ) ) ;
#1340 = CARTESIAN_POINT ( 'NONE',  ( 0.3977405333355753500, 0.1985015937168326200, 0.4371683266630292900 ) ) ;
#1341 = DIRECTION ( 'NONE',  ( -0.0000000000000000000, -0.0000000000000000000, -1.000000000000000000 ) ) ;
#1342 = DIRECTION ( 'NONE',  ( 0.0000000000000000000, 1.000000000000000000, -0.0000000000000000000 ) ) ;
#1343 = AXIS2_PLACEMENT_3D ( 'NONE', #2833, #299, #3262 ) ;
#1344 = DIRECTION ( 'NONE',  ( 1.000000000000000000, 0.0000000000000000000, 0.0000000000000000000 ) ) ;
#1345 = ORIENTED_EDGE ( 'NONE', *, *, #2159, .F. ) ;
#1346 = EDGE_LOOP ( 'NONE', ( #3143, #292, #273, #3798 ) ) ;
#1347 = CARTESIAN_POINT ( 'NONE',  ( -0.2500000000000000000, 1.200000000000272800, 0.0000000000000000000 ) ) ;
#1348 = VECTOR ( 'NONE', #1139, 1000.000000000000000 ) ;
#1349 = EDGE_LOOP ( 'NONE', ( #4743, #337, #5122, #2163 ) ) ;
#1350 = CARTESIAN_POINT ( 'NONE',  ( 0.4257369056644146900, 0.9742630943359406000, 0.03459947521249218800 ) ) ;
#1351 = ORIENTED_EDGE ( 'NONE', *, *, #4061, .F. ) ;
#1352 = ORIENTED_EDGE ( 'NONE', *, *, #3174, .T. ) ;
#1353 = ORIENTED_EDGE ( 'NONE', *, *, #4214, .F. ) ;
#1354 = CARTESIAN_POINT ( 'NONE',  ( 1.824999999999818100, 1.300000000000182100, 0.0000000000000000000 ) ) ;
#1355 = APPLICATION_PROTOCOL_DEFINITION ( 'draft international standard', 'automotive_design', 1998, #913 ) ;
#1356 = DIRECTION ( 'NONE',  ( -0.0000000000000000000, -0.0000000000000000000, -1.000000000000000000 ) ) ;
#1357 = DIRECTION ( 'NONE',  ( -0.0000000000000000000, -0.0000000000000000000, -1.000000000000000000 ) ) ;
#1358 = ORIENTED_EDGE ( 'NONE', *, *, #3781, .F. ) ;
#1359 = DIRECTION ( 'NONE',  ( -0.0000000000000000000, -0.0000000000000000000, -1.000000000000000000 ) ) ;
#1360 = ORIENTED_EDGE ( 'NONE', *, *, #3381, .T. ) ;
#1361 = DIRECTION ( 'NONE',  ( -0.0000000000000000000, -0.0000000000000000000, -1.000000000000000000 ) ) ;
#1362 = FACE_OUTER_BOUND ( 'NONE', #3347, .T. ) ;
#1363 = ORIENTED_EDGE ( 'NONE', *, *, #4256, .F. ) ;
#1364 = ORIENTED_EDGE ( 'NONE', *, *, #3344, .T. ) ;
#1365 = DIRECTION ( 'NONE',  ( 0.0000000000000000000, -0.0000000000000000000, -1.000000000000000000 ) ) ;
#1366 = EDGE_CURVE ( 'NONE', #2999, #3051, #1287, .T. ) ;
#1367 = AXIS2_PLACEMENT_3D ( 'NONE', #532, #3479, #959 ) ;
#1368 = VECTOR ( 'NONE', #3584, 1000.000000000000000 ) ;
#1369 = CYLINDRICAL_SURFACE ( 'NONE', #1714, 0.09999999999990469300 ) ;
#1370 = DIRECTION ( 'NONE',  ( 0.0000000000000000000, 0.0000000000000000000, -1.000000000000000000 ) ) ;
#1371 = EDGE_CURVE ( 'NONE', #698, #1487, #168, .T. ) ;
#1372 = CARTESIAN_POINT ( 'NONE',  ( 1.250000000000000000, 0.2000000000000454700, -0.1000000000000000100 ) ) ;
#1373 = CARTESIAN_POINT ( 'NONE',  ( 0.09999999999990905100, 0.2000000000002728500, 0.1000000000000000100 ) ) ;
#1374 = CARTESIAN_POINT ( 'NONE',  ( 2.349999999999909100, 0.3000000000001819000, -0.1000000000000000100 ) ) ;
#1375 = CARTESIAN_POINT ( 'NONE',  ( -0.1500000000000909200, 1.100000000000136400, -0.1000000000000000100 ) ) ;
#1376 = VECTOR ( 'NONE', #5181, 1000.000000000000000 ) ;
#1377 = SURFACE_SIDE_STYLE ('',( #2169 ) ) ;
#1378 = VECTOR ( 'NONE', #4960, 1000.000000000000000 ) ;
#1379 = CARTESIAN_POINT ( 'NONE',  ( 2.700000000000272800, 0.2000000000000455000, 0.0000000000000000000 ) ) ;
#1380 = LINE ( 'NONE', #1194, #1232 ) ;
#1381 = LINE ( 'NONE', #481, #389 ) ;
#1382 = CARTESIAN_POINT ( 'NONE',  ( 1.149999999999968800, 1.100000000000031400, 0.0000000000000000000 ) ) ;
#1383 = ITEM_DEFINED_TRANSFORMATION ( 'NONE', 'NONE', #4755,  #4565 ) ;
#1384 = COLOUR_RGB ( '',1.000000000000000000, 1.000000000000000000, 1.000000000000000000 ) ;
#1385 = LINE ( 'NONE', #4518, #2371 ) ;
#1386 = VECTOR ( 'NONE', #1408, 1000.000000000000000 ) ;
#1387 = AXIS2_PLACEMENT_3D ( 'NONE', #2254, #2678, #140 ) ;
#1388 = PLANE ( 'NONE',  #3398 ) ;
#1389 = CARTESIAN_POINT ( 'NONE',  ( 0.6583333333333030200, 0.0000000000000000000, 0.1000000000000000100 ) ) ;
#1390 = VECTOR ( 'NONE', #4818, 1000.000000000000000 ) ;
#1391 = DIRECTION ( 'NONE',  ( 0.0000000000000000000, -0.0000000000000000000, -1.000000000000000000 ) ) ;
#1392 = CYLINDRICAL_SURFACE ( 'NONE', #946, 0.2000000000000002100 ) ;
#1393 = CIRCLE ( 'NONE', #780, 0.09999999999991331100 ) ;
#1394 = CYLINDRICAL_SURFACE ( 'NONE', #1846, 0.09999999999945426200 ) ;
#1395 = CARTESIAN_POINT ( 'NONE',  ( 2.900000000000090900, 0.5250000000000909500, 0.0000000000000000000 ) ) ;
#1396 = CARTESIAN_POINT ( 'NONE',  ( 0.2000036276725142600, 1.000757432709709300, 0.3200000000000000100 ) ) ;
#1397 = ORIENTED_EDGE ( 'NONE', *, *, #2086, .F. ) ;
#1398 = CARTESIAN_POINT ( 'NONE',  ( 0.2833333333333013000, 1.400000000000207100, 0.1000000000000000100 ) ) ;
#1399 = CARTESIAN_POINT ( 'NONE',  ( 0.5166666666668788800, 0.0000000000000000000, 0.1000000000000000100 ) ) ;
#1400 = ORIENTED_EDGE ( 'NONE', *, *, #3109, .F. ) ;
#1401 = CARTESIAN_POINT ( 'NONE',  ( 0.2500000000001165200, 1.108393433459087300E-013, 0.0000000000000000000 ) ) ;
#1402 = CARTESIAN_POINT ( 'NONE',  ( 0.2000000000002728500, 0.3000000000001819000, 0.0000000000000000000 ) ) ;
#1403 = EDGE_CURVE ( 'NONE', #5060, #4396, #2418, .T. ) ;
#1404 = CARTESIAN_POINT ( 'NONE',  ( 2.572761060381601800, 0.2280000000000476900, 0.0000000000000000000 ) ) ;
#1405 = EDGE_CURVE ( 'NONE', #5460, #3610, #3406, .T. ) ;
#1406 = UNCERTAINTY_MEASURE_WITH_UNIT (LENGTH_MEASURE( 1.000000000000000100E-005 ), #4071, 'distance_accuracy_value', 'NONE');
#1407 = CARTESIAN_POINT ( 'NONE',  ( 2.550000000000181900, 0.8750000000000000000, 0.1000000000000000100 ) ) ;
#1408 = DIRECTION ( 'NONE',  ( -0.0000000000000000000, -0.0000000000000000000, -1.000000000000000000 ) ) ;
#1409 = AXIS2_PLACEMENT_3D ( 'NONE', #188, #3152, #619 ) ;
#1410 = VERTEX_POINT ( 'NONE', #4907 ) ;
#1411 = ORIENTED_EDGE ( 'NONE', *, *, #1262, .T. ) ;
#1412 = CARTESIAN_POINT ( 'NONE',  ( 0.5333333333333030200, 1.400000000000090900, 0.1000000000000000100 ) ) ;
#1413 = VERTEX_POINT ( 'NONE', #4033 ) ;
#1414 = ORIENTED_EDGE ( 'NONE', *, *, #3322, .F. ) ;
#1415 = EDGE_CURVE ( 'NONE', #2454, #3441, #4411, .T. ) ;
#1416 = VERTEX_POINT ( 'NONE', #1943 ) ;
#1417 = DIRECTION ( 'NONE',  ( -1.000000000000000000, 0.0000000000000000000, 0.0000000000000000000 ) ) ;
#1418 = CARTESIAN_POINT ( 'NONE',  ( 0.5923076923077134100, 0.1815384615383663900, 0.1000000000000000100 ) ) ;
#1419 = ADVANCED_FACE ( 'NONE', ( #33 ), #5393, .T. ) ;
#1420 = CARTESIAN_POINT ( 'NONE',  ( 0.2280000000000679800, 0.2000036276715423700, 0.3200000000000000100 ) ) ;
#1421 = CARTESIAN_POINT ( 'NONE',  ( 0.5999999999997953600, 0.3000000000000682100, 0.1000000000000000100 ) ) ;
#1422 = LINE ( 'NONE', #327, #4669 ) ;
#1423 = DIRECTION ( 'NONE',  ( -0.0000000000000000000, -0.0000000000000000000, -1.000000000000000000 ) ) ;
#1424 = EDGE_LOOP ( 'NONE', ( #5448, #2229, #1128, #607 ) ) ;
#1425 = CARTESIAN_POINT ( 'NONE',  ( 0.3499999999999090000, 1.400000000000090900, 0.0000000000000000000 ) ) ;
#1426 = CARTESIAN_POINT ( 'NONE',  ( -0.04999999999972713800, 0.2999999999999545300, -0.1000000000000000100 ) ) ;
#1427 = ORIENTED_EDGE ( 'NONE', *, *, #3567, .F. ) ;
#1428 = ORIENTED_EDGE ( 'NONE', *, *, #1204, .T. ) ;
#1429 = CARTESIAN_POINT ( 'NONE',  ( 0.0000000000000000000, 1.400000000000090900, -0.1000000000000000100 ) ) ;
#1430 = EDGE_LOOP ( 'NONE', ( #4661, #2019, #2569, #2155 ) ) ;
#1431 = DIRECTION ( 'NONE',  ( -1.000000000000000000, 0.0000000000000000000, 0.0000000000000000000 ) ) ;
#1432 = ORIENTED_EDGE ( 'NONE', *, *, #1320, .T. ) ;
#1433 = AXIS2_PLACEMENT_3D ( 'NONE', #2016, #4976, #2428 ) ;
#1434 = VECTOR ( 'NONE', #1059, 1000.000000000000000 ) ;
#1435 = ORIENTED_EDGE ( 'NONE', *, *, #2495, .T. ) ;
#1436 = ORIENTED_EDGE ( 'NONE', *, *, #310, .T. ) ;
#1437 = EDGE_CURVE ( 'NONE', #628, #5329, #4539, .T. ) ;
#1438 = PLANE ( 'NONE',  #2366 ) ;
#1439 = CARTESIAN_POINT ( 'NONE',  ( 0.9499999999998182100, 1.100000000000136400, 0.0000000000000000000 ) ) ;
#1440 = CARTESIAN_POINT ( 'NONE',  ( -0.3499999999999090500, 0.7750000000000909500, 0.0000000000000000000 ) ) ;
#1441 = LINE ( 'NONE', #2242, #448 ) ;
#1442 = CARTESIAN_POINT ( 'NONE',  ( 0.2000000000002728500, 0.3000000000001819000, 0.0000000000000000000 ) ) ;
#1443 = DIRECTION ( 'NONE',  ( 0.0000000000000000000, 0.0000000000000000000, 1.000000000000000000 ) ) ;
#1444 = DIRECTION ( 'NONE',  ( -1.000000000000000000, -0.0000000000000000000, -0.0000000000000000000 ) ) ;
#1445 = AXIS2_PLACEMENT_3D ( 'NONE', #1496, #4462, #1935 ) ;
#1446 = LINE ( 'NONE', #3826, #3556 ) ;
#1447 = ADVANCED_FACE ( 'NONE', ( #2161 ), #2800, .F. ) ;
#1448 = EDGE_CURVE ( 'NONE', #3526, #4147, #3147, .T. ) ;
#1449 = LINE ( 'NONE', #879, #4694 ) ;
#1450 = ORIENTED_EDGE ( 'NONE', *, *, #5295, .T. ) ;
#1451 = CIRCLE ( 'NONE', #1533, 0.1000000000004683100 ) ;
#1452 = VECTOR ( 'NONE', #109, 1000.000000000000000 ) ;
#1453 = FACE_OUTER_BOUND ( 'NONE', #942, .T. ) ;
#1454 = LINE ( 'NONE', #232, #3570 ) ;
#1455 = EDGE_CURVE ( 'NONE', #428, #4278, #1147, .T. ) ;
#1456 = DIRECTION ( 'NONE',  ( -1.000000000000000000, 0.0000000000000000000, 0.0000000000000000000 ) ) ;
#1457 = FACE_OUTER_BOUND ( 'NONE', #4586, .T. ) ;
#1458 = DIRECTION ( 'NONE',  ( 1.000000000000000000, 0.0000000000000000000, 0.0000000000000000000 ) ) ;
#1459 = CARTESIAN_POINT ( 'NONE',  ( 3.000000000000000000, 1.400000000000090900, -0.1000000000000000100 ) ) ;
#1460 = DIRECTION ( 'NONE',  ( 1.000000000000000000, 0.0000000000000000000, 0.0000000000000000000 ) ) ;
#1461 = FACE_OUTER_BOUND ( 'NONE', #5142, .T. ) ;
#1462 = CARTESIAN_POINT ( 'NONE',  ( 0.6000000000003638000, 0.2999999999999545800, -0.1000000000000000100 ) ) ;
#1463 = CARTESIAN_POINT ( 'NONE',  ( 0.2833333333333013000, 1.400000000000207100, 0.1000000000000000100 ) ) ;
#1464 = FACE_BOUND ( 'NONE', #1549, .T. ) ;
#1465 = CYLINDRICAL_SURFACE ( 'NONE', #1734, 0.2000000000000000100 ) ;
#1466 = VERTEX_POINT ( 'NONE', #281 ) ;
#1467 = DIRECTION ( 'NONE',  ( -0.0000000000000000000, 0.0000000000000000000, -1.000000000000000000 ) ) ;
#1468 = ORIENTED_EDGE ( 'NONE', *, *, #2154, .T. ) ;
#1469 = PRODUCT_DEFINITION_CONTEXT ( 'detailed design', #932, 'design' ) ;
#1470 = ADVANCED_FACE ( 'NONE', ( #5268 ), #3244, .T. ) ;
#1471 = VERTEX_POINT ( 'NONE', #712 ) ;
#1472 = ADVANCED_FACE ( 'NONE', ( #219 ), #3691, .F. ) ;
#1473 = ORIENTED_EDGE ( 'NONE', *, *, #810, .T. ) ;
#1474 = SURFACE_SIDE_STYLE ('',( #714 ) ) ;
#1475 = EDGE_CURVE ( 'NONE', #69, #4335, #2477, .T. ) ;
#1476 = ORIENTED_EDGE ( 'NONE', *, *, #2515, .F. ) ;
#1477 = CARTESIAN_POINT ( 'NONE',  ( 0.9000000000000909500, 1.200000000000045500, -0.1000000000000000100 ) ) ;
#1478 = VERTEX_POINT ( 'NONE', #2847 ) ;
#1479 = EDGE_LOOP ( 'NONE', ( #2669, #2689, #2737, #1180 ) ) ;
#1480 = EDGE_LOOP ( 'NONE', ( #3681, #4324, #1414, #1436 ) ) ;
#1481 = EDGE_CURVE ( 'NONE', #566, #1770, #3461, .T. ) ;
#1482 =( LENGTH_UNIT ( ) NAMED_UNIT ( * ) SI_UNIT ( .MILLI., .METRE. ) );
#1483 = EDGE_LOOP ( 'NONE', ( #2591, #2273, #1896, #1304 ) ) ;
#1484 = EDGE_LOOP ( 'NONE', ( #5264, #2609, #762, #5120, #1011 ) ) ;
#1485 = CARTESIAN_POINT ( 'NONE',  ( 1.008333333333211800, 0.0000000000000000000, 0.0000000000000000000 ) ) ;
#1486 = EDGE_CURVE ( 'NONE', #2556, #2872, #4596, .T. ) ;
#1487 = VERTEX_POINT ( 'NONE', #5388 ) ;
#1488 = EDGE_LOOP ( 'NONE', ( #2072, #1353, #1766, #2931 ) ) ;
#1489 = DIRECTION ( 'NONE',  ( -1.000000000000000000, 0.0000000000000000000, 0.0000000000000000000 ) ) ;
#1490 = VERTEX_POINT ( 'NONE', #1155 ) ;
#1491 = AXIS2_PLACEMENT_3D ( 'NONE', #3842, #2156, #5119 ) ;
#1492 = ORIENTED_EDGE ( 'NONE', *, *, #4172, .F. ) ;
#1493 = VERTEX_POINT ( 'NONE', #4560 ) ;
#1494 = VERTEX_POINT ( 'NONE', #2035 ) ;
#1495 = ADVANCED_FACE ( 'NONE', ( #88 ), #4144, .F. ) ;
#1496 = CARTESIAN_POINT ( 'NONE',  ( 0.6000000000001364200, 1.399999999999863600, 0.0000000000000000000 ) ) ;
#1497 = ADVANCED_FACE ( 'NONE', ( #4737 ), #1601, .F. ) ;
#1498 = VECTOR ( 'NONE', #454, 1000.000000000000000 ) ;
#1499 = ORIENTED_EDGE ( 'NONE', *, *, #2566, .T. ) ;
#1500 = ORIENTED_EDGE ( 'NONE', *, *, #3452, .T. ) ;
#1501 = AXIS2_PLACEMENT_3D ( 'NONE', #4642, #2113, #5069 ) ;
#1502 =( BOUNDED_CURVE ( )  B_SPLINE_CURVE ( 3, ( #361, #1197, #1646, #4606 ),
 .UNSPECIFIED., .F., .F. ) 
 B_SPLINE_CURVE_WITH_KNOTS ( ( 4, 4 ),
 ( 2.359992588465104300, 3.923192718714482400 ),
 .UNSPECIFIED. ) 
 CURVE ( )  GEOMETRIC_REPRESENTATION_ITEM ( )  RATIONAL_B_SPLINE_CURVE ( ( 1.000000000000000000, 0.8065248903851030000, 0.8065248903851030000, 1.000000000000000000 ) ) 
 REPRESENTATION_ITEM ( '' )  );
#1503 = EDGE_CURVE ( 'NONE', #4189, #610, #4468, .T. ) ;
#1504 = CARTESIAN_POINT ( 'NONE',  ( 0.0000000000000000000, 1.400000000000090900, 0.4200000000000000400 ) ) ;
#1505 = CIRCLE ( 'NONE', #4496, 0.09999999999990767700 ) ;
#1506 = DIRECTION ( 'NONE',  ( 0.0000000000000000000, 0.0000000000000000000, 1.000000000000000000 ) ) ;
#1507 = EDGE_CURVE ( 'NONE', #16, #4861, #1202, .T. ) ;
#1508 = FACE_OUTER_BOUND ( 'NONE', #934, .T. ) ;
#1509 = DIRECTION ( 'NONE',  ( 0.0000000000000000000, 0.0000000000000000000, 1.000000000000000000 ) ) ;
#1510 = STYLED_ITEM ( 'NONE', ( #1109 ), #4054 ) ;
#1511 = VECTOR ( 'NONE', #3460, 1000.000000000000000 ) ;
#1512 = VECTOR ( 'NONE', #4580, 1000.000000000000000 ) ;
#1513 = LINE ( 'NONE', #1724, #4769 ) ;
#1514 = EDGE_CURVE ( 'NONE', #1968, #1416, #3335, .T. ) ;
#1515 = SHAPE_DEFINITION_REPRESENTATION ( #1181, #5327 ) ;
#1516 = FACE_OUTER_BOUND ( 'NONE', #4656, .T. ) ;
#1517 = LINE ( 'NONE', #5352, #3639 ) ;
#1518 = FACE_OUTER_BOUND ( 'NONE', #2946, .T. ) ;
#1519 = CARTESIAN_POINT ( 'NONE',  ( 0.7999999999997271500, 1.180000000000063700, 0.1000000000000000100 ) ) ;
#1520 = VECTOR ( 'NONE', #3108, 1000.000000000000000 ) ;
#1521 = ADVANCED_FACE ( 'NONE', ( #3202 ), #958, .T. ) ;
#1522 = LINE ( 'NONE', #4260, #3646 ) ;
#1523 = ADVANCED_FACE ( 'NONE', ( #1074 ), #4207, .T. ) ;
#1524 = CARTESIAN_POINT ( 'NONE',  ( 0.0000000000000000000, 1.400000000000090900, 0.0000000000000000000 ) ) ;
#1525 = EDGE_LOOP ( 'NONE', ( #2152, #2701, #4534, #2810 ) ) ;
#1526 = CARTESIAN_POINT ( 'NONE',  ( 2.572761060381585400, 1.171999999999570700, 0.1000000000000000100 ) ) ;
#1527 = VECTOR ( 'NONE', #4599, 1000.000000000000000 ) ;
#1528 = DIRECTION ( 'NONE',  ( -1.000000000000000000, 0.0000000000000000000, 0.0000000000000000000 ) ) ;
#1529 = ORIENTED_EDGE ( 'NONE', *, *, #1691, .F. ) ;
#1530 = DIRECTION ( 'NONE',  ( -0.0000000000000000000, -0.0000000000000000000, -1.000000000000000000 ) ) ;
#1531 = ORIENTED_EDGE ( 'NONE', *, *, #1692, .T. ) ;
#1532 =( NAMED_UNIT ( * ) PLANE_ANGLE_UNIT ( ) SI_UNIT ( $, .RADIAN. ) );
#1533 = AXIS2_PLACEMENT_3D ( 'NONE', #4886, #2335, #5298 ) ;
#1534 = CARTESIAN_POINT ( 'NONE',  ( 1.116666666666788200, 0.09999999999990905100, 0.1000000000000000100 ) ) ;
#1535 = DIRECTION ( 'NONE',  ( 0.0000000000000000000, 0.0000000000000000000, 1.000000000000000000 ) ) ;
#1536 = EDGE_CURVE ( 'NONE', #552, #1490, #2215, .T. ) ;
#1537 = ORIENTED_EDGE ( 'NONE', *, *, #3117, .F. ) ;
#1538 = ORIENTED_EDGE ( 'NONE', *, *, #1547, .F. ) ;
#1539 = ORIENTED_EDGE ( 'NONE', *, *, #418, .F. ) ;
#1540 = ORIENTED_EDGE ( 'NONE', *, *, #553, .F. ) ;
#1541 =( GEOMETRIC_REPRESENTATION_CONTEXT ( 3 ) GLOBAL_UNCERTAINTY_ASSIGNED_CONTEXT ( ( #592 ) ) GLOBAL_UNIT_ASSIGNED_CONTEXT ( ( #1911, #4870, #2314 ) ) REPRESENTATION_CONTEXT ( 'NONE', 'WORKASPACE' ) );
#1542 = CARTESIAN_POINT ( 'NONE',  ( 0.1999999999999317900, 0.2000000000001591600, 0.1000000000000000100 ) ) ;
#1543 = ORIENTED_EDGE ( 'NONE', *, *, #5171, .T. ) ;
#1544 = DIRECTION ( 'NONE',  ( 0.0000000000000000000, 0.0000000000000000000, 1.000000000000000000 ) ) ;
#1545 = CARTESIAN_POINT ( 'NONE',  ( 0.2833333333333013000, 1.400000000000207100, 0.0000000000000000000 ) ) ;
#1546 = VECTOR ( 'NONE', #2900, 1000.000000000000000 ) ;
#1547 = EDGE_CURVE ( 'NONE', #4211, #3259, #4338, .T. ) ;
#1548 = CARTESIAN_POINT ( 'NONE',  ( 0.3992425672908633300, 1.199996372327866600, 0.3200000000000000100 ) ) ;
#1549 = EDGE_LOOP ( 'NONE', ( #2989, #2450, #1018, #1573, #3399, #1699, #1675, #1817 ) ) ;
#1550 = AXIS2_PLACEMENT_3D ( 'NONE', #399, #3352, #820 ) ;
#1551 = ADVANCED_FACE ( 'NONE', ( #2090 ), #2358, .F. ) ;
#1552 = CARTESIAN_POINT ( 'NONE',  ( 3.000000000000000000, 0.0000000000000000000, 0.1000000000000000100 ) ) ;
#1553 = ORIENTED_EDGE ( 'NONE', *, *, #4631, .T. ) ;
#1554 = VERTEX_POINT ( 'NONE', #1094 ) ;
#1555 = VERTEX_POINT ( 'NONE', #2806 ) ;
#1556 = EDGE_CURVE ( 'NONE', #3454, #2203, #5200, .T. ) ;
#1557 = VERTEX_POINT ( 'NONE', #3234 ) ;
#1558 = VECTOR ( 'NONE', #176, 1000.000000000000000 ) ;
#1559 = ORIENTED_EDGE ( 'NONE', *, *, #2996, .T. ) ;
#1560 = ORIENTED_EDGE ( 'NONE', *, *, #1579, .F. ) ;
#1561 = CARTESIAN_POINT ( 'NONE',  ( 0.2499999999998863100, 0.3000000000000682100, 0.1000000000000000100 ) ) ;
#1562 = SURFACE_STYLE_USAGE ( .BOTH. , #4108 ) ;
#1563 = DIRECTION ( 'NONE',  ( -0.0000000000000000000, -0.0000000000000000000, -1.000000000000000000 ) ) ;
#1564 = CARTESIAN_POINT ( 'NONE',  ( 0.4257369056638802300, 0.4257369056634799900, 0.1345994752125608800 ) ) ;
#1565 = VECTOR ( 'NONE', #2226, 1000.000000000000200 ) ;
#1566 = DIRECTION ( 'NONE',  ( 1.000000000000000000, -0.0000000000000000000, -0.0000000000000000000 ) ) ;
#1567 = CARTESIAN_POINT ( 'NONE',  ( 0.1500000000000909500, 1.200000000000272800, -0.1000000000000000100 ) ) ;
#1568 = CARTESIAN_POINT ( 'NONE',  ( 0.5999999999997953600, 0.3000000000000682100, 0.0000000000000000000 ) ) ;
#1569 = LINE ( 'NONE', #862, #4826 ) ;
#1570 =( BOUNDED_CURVE ( )  B_SPLINE_CURVE ( 3, ( #2719, #5255, #609, #3571 ),
 .UNSPECIFIED., .F., .F. ) 
 B_SPLINE_CURVE_WITH_KNOTS ( ( 4, 4 ),
 ( 2.359992588466104800, 3.923192718713482300 ),
 .UNSPECIFIED. ) 
 CURVE ( )  GEOMETRIC_REPRESENTATION_ITEM ( )  RATIONAL_B_SPLINE_CURVE ( ( 1.000000000000000000, 0.8065248903855726200, 0.8065248903855726200, 1.000000000000000000 ) ) 
 REPRESENTATION_ITEM ( '' )  );
#1571 = AXIS2_PLACEMENT_3D ( 'NONE', #3393, #867, #3830 ) ;
#1572 = LINE ( 'NONE', #903, #4958 ) ;
#1573 = ORIENTED_EDGE ( 'NONE', *, *, #3701, .T. ) ;
#1574 = FACE_OUTER_BOUND ( 'NONE', #676, .T. ) ;
#1575 = EDGE_CURVE ( 'NONE', #3341, #4876, #1958, .T. ) ;
#1576 = ADVANCED_FACE ( 'NONE', ( #1824, #2943, #819, #3069 ), #704, .F. ) ;
#1577 =( NAMED_UNIT ( * ) PLANE_ANGLE_UNIT ( ) SI_UNIT ( $, .RADIAN. ) );
#1578 = DIRECTION ( 'NONE',  ( -1.000000000000000000, -0.0000000000000000000, -0.0000000000000000000 ) ) ;
#1579 = EDGE_CURVE ( 'NONE', #1962, #2665, #2802, .T. ) ;
#1580 = LINE ( 'NONE', #3060, #462 ) ;
#1581 = VECTOR ( 'NONE', #2462, 1000.000000000000100 ) ;
#1582 = LINE ( 'NONE', #5306, #2706 ) ;
#1583 = DIRECTION ( 'NONE',  ( 0.08682659386424784700, -0.08682659386424009000, 0.9924325091389677400 ) ) ;
#1584 = CARTESIAN_POINT ( 'NONE',  ( 2.550000000000181900, 0.5250000000000909500, 0.0000000000000000000 ) ) ;
#1585 = DIRECTION ( 'NONE',  ( 0.0000000000000000000, 0.0000000000000000000, 1.000000000000000000 ) ) ;
#1586 = MECHANICAL_DESIGN_GEOMETRIC_PRESENTATION_REPRESENTATION (  '', ( #1017 ), #1881 ) ;
#1587 = FACE_OUTER_BOUND ( 'NONE', #217, .T. ) ;
#1588 = DIRECTION ( 'NONE',  ( -0.0000000000000000000, -0.0000000000000000000, -1.000000000000000000 ) ) ;
#1589 = CARTESIAN_POINT ( 'NONE',  ( 0.2000036276718222300, 0.2823482405465893600, 0.3199999999999999500 ) ) ;
#1590 = LINE ( 'NONE', #3944, #724 ) ;
#1591 = DIRECTION ( 'NONE',  ( -1.000000000000000000, 0.0000000000000000000, 0.0000000000000000000 ) ) ;
#1592 = CARTESIAN_POINT ( 'NONE',  ( 0.4576923076924686000, 1.218461538461724600, 0.0000000000000000000 ) ) ;
#1593 = EDGE_CURVE ( 'NONE', #743, #1103, #688, .T. ) ;
#1594 = FACE_OUTER_BOUND ( 'NONE', #3529, .T. ) ;
#1595 = VECTOR ( 'NONE', #4091, 1000.000000000000000 ) ;
#1596 = ORIENTED_EDGE ( 'NONE', *, *, #3575, .F. ) ;
#1597 =( GEOMETRIC_REPRESENTATION_CONTEXT ( 3 ) GLOBAL_UNCERTAINTY_ASSIGNED_CONTEXT ( ( #2313 ) ) GLOBAL_UNIT_ASSIGNED_CONTEXT ( ( #507, #3453, #928 ) ) REPRESENTATION_CONTEXT ( 'NONE', 'WORKASPACE' ) );
#1598 = ORIENTED_EDGE ( 'NONE', *, *, #238, .T. ) ;
#1599 = CARTESIAN_POINT ( 'NONE',  ( 0.9000000000000909500, 1.100000000000136400, 0.0000000000000000000 ) ) ;
#1600 = CARTESIAN_POINT ( 'NONE',  ( 1.250000000000000000, 1.200000000000045500, 0.0000000000000000000 ) ) ;
#1601 = PLANE ( 'NONE',  #3551 ) ;
#1602 = EDGE_LOOP ( 'NONE', ( #2807, #5364, #1690, #3233 ) ) ;
#1603 = CARTESIAN_POINT ( 'NONE',  ( 0.8000000000001820100, 1.300000000000181900, 0.0000000000000000000 ) ) ;
#1604 = ORIENTED_EDGE ( 'NONE', *, *, #159, .F. ) ;
#1605 = DIRECTION ( 'NONE',  ( 0.3846153846208066900, 0.9230769230746638200, -0.0000000000000000000 ) ) ;
#1606 = ORIENTED_EDGE ( 'NONE', *, *, #844, .F. ) ;
#1607 = ADVANCED_FACE ( 'NONE', ( #558 ), #2675, .T. ) ;
#1608 = CARTESIAN_POINT ( 'NONE',  ( 0.9423076923076223500, 0.1815384615383663600, 0.1000000000000000100 ) ) ;
#1609 = ORIENTED_EDGE ( 'NONE', *, *, #2154, .F. ) ;
#1610 = ORIENTED_EDGE ( 'NONE', *, *, #2471, .T. ) ;
#1611 = ORIENTED_EDGE ( 'NONE', *, *, #2048, .F. ) ;
#1612 = EDGE_CURVE ( 'NONE', #764, #1687, #4932, .T. ) ;
#1613 = EDGE_LOOP ( 'NONE', ( #4132, #4873, #4281, #3878, #893, #2994, #4393, #3329 ) ) ;
#1614 = CARTESIAN_POINT ( 'NONE',  ( 0.8076923076923776500, 1.218461538461724600, 0.0000000000000000000 ) ) ;
#1615 = ORIENTED_EDGE ( 'NONE', *, *, #4137, .F. ) ;
#1616 = CARTESIAN_POINT ( 'NONE',  ( 0.3499999999999090500, 0.0000000000000000000, 0.1000000000000000100 ) ) ;
#1617 = AXIS2_PLACEMENT_3D ( 'NONE', #4254, #1717, #4679 ) ;
#1618 = EDGE_LOOP ( 'NONE', ( #4460, #4051, #1609, #1199 ) ) ;
#1619 = DIRECTION ( 'NONE',  ( -0.0000000000000000000, -0.0000000000000000000, 1.000000000000000000 ) ) ;
#1621 = DIRECTION ( 'NONE',  ( 0.08715574274765836000, 0.0000000000000000000, -0.9961946980917455500 ) ) ;
#1620 = CARTESIAN_POINT ( 'NONE',  ( 0.2500000000002274800, 1.399999999999863600, 0.1000000000000000100 ) ) ;
#1622 = VERTEX_POINT ( 'NONE', #737 ) ;
#1623 = EDGE_CURVE ( 'NONE', #3595, #170, #431, .T. ) ;
#1624 = DIRECTION ( 'NONE',  ( 0.0000000000000000000, 0.0000000000000000000, 1.000000000000000000 ) ) ;
#1625 = CARTESIAN_POINT ( 'NONE',  ( 0.3992425672908634400, 1.199996372327866600, 0.4200000000000000400 ) ) ;
#1626 = ORIENTED_EDGE ( 'NONE', *, *, #334, .T. ) ;
#1627 = DIRECTION ( 'NONE',  ( 0.0000000000000000000, 0.0000000000000000000, 1.000000000000000000 ) ) ;
#1628 = MECHANICAL_DESIGN_GEOMETRIC_PRESENTATION_REPRESENTATION (  '', ( #1049 ), #1919 ) ;
#1629 = ORIENTED_EDGE ( 'NONE', *, *, #1075, .F. ) ;
#1630 = VERTEX_POINT ( 'NONE', #1592 ) ;
#1631 = ORIENTED_EDGE ( 'NONE', *, *, #458, .F. ) ;
#1632 = AXIS2_PLACEMENT_3D ( 'NONE', #2468, #5423, #2891 ) ;
#1633 = CARTESIAN_POINT ( 'NONE',  ( 2.550000000000181900, 1.200000000000272800, 0.1000000000000000100 ) ) ;
#1634 = VECTOR ( 'NONE', #438, 1000.000000000000200 ) ;
#1635 = ORIENTED_EDGE ( 'NONE', *, *, #943, .T. ) ;
#1636 = ORIENTED_EDGE ( 'NONE', *, *, #3057, .T. ) ;
#1637 = ADVANCED_FACE ( 'NONE', ( #3668 ), #3269, .F. ) ;
#1638 = CARTESIAN_POINT ( 'NONE',  ( -0.2500000000000000000, 1.200000000000272800, 0.1000000000000000100 ) ) ;
#1639 = AXIS2_PLACEMENT_3D ( 'NONE', #3873, #1321, #4296 ) ;
#1640 = DIRECTION ( 'NONE',  ( -0.0000000000000000000, -0.0000000000000000000, -1.000000000000000000 ) ) ;
#1641 = DIRECTION ( 'NONE',  ( -0.08682659386424784700, 0.08682659386424009000, -0.9924325091389678600 ) ) ;
#1642 = DIRECTION ( 'NONE',  ( -1.000000000000000000, 0.0000000000000000000, 0.0000000000000000000 ) ) ;
#1644 = DIRECTION ( 'NONE',  ( -0.0000000000000000000, -0.0000000000000000000, 1.000000000000000000 ) ) ;
#1643 = CARTESIAN_POINT ( 'NONE',  ( -0.3499999999999090500, 0.7750000000000909500, 0.1000000000000000100 ) ) ;
#1645 = PLANE ( 'NONE',  #4012 ) ;
#1646 = CARTESIAN_POINT ( 'NONE',  ( 0.3103446128751148900, 0.2279999999998455500, 0.1000000000000000100 ) ) ;
#1647 = FACE_OUTER_BOUND ( 'NONE', #2947, .T. ) ;
#1648 = DIRECTION ( 'NONE',  ( 1.000000000000000000, 0.0000000000000000000, 0.0000000000000000000 ) ) ;
#1649 = VECTOR ( 'NONE', #3225, 1000.000000000000000 ) ;
#1650 = DIRECTION ( 'NONE',  ( -0.0000000000000000000, -0.0000000000000000000, -1.000000000000000000 ) ) ;
#1651 = LINE ( 'NONE', #915, #1511 ) ;
#1652 = VECTOR ( 'NONE', #4675, 1000.000000000000000 ) ;
#1653 = VECTOR ( 'NONE', #2452, 1000.000000000000000 ) ;
#1654 = LINE ( 'NONE', #4262, #4900 ) ;
#1655 = CARTESIAN_POINT ( 'NONE',  ( 1.355252715606880500E-017, 1.400000000000090900, 0.1000000000000000100 ) ) ;
#1656 = VECTOR ( 'NONE', #2938, 1000.000000000000000 ) ;
#1657 = VECTOR ( 'NONE', #4485, 1000.000000000000000 ) ;
#1658 = DIRECTION ( 'NONE',  ( -0.0000000000000000000, -0.0000000000000000000, -1.000000000000000000 ) ) ;
#1659 = DIRECTION ( 'NONE',  ( -0.0000000000000000000, -0.0000000000000000000, -1.000000000000000000 ) ) ;
#1660 = CIRCLE ( 'NONE', #4934, 0.09999999999990902300 ) ;
#1661 = EDGE_CURVE ( 'NONE', #3607, #1739, #3803, .T. ) ;
#1662 = CARTESIAN_POINT ( 'NONE',  ( 0.9499999999998179900, 0.2279999999999026400, 0.09999999999999999200 ) ) ;
#1663 = LINE ( 'NONE', #1705, #1796 ) ;
#1664 = AXIS2_PLACEMENT_3D ( 'NONE', #3027, #1794, #4761 ) ;
#1665 = DIRECTION ( 'NONE',  ( -1.000000000000000000, 0.0000000000000000000, 0.0000000000000000000 ) ) ;
#1666 = ORIENTED_EDGE ( 'NONE', *, *, #4858, .F. ) ;
#1667 = LINE ( 'NONE', #5422, #5045 ) ;
#1668 = CARTESIAN_POINT ( 'NONE',  ( 0.5000000000000000000, 1.200000000000045700, 0.0000000000000000000 ) ) ;
#1669 = EDGE_CURVE ( 'NONE', #1279, #4263, #1689, .T. ) ;
#1670 = ORIENTED_EDGE ( 'NONE', *, *, #2456, .T. ) ;
#1671 = ORIENTED_EDGE ( 'NONE', *, *, #158, .T. ) ;
#1672 = AXIS2_PLACEMENT_3D ( 'NONE', #1877, #4835, #2290 ) ;
#1673 = CARTESIAN_POINT ( 'NONE',  ( 0.0000000000000000000, 0.0000000000000000000, 0.0000000000000000000 ) ) ;
#1674 = CARTESIAN_POINT ( 'NONE',  ( 2.650000000000090900, 0.7750000000005459200, 0.1000000000000000100 ) ) ;
#1675 = ORIENTED_EDGE ( 'NONE', *, *, #1575, .T. ) ;
#1676 = ORIENTED_EDGE ( 'NONE', *, *, #1204, .F. ) ;
#1677 = DIRECTION ( 'NONE',  ( 0.0000000000000000000, 0.0000000000000000000, -1.000000000000000000 ) ) ;
#1678 = CARTESIAN_POINT ( 'NONE',  ( 0.3992425672908634400, 1.199996372327866600, 0.4200000000000000400 ) ) ;
#1679 = ORIENTED_EDGE ( 'NONE', *, *, #5295, .F. ) ;
#1680 = ORIENTED_EDGE ( 'NONE', *, *, #3457, .F. ) ;
#1682 = DIRECTION ( 'NONE',  ( -0.0000000000000000000, -0.0000000000000000000, -1.000000000000000000 ) ) ;
#1681 = DIRECTION ( 'NONE',  ( 0.0000000000000000000, 0.0000000000000000000, 1.000000000000000000 ) ) ;
#1683 = DIRECTION ( 'NONE',  ( -9.634353732941982200E-013, -1.000000000000000000, -0.0000000000000000000 ) ) ;
#1684 = DIRECTION ( 'NONE',  ( -1.000000000000000000, 0.0000000000000000000, 0.0000000000000000000 ) ) ;
#1685 = DIRECTION ( 'NONE',  ( -0.0000000000000000000, -1.000000000000000000, -0.0000000000000000000 ) ) ;
#1686 = DIRECTION ( 'NONE',  ( -0.3846153846208078000, -0.9230769230746634900, 0.0000000000000000000 ) ) ;
#1687 = VERTEX_POINT ( 'NONE', #2856 ) ;
#1688 = AXIS2_PLACEMENT_3D ( 'NONE', #476, #3423, #898 ) ;
#1689 = CIRCLE ( 'NONE', #2308, 0.09999999999990875900 ) ;
#1690 = ORIENTED_EDGE ( 'NONE', *, *, #2784, .F. ) ;
#1691 = EDGE_CURVE ( 'NONE', #4800, #3410, #2543, .T. ) ;
#1692 = EDGE_CURVE ( 'NONE', #3259, #3932, #1422, .T. ) ;
#1693 = EDGE_LOOP ( 'NONE', ( #3067, #4607, #3790, #4267 ) ) ;
#1694 = VERTEX_POINT ( 'NONE', #1608 ) ;
#1695 = VERTEX_POINT ( 'NONE', #3735 ) ;
#1696 = DIRECTION ( 'NONE',  ( 1.000000000000000000, 0.0000000000000000000, 0.0000000000000000000 ) ) ;
#1698 = DIRECTION ( 'NONE',  ( -0.0000000000000000000, -0.0000000000000000000, 1.000000000000000000 ) ) ;
#1697 = AXIS2_PLACEMENT_3D ( 'NONE', #3983, #581, #3542 ) ;
#1699 = ORIENTED_EDGE ( 'NONE', *, *, #261, .T. ) ;
#1701 = CARTESIAN_POINT ( 'NONE',  ( 1.150000000000090900, 0.2999999999999545300, 0.0000000000000000000 ) ) ;
#1700 = CARTESIAN_POINT ( 'NONE',  ( 0.1500000000000909500, 1.200000000000272800, -0.1000000000000000100 ) ) ;
#1702 = EDGE_CURVE ( 'NONE', #5180, #2861, #2404, .T. ) ;
#1703 = SURFACE_STYLE_USAGE ( .BOTH. , #4238 ) ;
#1704 = CIRCLE ( 'NONE', #1088, 0.09999999999990907800 ) ;
#1705 = CARTESIAN_POINT ( 'NONE',  ( 0.3756410256410163100, 1.361538461538657400, 0.1000000000000000100 ) ) ;
#1706 = VERTEX_POINT ( 'NONE', #4587 ) ;
#1707 = CARTESIAN_POINT ( 'NONE',  ( 0.09999999999990905100, 0.5250000000000909500, 0.0000000000000000000 ) ) ;
#1708 = ORIENTED_EDGE ( 'NONE', *, *, #4825, .F. ) ;
#1709 = CARTESIAN_POINT ( 'NONE',  ( 2.450000000000272800, 0.3000000000001819000, -0.1000000000000000100 ) ) ;
#1710 = CARTESIAN_POINT ( 'NONE',  ( 0.8000000000000596600, 1.100000000000031400, 0.0000000000000000000 ) ) ;
#1711 = FACE_OUTER_BOUND ( 'NONE', #4723, .T. ) ;
#1712 = CARTESIAN_POINT ( 'NONE',  ( -0.1500000000000909500, 1.100000000000136400, -0.1000000000000000100 ) ) ;
#1713 = SURFACE_STYLE_FILL_AREA ( #1777 ) ;
#1714 = AXIS2_PLACEMENT_3D ( 'NONE', #1120, #301, #5373 ) ;
#1715 = ORIENTED_EDGE ( 'NONE', *, *, #992, .F. ) ;
#1716 = CIRCLE ( 'NONE', #398, 0.09999999999945426200 ) ;
#1717 = DIRECTION ( 'NONE',  ( 0.0000000000000000000, 0.0000000000000000000, -1.000000000000000000 ) ) ;
#1718 =( NAMED_UNIT ( * ) PLANE_ANGLE_UNIT ( ) SI_UNIT ( $, .RADIAN. ) );
#1719 = CARTESIAN_POINT ( 'NONE',  ( 0.3992425672903017800, 0.2000036276715576900, 0.3200000000000000100 ) ) ;
#1720 = FACE_OUTER_BOUND ( 'NONE', #432, .T. ) ;
#1721 = DIRECTION ( 'NONE',  ( -0.0000000000000000000, 0.0000000000000000000, -1.000000000000000000 ) ) ;
#1722 = VECTOR ( 'NONE', #1168, 1000.000000000000000 ) ;
#1723 = EDGE_CURVE ( 'NONE', #3197, #77, #283, .T. ) ;
#1724 = CARTESIAN_POINT ( 'NONE',  ( 3.000000000000000000, 0.0000000000000000000, -0.1000000000000000100 ) ) ;
#1725 = VECTOR ( 'NONE', #4387, 1000.000000000000000 ) ;
#1726 = VECTOR ( 'NONE', #3925, 1000.000000000000000 ) ;
#1727 = AXIS2_PLACEMENT_3D ( 'NONE', #2738, #195, #2323 ) ;
#1728 = CIRCLE ( 'NONE', #3046, 0.2000000000001505900 ) ;
#1729 = LINE ( 'NONE', #4942, #730 ) ;
#1730 = CARTESIAN_POINT ( 'NONE',  ( 0.5923076923077134100, 0.1815384615383663900, 0.0000000000000000000 ) ) ;
#1731 = CARTESIAN_POINT ( 'NONE',  ( 0.0000000000000000000, 0.0000000000000000000, -0.1000000000000000100 ) ) ;
#1732 = ORIENTED_EDGE ( 'NONE', *, *, #5001, .T. ) ;
#1733 = EDGE_CURVE ( 'NONE', #4863, #3144, #156, .T. ) ;
#1734 = AXIS2_PLACEMENT_3D ( 'NONE', #1564, #2000, #713 ) ;
#1736 = DIRECTION ( 'NONE',  ( 0.0000000000000000000, 0.0000000000000000000, -1.000000000000000000 ) ) ;
#1735 = DIRECTION ( 'NONE',  ( 0.0000000000000000000, 0.0000000000000000000, -1.000000000000000000 ) ) ;
#1737 =( NAMED_UNIT ( * ) SI_UNIT ( $, .STERADIAN. ) SOLID_ANGLE_UNIT ( ) );
#1738 = DIRECTION ( 'NONE',  ( -0.0000000000000000000, 1.000000000000000000, 0.0000000000000000000 ) ) ;
#1739 = VERTEX_POINT ( 'NONE', #794 ) ;
#1740 = CARTESIAN_POINT ( 'NONE',  ( 0.9000000000000909500, 1.200000000000045500, -0.1000000000000000100 ) ) ;
#1741 = DIRECTION ( 'NONE',  ( 0.0000000000000000000, 0.0000000000000000000, -1.000000000000000000 ) ) ;
#1742 = PRODUCT ( '3014支架', '3014支架', '', ( #1773 ) ) ;
#1743 = EDGE_CURVE ( 'NONE', #2142, #672, #1131, .T. ) ;
#1744 = EDGE_LOOP ( 'NONE', ( #5372, #4516, #444, #5437 ) ) ;
#1745 = ORIENTED_EDGE ( 'NONE', *, *, #4825, .T. ) ;
#1746 = ORIENTED_EDGE ( 'NONE', *, *, #2645, .F. ) ;
#1747 = EDGE_LOOP ( 'NONE', ( #1020, #3677, #4793, #1679 ) ) ;
#1748 = VERTEX_POINT ( 'NONE', #4168 ) ;
#1749 = ORIENTED_EDGE ( 'NONE', *, *, #59, .F. ) ;
#1750 = MANIFOLD_SOLID_BREP ( '圆角4', #4964 ) ;
#1751 = AXIS2_PLACEMENT_3D ( 'NONE', #287, #1126, #2822 ) ;
#1752 = DIRECTION ( 'NONE',  ( 0.08682659386416476100, -0.08682659386424843000, -0.9924325091389744100 ) ) ;
#1753 = EDGE_LOOP ( 'NONE', ( #5440, #2798, #4341, #3510 ) ) ;
#1754 = VERTEX_POINT ( 'NONE', #4188 ) ;
#1755 = DIRECTION ( 'NONE',  ( 1.000000000000000000, 0.0000000000000000000, 0.0000000000000000000 ) ) ;
#1756 = DIRECTION ( 'NONE',  ( 0.0000000000000000000, 0.0000000000000000000, 1.000000000000000000 ) ) ;
#1757 = DIRECTION ( 'NONE',  ( -0.0000000000000000000, 0.0000000000000000000, -1.000000000000000000 ) ) ;
#1758 = ORIENTED_EDGE ( 'NONE', *, *, #4286, .F. ) ;
#1759 = CARTESIAN_POINT ( 'NONE',  ( 0.2000036276719347200, 0.3992425672900987700, 0.4200000000000000400 ) ) ;
#1760 = EDGE_LOOP ( 'NONE', ( #679, #1397, #3327, #2940 ) ) ;
#1761 = EDGE_LOOP ( 'NONE', ( #4474, #1400, #3203, #4323 ) ) ;
#1762 = EDGE_CURVE ( 'NONE', #961, #1322, #1924, .T. ) ;
#1763 = CARTESIAN_POINT ( 'NONE',  ( 0.2499999999998863100, 0.3000000000000682100, 0.1000000000000000100 ) ) ;
#1764 = VERTEX_POINT ( 'NONE', #1668 ) ;
#1765 = ORIENTED_EDGE ( 'NONE', *, *, #1486, .F. ) ;
#1766 = ORIENTED_EDGE ( 'NONE', *, *, #22, .F. ) ;
#1767 = EDGE_CURVE ( 'NONE', #4125, #102, #1893, .T. ) ;
#1768 = CARTESIAN_POINT ( 'NONE',  ( 0.8000000000001820100, 1.100000000000136400, -0.1000000000000000100 ) ) ;
#1769 = FACE_OUTER_BOUND ( 'NONE', #1213, .T. ) ;
#1770 = VERTEX_POINT ( 'NONE', #2942 ) ;
#1771 = DIRECTION ( 'NONE',  ( 0.3846153846147277200, 0.9230769230771968000, -0.0000000000000000000 ) ) ;
#1772 = EDGE_CURVE ( 'NONE', #2815, #4880, #2905, .T. ) ;
#1773 = PRODUCT_CONTEXT ( 'NONE', #1335, 'mechanical' ) ;
#1774 = CARTESIAN_POINT ( 'NONE',  ( 0.2823482405467922500, 0.2000036276715473100, 0.4200000000000000400 ) ) ;
#1775 = PLANE ( 'NONE',  #3787 ) ;
#1776 = DIRECTION ( 'NONE',  ( 0.0000000000000000000, 0.0000000000000000000, -1.000000000000000000 ) ) ;
#1777 = FILL_AREA_STYLE ('',( #5151 ) ) ;
#1778 = CARTESIAN_POINT ( 'NONE',  ( 0.9000000000000909500, 1.200000000000045500, 0.0000000000000000000 ) ) ;
#1779 = FACE_OUTER_BOUND ( 'NONE', #3075, .T. ) ;
#1780 = LINE ( 'NONE', #4069, #3902 ) ;
#1781 = VECTOR ( 'NONE', #479, 1000.000000000000000 ) ;
#1782 = VECTOR ( 'NONE', #19, 1000.000000000000100 ) ;
#1783 = LINE ( 'NONE', #2042, #1653 ) ;
#1784 = FILL_AREA_STYLE_COLOUR ( '', #3093 ) ;
#1785 = VECTOR ( 'NONE', #832, 1000.000000000000000 ) ;
#1786 = LINE ( 'NONE', #5070, #3776 ) ;
#1787 = VECTOR ( 'NONE', #3637, 1000.000000000000000 ) ;
#1788 = AXIS2_PLACEMENT_3D ( 'NONE', #3772, #403, #3356 ) ;
#1789 = APPLICATION_CONTEXT ( 'automotive_design' ) ;
#1790 = CARTESIAN_POINT ( 'NONE',  ( 1.116666666666788200, 0.09999999999990905100, 0.1000000000000000100 ) ) ;
#1791 = VECTOR ( 'NONE', #82, 1000.000000000000000 ) ;
#1792 = DIRECTION ( 'NONE',  ( -1.000000000000000000, 0.0000000000000000000, 0.0000000000000000000 ) ) ;
#1793 = LINE ( 'NONE', #1239, #1932 ) ;
#1794 = DIRECTION ( 'NONE',  ( 1.000000000000000000, 0.0000000000000000000, -0.0000000000000000000 ) ) ;
#1795 = DIRECTION ( 'NONE',  ( 0.0000000000000000000, 0.0000000000000000000, 1.000000000000000000 ) ) ;
#1796 = VECTOR ( 'NONE', #2134, 1000.000000000000000 ) ;
#1797 = EDGE_CURVE ( 'NONE', #2274, #964, #651, .T. ) ;
#1798 = CARTESIAN_POINT ( 'NONE',  ( 1.824999999999818100, 0.1000000000001364200, 0.0000000000000000000 ) ) ;
#1799 = EDGE_CURVE ( 'NONE', #3213, #2281, #3909, .T. ) ;
#1800 = LINE ( 'NONE', #5401, #670 ) ;
#1801 = CARTESIAN_POINT ( 'NONE',  ( 2.174999999999727200, 1.300000000000181900, 0.1000000000000000100 ) ) ;
#1802 = AXIS2_PLACEMENT_3D ( 'NONE', #3407, #40, #900 ) ;
#1803 = EDGE_LOOP ( 'NONE', ( #4980, #3527, #889, #1450 ) ) ;
#1804 = EDGE_LOOP ( 'NONE', ( #2205, #1821, #5451, #4745 ) ) ;
#1805 = EDGE_CURVE ( 'NONE', #3588, #4878, #5032, .T. ) ;
#1806 = PRODUCT_DEFINITION ( '未知', '', #2101, #5279 ) ;
#1807 = CARTESIAN_POINT ( 'NONE',  ( 0.5166666666668788800, 0.0000000000000000000, 0.0000000000000000000 ) ) ;
#1808 = ORIENTED_EDGE ( 'NONE', *, *, #1290, .F. ) ;
#1809 = DIRECTION ( 'NONE',  ( -0.0000000000000000000, -1.000000000000000000, -0.0000000000000000000 ) ) ;
#1810 = VERTEX_POINT ( 'NONE', #411 ) ;
#1811 = DIRECTION ( 'NONE',  ( -1.000000000000000000, 0.0000000000000000000, 0.0000000000000000000 ) ) ;
#1812 = ORIENTED_EDGE ( 'NONE', *, *, #596, .F. ) ;
#1813 = DIRECTION ( 'NONE',  ( -0.0000000000000000000, -0.0000000000000000000, -1.000000000000000000 ) ) ;
#1814 =( LENGTH_UNIT ( ) NAMED_UNIT ( * ) SI_UNIT ( .MILLI., .METRE. ) );
#1815 = CARTESIAN_POINT ( 'NONE',  ( 0.1500000000000909500, 1.200000000000272800, -0.1000000000000000100 ) ) ;
#1816 = AXIS2_PLACEMENT_3D ( 'NONE', #1418, #579, #3541 ) ;
#1817 = ORIENTED_EDGE ( 'NONE', *, *, #2885, .T. ) ;
#1818 = DIRECTION ( 'NONE',  ( 1.000000000000000000, 0.0000000000000000000, 0.0000000000000000000 ) ) ;
#1819 = VERTEX_POINT ( 'NONE', #1261 ) ;
#1820 = UNCERTAINTY_MEASURE_WITH_UNIT (LENGTH_MEASURE( 1.000000000000000100E-005 ), #4257, 'distance_accuracy_value', 'NONE');
#1821 = ORIENTED_EDGE ( 'NONE', *, *, #1166, .F. ) ;
#1822 = DIRECTION ( 'NONE',  ( -0.9961946980917455500, 0.0000000000000000000, 0.08715574274765836000 ) ) ;
#1823 = DIRECTION ( 'NONE',  ( -0.3846153846188730100, -0.9230769230754695100, 0.0000000000000000000 ) ) ;
#1824 = FACE_OUTER_BOUND ( 'NONE', #968, .T. ) ;
#1825 = AXIS2_PLACEMENT_3D ( 'NONE', #1913, #3585, #4872 ) ;
#1826 = CARTESIAN_POINT ( 'NONE',  ( 2.799996372328230200, 1.000757432709517400, 0.4200000000000000400 ) ) ;
#1827 = ORIENTED_EDGE ( 'NONE', *, *, #91, .F. ) ;
#1828 = ORIENTED_EDGE ( 'NONE', *, *, #4184, .F. ) ;
#1829 = ORIENTED_EDGE ( 'NONE', *, *, #2118, .T. ) ;
#1830 = SHAPE_REPRESENTATION ( '3014支架', ( #384, #4466, #4755, #5039 ), #5309 ) ;
#1831 = VERTEX_POINT ( 'NONE', #429 ) ;
#1832 = CARTESIAN_POINT ( 'NONE',  ( 1.724999999999909100, 1.400000000000090900, 0.1000000000000000100 ) ) ;
#1833 = EDGE_CURVE ( 'NONE', #2387, #5060, #927, .T. ) ;
#1834 = CARTESIAN_POINT ( 'NONE',  ( 0.8499999999995769800, 0.2199999999996843100, 0.1000000000000000100 ) ) ;
#1835 = ORIENTED_EDGE ( 'NONE', *, *, #264, .T. ) ;
#1836 = PLANE ( 'NONE',  #4706 ) ;
#1837 = ORIENTED_EDGE ( 'NONE', *, *, #2188, .F. ) ;
#1838 = DIRECTION ( 'NONE',  ( 1.000000000000000000, 0.0000000000000000000, 0.0000000000000000000 ) ) ;
#1839 = CARTESIAN_POINT ( 'NONE',  ( 0.9000000000000909500, 0.2000000000000454700, -0.1000000000000000100 ) ) ;
#1840 = LINE ( 'NONE', #1655, #3957 ) ;
#1841 = ORIENTED_EDGE ( 'NONE', *, *, #4817, .T. ) ;
#1842 = DIRECTION ( 'NONE',  ( -0.0000000000000000000, -0.0000000000000000000, -1.000000000000000000 ) ) ;
#1843 = DIRECTION ( 'NONE',  ( 1.000000000000000000, 0.0000000000000000000, 0.0000000000000000000 ) ) ;
#1844 = EDGE_CURVE ( 'NONE', #4053, #166, #1654, .T. ) ;
#1845 = DIRECTION ( 'NONE',  ( -0.0000000000000000000, -0.0000000000000000000, -1.000000000000000000 ) ) ;
#1846 = AXIS2_PLACEMENT_3D ( 'NONE', #2070, #1640, #375 ) ;
#1847 = CIRCLE ( 'NONE', #1501, 0.1000000000000255800 ) ;
#1848 = EDGE_CURVE ( 'NONE', #1770, #1878, #1513, .T. ) ;
#1849 = CARTESIAN_POINT ( 'NONE',  ( 1.250000000000001600, 1.100000000000135100, 0.0000000000000000000 ) ) ;
#1850 = CARTESIAN_POINT ( 'NONE',  ( 1.824999999999818100, 1.300000000000181900, 0.1000000000000000100 ) ) ;
#1851 = CARTESIAN_POINT ( 'NONE',  ( 2.650000000000090900, 0.6249999999995452500, 0.1000000000000000100 ) ) ;
#1852 = VECTOR ( 'NONE', #3153, 1000.000000000000000 ) ;
#1853 = DIRECTION ( 'NONE',  ( -0.0000000000000000000, -0.0000000000000000000, -1.000000000000000000 ) ) ;
#1854 = CYLINDRICAL_SURFACE ( 'NONE', #2324, 0.1000000000001364400 ) ;
#1855 = CARTESIAN_POINT ( 'NONE',  ( 0.1999999999998138000, 1.200000000000277300, 0.0000000000000000000 ) ) ;
#1856 = PRESENTATION_STYLE_ASSIGNMENT (( #5106 ) ) ;
#1857 = ORIENTED_EDGE ( 'NONE', *, *, #4279, .T. ) ;
#1858 = CIRCLE ( 'NONE', #5049, 0.09999999999990918900 ) ;
#1859 = DIRECTION ( 'NONE',  ( -1.000000000000000000, 0.0000000000000000000, 0.0000000000000000000 ) ) ;
#1860 = CYLINDRICAL_SURFACE ( 'NONE', #3667, 0.1000000000000255800 ) ;
#1861 = VECTOR ( 'NONE', #1152, 1000.000000000000000 ) ;
#1862 = AXIS2_PLACEMENT_3D ( 'NONE', #5371, #2834, #300 ) ;
#1863 = CARTESIAN_POINT ( 'NONE',  ( 0.8666666666667879300, 0.0000000000000000000, 0.0000000000000000000 ) ) ;
#1864 = CARTESIAN_POINT ( 'NONE',  ( 0.09999999999990905100, 1.200000000000272800, 0.0000000000000000000 ) ) ;
#1865 = VECTOR ( 'NONE', #555, 1000.000000000000000 ) ;
#1866 = COLOUR_RGB ( '',1.000000000000000000, 1.000000000000000000, 1.000000000000000000 ) ;
#1867 = VECTOR ( 'NONE', #2637, 1000.000000000000000 ) ;
#1868 = CIRCLE ( 'NONE', #2200, 0.09999999999968171800 ) ;
#1869 = AXIS2_PLACEMENT_3D ( 'NONE', #4241, #4665, #2135 ) ;
#1870 = DIRECTION ( 'NONE',  ( -1.000000000000000000, 0.0000000000000000000, 0.0000000000000000000 ) ) ;
#1871 = ADVANCED_FACE ( 'NONE', ( #3770 ), #2993, .F. ) ;
#1872 = CARTESIAN_POINT ( 'NONE',  ( 1.824999999999819700, 1.400000000000089600, 0.0000000000000000000 ) ) ;
#1873 = CARTESIAN_POINT ( 'NONE',  ( 0.1500000000005457000, 0.3000000000001819000, -0.1000000000000000100 ) ) ;
#1874 = ORIENTED_EDGE ( 'NONE', *, *, #4464, .T. ) ;
#1875 = DIRECTION ( 'NONE',  ( -0.0000000000000000000, -0.0000000000000000000, -1.000000000000000000 ) ) ;
#1876 = EDGE_CURVE ( 'NONE', #3468, #4651, #2506, .T. ) ;
#1877 = CARTESIAN_POINT ( 'NONE',  ( 0.7666666666667172300, -1.307818870560639700E-014, 0.1000000000000000100 ) ) ;
#1878 = VERTEX_POINT ( 'NONE', #30 ) ;
#1879 = EDGE_CURVE ( 'NONE', #2031, #3815, #252, .T. ) ;
#1880 = PLANE ( 'NONE',  #4951 ) ;
#1881 =( GEOMETRIC_REPRESENTATION_CONTEXT ( 3 ) GLOBAL_UNCERTAINTY_ASSIGNED_CONTEXT ( ( #999 ) ) GLOBAL_UNIT_ASSIGNED_CONTEXT ( ( #817, #3786, #1228 ) ) REPRESENTATION_CONTEXT ( 'NONE', 'WORKASPACE' ) );
#1882 = EDGE_LOOP ( 'NONE', ( #439, #1537, #3936, #372 ) ) ;
#1883 = ORIENTED_EDGE ( 'NONE', *, *, #2262, .T. ) ;
#1884 = ORIENTED_EDGE ( 'NONE', *, *, #3575, .T. ) ;
#1885 = ORIENTED_EDGE ( 'NONE', *, *, #553, .T. ) ;
#1886 = EDGE_CURVE ( 'NONE', #4535, #2665, #1381, .T. ) ;
#1887 = ORIENTED_EDGE ( 'NONE', *, *, #2885, .F. ) ;
#1888 = ORIENTED_EDGE ( 'NONE', *, *, #84, .T. ) ;
#1889 = ORIENTED_EDGE ( 'NONE', *, *, #5265, .T. ) ;
#1890 = DIRECTION ( 'NONE',  ( -0.0000000000000000000, -0.0000000000000000000, -1.000000000000000000 ) ) ;
#1891 = EDGE_LOOP ( 'NONE', ( #5382, #2030, #4321, #2482 ) ) ;
#1892 = CARTESIAN_POINT ( 'NONE',  ( 0.6000000000003638000, 1.100000000000136400, 0.0000000000000000000 ) ) ;
#1893 = LINE ( 'NONE', #3779, #1785 ) ;
#1894 = DIRECTION ( 'NONE',  ( -0.0000000000000000000, -0.0000000000000000000, -1.000000000000000000 ) ) ;
#1895 = CARTESIAN_POINT ( 'NONE',  ( 0.8499999999995769800, 0.2199999999996843100, 0.1000000000000000100 ) ) ;
#1896 = ORIENTED_EDGE ( 'NONE', *, *, #4355, .T. ) ;
#1897 = PRESENTATION_LAYER_ASSIGNMENT (  '', '', ( #2168 ) ) ;
#1898 = DIRECTION ( 'NONE',  ( 1.000000000000000000, 0.0000000000000000000, 0.0000000000000000000 ) ) ;
#1899 = ADVANCED_FACE ( 'NONE', ( #2365 ), #3012, .T. ) ;
#1900 = VERTEX_POINT ( 'NONE', #904 ) ;
#1901 = CARTESIAN_POINT ( 'NONE',  ( 0.8833333333332120700, 1.400000000000090900, 0.1000000000000000100 ) ) ;
#1902 = ADVANCED_FACE ( 'NONE', ( #4495 ), #919, .F. ) ;
#1903 = EDGE_LOOP ( 'NONE', ( #748, #333, #4395, #4011 ) ) ;
#1904 = VERTEX_POINT ( 'NONE', #1759 ) ;
#1905 = CARTESIAN_POINT ( 'NONE',  ( 0.2500000000006821200, 0.2999999999999545300, -0.1000000000000000100 ) ) ;
#1906 = VERTEX_POINT ( 'NONE', #4739 ) ;
#1907 = VERTEX_POINT ( 'NONE', #2198 ) ;
#1908 = ORIENTED_EDGE ( 'NONE', *, *, #5203, .F. ) ;
#1909 = EDGE_CURVE ( 'NONE', #2614, #75, #3364, .T. ) ;
#1910 = DIRECTION ( 'NONE',  ( 0.0000000000000000000, -1.000000000000000000, 0.0000000000000000000 ) ) ;
#1911 =( LENGTH_UNIT ( ) NAMED_UNIT ( * ) SI_UNIT ( .MILLI., .METRE. ) );
#1912 = CIRCLE ( 'NONE', #5005, 0.09999999999990767700 ) ;
#1913 = CARTESIAN_POINT ( 'NONE',  ( 0.9000000000000909500, 1.100000000000136400, -0.1000000000000000100 ) ) ;
#1914 = CARTESIAN_POINT ( 'NONE',  ( 2.600757432709898800, 0.2000036276717544200, 0.4200000000000000400 ) ) ;
#1915 = AXIS2_PLACEMENT_3D ( 'NONE', #1700, #5, #2971 ) ;
#1916 =( NAMED_UNIT ( * ) SI_UNIT ( $, .STERADIAN. ) SOLID_ANGLE_UNIT ( ) );
#1917 = EDGE_CURVE ( 'NONE', #5318, #4753, #3490, .T. ) ;
#1918 = VECTOR ( 'NONE', #2813, 1000.000000000000000 ) ;
#1920 = CARTESIAN_POINT ( 'NONE',  ( 0.3916666666668789400, 1.400000000000090900, 0.1000000000000000100 ) ) ;
#1919 =( GEOMETRIC_REPRESENTATION_CONTEXT ( 3 ) GLOBAL_UNCERTAINTY_ASSIGNED_CONTEXT ( ( #1820 ) ) GLOBAL_UNIT_ASSIGNED_CONTEXT ( ( #4257, #1718, #4680 ) ) REPRESENTATION_CONTEXT ( 'NONE', 'WORKASPACE' ) );
#1921 = VECTOR ( 'NONE', #3850, 1000.000000000000000 ) ;
#1922 = PRODUCT_DEFINITION_SHAPE ( 'NONE', 'NONE',  #5486 ) ;
#1923 = VECTOR ( 'NONE', #5083, 1000.000000000000000 ) ;
#1924 =( BOUNDED_CURVE ( )  B_SPLINE_CURVE ( 3, ( #2078, #1224, #4624, #2103 ),
 .UNSPECIFIED., .F., .F. ) 
 B_SPLINE_CURVE_WITH_KNOTS ( ( 4, 4 ),
 ( 2.359992588465104300, 3.923192718714481900 ),
 .UNSPECIFIED. ) 
 CURVE ( )  GEOMETRIC_REPRESENTATION_ITEM ( )  RATIONAL_B_SPLINE_CURVE ( ( 1.000000000000000000, 0.8065248903851030000, 0.8065248903851030000, 1.000000000000000000 ) ) 
 REPRESENTATION_ITEM ( '' )  );
#1925 = ADVANCED_FACE ( 'NONE', ( #116 ), #3463, .F. ) ;
#1926 = VECTOR ( 'NONE', #2820, 1000.000000000000000 ) ;
#1927 = ADVANCED_FACE ( 'NONE', ( #2243 ), #3231, .T. ) ;
#1928 = CARTESIAN_POINT ( 'NONE',  ( 2.600757432709881000, 1.199996372327866600, 0.4200000000000000400 ) ) ;
#1929 = LINE ( 'NONE', #3340, #657 ) ;
#1930 = LINE ( 'NONE', #1504, #2907 ) ;
#1931 = FACE_OUTER_BOUND ( 'NONE', #5230, .T. ) ;
#1932 = VECTOR ( 'NONE', #1683, 1000.000000000000000 ) ;
#1933 = AXIS2_PLACEMENT_3D ( 'NONE', #4332, #1795, #4762 ) ;
#1934 = LINE ( 'NONE', #1832, #2915 ) ;
#1935 = DIRECTION ( 'NONE',  ( 1.000000000000000000, 0.0000000000000000000, 0.0000000000000000000 ) ) ;
#1936 = CIRCLE ( 'NONE', #703, 0.09999999999990896700 ) ;
#1937 = DIRECTION ( 'NONE',  ( 0.3846153846208078000, 0.9230769230746634900, 0.0000000000000000000 ) ) ;
#1938 = ORIENTED_EDGE ( 'NONE', *, *, #561, .T. ) ;
#1939 = EDGE_LOOP ( 'NONE', ( #228, #1337, #564, #2224 ) ) ;
#1940 = VERTEX_POINT ( 'NONE', #960 ) ;
#1941 = CARTESIAN_POINT ( 'NONE',  ( 2.174999999999727200, 1.300000000000181900, 0.1000000000000000100 ) ) ;
#1942 = VERTEX_POINT ( 'NONE', #3928 ) ;
#1943 = CARTESIAN_POINT ( 'NONE',  ( 0.2000000000002728500, 1.100000000000136400, 0.0000000000000000000 ) ) ;
#1944 = EDGE_LOOP ( 'NONE', ( #1884, #3276, #2322, #3583 ) ) ;
#1945 = VERTEX_POINT ( 'NONE', #1379 ) ;
#1946 = ORIENTED_EDGE ( 'NONE', *, *, #3673, .T. ) ;
#1947 = EDGE_CURVE ( 'NONE', #286, #3524, #3635, .T. ) ;
#1948 = CARTESIAN_POINT ( 'NONE',  ( 2.771999999999935000, 0.3103446128749938200, 0.1000000000000000300 ) ) ;
#1949 = ADVANCED_FACE ( 'NONE', ( #2123 ), #533, .F. ) ;
#1950 = DIRECTION ( 'NONE',  ( -0.0000000000000000000, -0.0000000000000000000, -1.000000000000000000 ) ) ;
#1951 = ORIENTED_EDGE ( 'NONE', *, *, #3968, .F. ) ;
#1952 = STYLED_ITEM ( 'NONE', ( #5408 ), #4918 ) ;
#1953 = ORIENTED_EDGE ( 'NONE', *, *, #1623, .T. ) ;
#1954 = ADVANCED_FACE ( 'NONE', ( #1100 ), #3106, .F. ) ;
#1955 = ORIENTED_EDGE ( 'NONE', *, *, #4420, .T. ) ;
#1956 = DIRECTION ( 'NONE',  ( -0.0000000000000000000, -0.0000000000000000000, -1.000000000000000000 ) ) ;
#1957 = EDGE_CURVE ( 'NONE', #4749, #628, #4236, .T. ) ;
#1958 = LINE ( 'NONE', #4093, #5320 ) ;
#1959 = ORIENTED_EDGE ( 'NONE', *, *, #1101, .F. ) ;
#1960 = VERTEX_POINT ( 'NONE', #1839 ) ;
#1961 = ORIENTED_EDGE ( 'NONE', *, *, #2789, .F. ) ;
#1962 = VERTEX_POINT ( 'NONE', #4797 ) ;
#1963 = ORIENTED_EDGE ( 'NONE', *, *, #4137, .T. ) ;
#1964 = VERTEX_POINT ( 'NONE', #3947 ) ;
#1965 = CARTESIAN_POINT ( 'NONE',  ( 2.349999999999909100, 0.3000000000001819000, 0.0000000000000000000 ) ) ;
#1966 = DIRECTION ( 'NONE',  ( 0.0000000000000000000, 1.000000000000000000, -0.0000000000000000000 ) ) ;
#1967 = CIRCLE ( 'NONE', #2799, 0.09999999999945426200 ) ;
#1968 = VERTEX_POINT ( 'NONE', #1402 ) ;
#1969 = AXIS2_PLACEMENT_3D ( 'NONE', #4681, #1738, #4699 ) ;
#1970 = CYLINDRICAL_SURFACE ( 'NONE', #2442, 0.2000000000000000700 ) ;
#1971 = ADVANCED_FACE ( 'NONE', ( #5229 ), #4100, .F. ) ;
#1972 = EDGE_CURVE ( 'NONE', #5144, #2341, #988, .T. ) ;
#1973 = ADVANCED_FACE ( 'NONE', ( #854, #1985 ), #3523, .F. ) ;
#1974 = CARTESIAN_POINT ( 'NONE',  ( 0.7999999999997271500, 1.180000000000063700, 0.1000000000000000100 ) ) ;
#1975 = DIRECTION ( 'NONE',  ( 1.000000000000000000, 0.0000000000000000000, 0.0000000000000000000 ) ) ;
#1976 = EDGE_CURVE ( 'NONE', #4882, #1158, #1858, .T. ) ;
#1977 = LINE ( 'NONE', #2095, #850 ) ;
#1978 = CARTESIAN_POINT ( 'NONE',  ( 0.2499999999999999400, 1.300000000000181900, 0.1000000000000000100 ) ) ;
#1979 = AXIS2_PLACEMENT_3D ( 'NONE', #2796, #262, #3222 ) ;
#1980 = DIRECTION ( 'NONE',  ( 1.000000000000000000, 0.0000000000000000000, 0.0000000000000000000 ) ) ;
#1981 = CARTESIAN_POINT ( 'NONE',  ( 1.824999999999818100, 1.300000000000181900, 0.1000000000000000100 ) ) ;
#1982 = CIRCLE ( 'NONE', #2679, 0.09999999999945426200 ) ;
#1983 = VECTOR ( 'NONE', #2531, 1000.000000000000000 ) ;
#1984 = VECTOR ( 'NONE', #3371, 1000.000000000000100 ) ;
#1985 = FACE_BOUND ( 'NONE', #560, .T. ) ;
#1986 = DIRECTION ( 'NONE',  ( -0.0000000000000000000, -0.0000000000000000000, -1.000000000000000000 ) ) ;
#1987 = ORIENTED_EDGE ( 'NONE', *, *, #1917, .T. ) ;
#1988 = EDGE_CURVE ( 'NONE', #1878, #5266, #5350, .T. ) ;
#1989 = VECTOR ( 'NONE', #4308, 1000.000000000000000 ) ;
#1990 = LINE ( 'NONE', #2424, #5099 ) ;
#1991 =( BOUNDED_CURVE ( )  B_SPLINE_CURVE ( 3, ( #2432, #1589, #2853, #323 ),
 .UNSPECIFIED., .F., .F. ) 
 B_SPLINE_CURVE_WITH_KNOTS ( ( 4, 4 ),
 ( 2.359992588465104300, 3.923192718714482400 ),
 .UNSPECIFIED. ) 
 CURVE ( )  GEOMETRIC_REPRESENTATION_ITEM ( )  RATIONAL_B_SPLINE_CURVE ( ( 1.000000000000000000, 0.8065248903851030000, 0.8065248903851030000, 1.000000000000000000 ) ) 
 REPRESENTATION_ITEM ( '' )  );
#1992 = FACE_OUTER_BOUND ( 'NONE', #877, .T. ) ;
#1993 = VECTOR ( 'NONE', #5187, 1000.000000000000000 ) ;
#1994 = CARTESIAN_POINT ( 'NONE',  ( 0.2000036276715500800, -1.926905696859336700E-013, 0.4200000000000000400 ) ) ;
#1995 = LINE ( 'NONE', #5010, #5238 ) ;
#1996 = DIRECTION ( 'NONE',  ( 1.000000000000000000, 0.0000000000000000000, 0.0000000000000000000 ) ) ;
#1997 =( NAMED_UNIT ( * ) PLANE_ANGLE_UNIT ( ) SI_UNIT ( $, .RADIAN. ) );
#1998 = DIRECTION ( 'NONE',  ( 0.0000000000000000000, 1.000000000000000000, -0.0000000000000000000 ) ) ;
#1999 = ORIENTED_EDGE ( 'NONE', *, *, #1848, .T. ) ;
#2000 = DIRECTION ( 'NONE',  ( 0.08682659386433073900, 0.08682659386425485600, -0.9924325091389593100 ) ) ;
#2001 = CARTESIAN_POINT ( 'NONE',  ( 0.1500000000000909500, 0.2000000000000455000, -0.1000000000000000100 ) ) ;
#2002 = CARTESIAN_POINT ( 'NONE',  ( 1.150000000000090900, 1.100000000000136400, -0.1000000000000000100 ) ) ;
#2003 = ADVANCED_FACE ( 'NONE', ( #717 ), #586, .T. ) ;
#2004 = DIRECTION ( 'NONE',  ( 1.000000000000000000, 0.0000000000000000000, 0.0000000000000000000 ) ) ;
#2005 = ORIENTED_EDGE ( 'NONE', *, *, #810, .F. ) ;
#2006 = EDGE_CURVE ( 'NONE', #964, #2478, #1716, .T. ) ;
#2007 = ORIENTED_EDGE ( 'NONE', *, *, #984, .F. ) ;
#2008 = ORIENTED_EDGE ( 'NONE', *, *, #1833, .T. ) ;
#2009 = ORIENTED_EDGE ( 'NONE', *, *, #2459, .T. ) ;
#2010 = ORIENTED_EDGE ( 'NONE', *, *, #4990, .T. ) ;
#2011 = ORIENTED_EDGE ( 'NONE', *, *, #5108, .T. ) ;
#2012 = ORIENTED_EDGE ( 'NONE', *, *, #519, .T. ) ;
#2013 = DIRECTION ( 'NONE',  ( -0.0000000000000000000, -0.0000000000000000000, -1.000000000000000000 ) ) ;
#2014 = CARTESIAN_POINT ( 'NONE',  ( 0.2000000000002728500, 0.3000000000001819000, -0.1000000000000000100 ) ) ;
#2015 = ORIENTED_EDGE ( 'NONE', *, *, #2576, .T. ) ;
#2016 = CARTESIAN_POINT ( 'NONE',  ( 0.9000000000000909500, 1.100000000000136400, -0.1000000000000000100 ) ) ;
#2017 = EDGE_CURVE ( 'NONE', #212, #1121, #2827, .T. ) ;
#2018 = DIRECTION ( 'NONE',  ( -0.3846153846147282200, -0.9230769230771965800, 0.0000000000000000000 ) ) ;
#2019 = ORIENTED_EDGE ( 'NONE', *, *, #5470, .T. ) ;
#2020 = CARTESIAN_POINT ( 'NONE',  ( 0.9000000000000909500, 1.200000000000045500, 0.0000000000000000000 ) ) ;
#2021 = AXIS2_PLACEMENT_3D ( 'NONE', #4545, #2852, #322 ) ;
#2022 = DIRECTION ( 'NONE',  ( 1.000000000000000000, 0.0000000000000000000, -0.0000000000000000000 ) ) ;
#2023 = ORIENTED_EDGE ( 'NONE', *, *, #310, .F. ) ;
#2024 = EDGE_CURVE ( 'NONE', #196, #4189, #2970, .T. ) ;
#2025 = EDGE_LOOP ( 'NONE', ( #2319, #881, #1615, #1038 ) ) ;
#2026 = ORIENTED_EDGE ( 'NONE', *, *, #3941, .F. ) ;
#2027 = ADVANCED_FACE ( 'NONE', ( #3836 ), #3697, .T. ) ;
#2028 = CARTESIAN_POINT ( 'NONE',  ( 2.349999999999909100, 0.3000000000001819000, -0.1000000000000000100 ) ) ;
#2029 = SURFACE_STYLE_FILL_AREA ( #1118 ) ;
#2030 = ORIENTED_EDGE ( 'NONE', *, *, #3247, .F. ) ;
#2031 = VERTEX_POINT ( 'NONE', #622 ) ;
#2032 = AXIS2_PLACEMENT_3D ( 'NONE', #3665, #2022, #4979 ) ;
#2033 = DIRECTION ( 'NONE',  ( -1.000000000000000000, 0.0000000000000000000, 0.0000000000000000000 ) ) ;
#2034 = CARTESIAN_POINT ( 'NONE',  ( 3.000000000000000000, 0.0000000000000000000, 0.0000000000000000000 ) ) ;
#2035 = CARTESIAN_POINT ( 'NONE',  ( 2.572761060381601800, 0.2280000000000476900, 0.0000000000000000000 ) ) ;
#2037 = DIRECTION ( 'NONE',  ( -0.0000000000000000000, -1.000000000000000000, -0.0000000000000000000 ) ) ;
#2036 = CARTESIAN_POINT ( 'NONE',  ( 0.1500000000000909500, 0.0000000000000000000, 0.0000000000000000000 ) ) ;
#2038 = DIRECTION ( 'NONE',  ( -0.0000000000000000000, -0.0000000000000000000, 1.000000000000000000 ) ) ;
#2039 = CARTESIAN_POINT ( 'NONE',  ( 2.600757432709881500, 1.199996372327866600, 0.3200000000000000100 ) ) ;
#2040 = LINE ( 'NONE', #2109, #774 ) ;
#2041 = CARTESIAN_POINT ( 'NONE',  ( 0.6333333333332104000, 1.400000000000207100, 0.1000000000000000100 ) ) ;
#2042 = CARTESIAN_POINT ( 'NONE',  ( 2.799999999999727200, 0.1000000000001364200, 0.1000000000000000100 ) ) ;
#2043 = DIRECTION ( 'NONE',  ( 0.0000000000000000000, 0.0000000000000000000, -1.000000000000000000 ) ) ;
#2044 = DIRECTION ( 'NONE',  ( -0.0000000000000000000, -0.0000000000000000000, -1.000000000000000000 ) ) ;
#2045 = VECTOR ( 'NONE', #5354, 1000.000000000000000 ) ;
#2046 = EDGE_CURVE ( 'NONE', #4861, #4933, #457, .T. ) ;
#2047 = DIRECTION ( 'NONE',  ( 1.000000000000000000, 0.0000000000000000000, 0.0000000000000000000 ) ) ;
#2048 = EDGE_CURVE ( 'NONE', #35, #1962, #4833, .T. ) ;
#2049 = LINE ( 'NONE', #4261, #1921 ) ;
#2050 = LINE ( 'NONE', #2126, #5164 ) ;
#2051 = LINE ( 'NONE', #3249, #920 ) ;
#2052 = CARTESIAN_POINT ( 'NONE',  ( 0.2000000000002728500, 1.100000000000136400, 0.0000000000000000000 ) ) ;
#2053 = AXIS2_PLACEMENT_3D ( 'NONE', #2549, #9, #2978 ) ;
#2054 = DIRECTION ( 'NONE',  ( -0.0000000000000000000, -0.0000000000000000000, -1.000000000000000000 ) ) ;
#2055 = PLANE ( 'NONE',  #3420 ) ;
#2056 = VECTOR ( 'NONE', #380, 1000.000000000000000 ) ;
#2057 = CARTESIAN_POINT ( 'NONE',  ( 0.8833333333332120700, 1.400000000000090900, 0.0000000000000000000 ) ) ;
#2058 = VECTOR ( 'NONE', #1055, 1000.000000000000000 ) ;
#2059 = PRODUCT ( '3020EMC', '3020EMC', '', ( #3458 ) ) ;
#2060 = ADVANCED_FACE ( 'NONE', ( #1574 ), #3564, .T. ) ;
#2061 = DIRECTION ( 'NONE',  ( -0.0000000000000000000, -0.0000000000000000000, -1.000000000000000000 ) ) ;
#2062 = EDGE_CURVE ( 'NONE', #961, #1494, #3977, .T. ) ;
#2063 = FACE_OUTER_BOUND ( 'NONE', #4542, .T. ) ;
#2064 = FACE_OUTER_BOUND ( 'NONE', #1903, .T. ) ;
#2065 = VECTOR ( 'NONE', #3056, 1000.000000000000000 ) ;
#2066 = CARTESIAN_POINT ( 'NONE',  ( 1.824999999999818100, 0.1000000000001364200, 0.1000000000000000100 ) ) ;
#2067 = VECTOR ( 'NONE', #4885, 1000.000000000000000 ) ;
#2068 = AXIS2_PLACEMENT_3D ( 'NONE', #1731, #1467, #4428 ) ;
#2069 = ORIENTED_EDGE ( 'NONE', *, *, #11, .T. ) ;
#2070 = CARTESIAN_POINT ( 'NONE',  ( 2.649999999999636200, 0.8750000000000001100, 0.1000000000000000100 ) ) ;
#2071 = CARTESIAN_POINT ( 'NONE',  ( 2.575981953823978500, 0.4240180461760039700, 0.1542461290577061800 ) ) ;
#2072 = ORIENTED_EDGE ( 'NONE', *, *, #3279, .T. ) ;
#2073 = CARTESIAN_POINT ( 'NONE',  ( -0.04999999999972713800, 0.2999999999999545300, -0.1000000000000000100 ) ) ;
#2074 = ORIENTED_EDGE ( 'NONE', *, *, #4921, .F. ) ;
#2075 = CARTESIAN_POINT ( 'NONE',  ( 0.2000036276725142300, 1.000757432709709500, 0.4200000000000000400 ) ) ;
#2076 = ORIENTED_EDGE ( 'NONE', *, *, #761, .T. ) ;
#2077 = DIRECTION ( 'NONE',  ( -1.000000000000000000, -0.0000000000000000000, -0.0000000000000000000 ) ) ;
#2078 = CARTESIAN_POINT ( 'NONE',  ( 0.4272389396186244100, 0.2279999999998559300, 0.0000000000000000000 ) ) ;
#2079 = ORIENTED_EDGE ( 'NONE', *, *, #4751, .T. ) ;
#2080 = ORIENTED_EDGE ( 'NONE', *, *, #952, .T. ) ;
#2081 = ORIENTED_EDGE ( 'NONE', *, *, #906, .F. ) ;
#2082 = EDGE_CURVE ( 'NONE', #1942, #1630, #1451, .T. ) ;
#2083 = ORIENTED_EDGE ( 'NONE', *, *, #3416, .F. ) ;
#2084 = ORIENTED_EDGE ( 'NONE', *, *, #1833, .F. ) ;
#2085 = PLANE ( 'NONE',  #1387 ) ;
#2086 = EDGE_CURVE ( 'NONE', #1945, #562, #2433, .T. ) ;
#2087 = ORIENTED_EDGE ( 'NONE', *, *, #3286, .F. ) ;
#2089 = CARTESIAN_POINT ( 'NONE',  ( 1.824999999999818100, 0.1000000000001364200, 0.1000000000000000100 ) ) ;
#2088 = AXIS2_PLACEMENT_3D ( 'NONE', #3868, #4292, #2583 ) ;
#2090 = FACE_OUTER_BOUND ( 'NONE', #3126, .T. ) ;
#2091 = CARTESIAN_POINT ( 'NONE',  ( 1.150000000000090900, 1.300000000000181900, 0.1000000000000000100 ) ) ;
#2092 = CARTESIAN_POINT ( 'NONE',  ( 0.1500000000000909500, 0.0000000000000000000, 0.1000000000000000100 ) ) ;
#2093 = VERTEX_POINT ( 'NONE', #3191 ) ;
#2095 = CARTESIAN_POINT ( 'NONE',  ( -0.3499999999999090500, 0.6250000000000000000, 0.1000000000000000100 ) ) ;
#2094 = CARTESIAN_POINT ( 'NONE',  ( 0.0000000000000000000, 0.0000000000000000000, 0.1000000000000000100 ) ) ;
#2096 = EDGE_CURVE ( 'NONE', #5140, #4988, #4696, .T. ) ;
#2097 = CARTESIAN_POINT ( 'NONE',  ( -0.3499999999999090500, 0.6250000000000000000, 0.0000000000000000000 ) ) ;
#2098 = CARTESIAN_POINT ( 'NONE',  ( 0.2500000000000000000, 0.1000000000001364200, 0.0000000000000000000 ) ) ;
#2099 = ORIENTED_EDGE ( 'NONE', *, *, #1170, .F. ) ;
#2100 = CARTESIAN_POINT ( 'NONE',  ( 2.799996372328230200, 1.000757432709517400, 0.4200000000000000400 ) ) ;
#2101 = PRODUCT_DEFINITION_FORMATION_WITH_SPECIFIED_SOURCE ( '任何', '', #1742, .NOT_KNOWN. ) ;
#2102 = VERTEX_POINT ( 'NONE', #4020 ) ;
#2103 = CARTESIAN_POINT ( 'NONE',  ( 0.2280000000002574700, 0.4272389396183969800, 0.0000000000000000000 ) ) ;
#2104 = ORIENTED_EDGE ( 'NONE', *, *, #876, .F. ) ;
#2105 = ORIENTED_EDGE ( 'NONE', *, *, #2403, .T. ) ;
#2106 = FACE_OUTER_BOUND ( 'NONE', #5307, .T. ) ;
#2107 = ORIENTED_EDGE ( 'NONE', *, *, #3896, .T. ) ;
#2108 = DIRECTION ( 'NONE',  ( 1.000000000000000000, 0.0000000000000000000, -0.0000000000000000000 ) ) ;
#2109 = CARTESIAN_POINT ( 'NONE',  ( -0.1500000000000909500, 1.300000000000181900, 0.1000000000000000100 ) ) ;
#2110 = AXIS2_PLACEMENT_3D ( 'NONE', #5317, #2779, #243 ) ;
#2111 = DIRECTION ( 'NONE',  ( -1.000000000000000000, 0.0000000000000000000, 0.0000000000000000000 ) ) ;
#2113 = DIRECTION ( 'NONE',  ( -0.0000000000000000000, -0.0000000000000000000, -1.000000000000000000 ) ) ;
#2112 = CARTESIAN_POINT ( 'NONE',  ( 0.2280000000000655100, 0.2279999999998381100, 0.09999999999999999200 ) ) ;
#2114 =( LENGTH_UNIT ( ) NAMED_UNIT ( * ) SI_UNIT ( .MILLI., .METRE. ) );
#2115 = DIRECTION ( 'NONE',  ( -0.0000000000000000000, 1.000000000000000000, -0.0000000000000000000 ) ) ;
#2116 = DIRECTION ( 'NONE',  ( 0.0000000000000000000, 1.000000000000000000, 0.0000000000000000000 ) ) ;
#2117 = VECTOR ( 'NONE', #5034, 1000.000000000000000 ) ;
#2118 = EDGE_CURVE ( 'NONE', #236, #2393, #1305, .T. ) ;
#2119 = CARTESIAN_POINT ( 'NONE',  ( 1.249999999999998700, 0.2999999999999530800, -0.1000000000000000100 ) ) ;
#2120 = CYLINDRICAL_SURFACE ( 'NONE', #5259, 0.1999999999999317900 ) ;
#2121 = LINE ( 'NONE', #2919, #986 ) ;
#2122 = LINE ( 'NONE', #2094, #5349 ) ;
#2123 = FACE_OUTER_BOUND ( 'NONE', #901, .T. ) ;
#2124 = CIRCLE ( 'NONE', #2246, 0.1000000000002410600 ) ;
#2125 = VECTOR ( 'NONE', #4855, 1000.000000000000000 ) ;
#2126 = CARTESIAN_POINT ( 'NONE',  ( 2.771999999999934500, 1.171999999999570700, 0.0000000000000000000 ) ) ;
#2127 = DIRECTION ( 'NONE',  ( -0.0000000000000000000, -0.0000000000000000000, -1.000000000000000000 ) ) ;
#2128 = VECTOR ( 'NONE', #5169, 1000.000000000000100 ) ;
#2129 = EDGE_CURVE ( 'NONE', #546, #3888, #4553, .T. ) ;
#2130 = DIRECTION ( 'NONE',  ( 0.0000000000000000000, 0.0000000000000000000, 1.000000000000000000 ) ) ;
#2131 = DIRECTION ( 'NONE',  ( -0.0000000000000000000, -0.0000000000000000000, -1.000000000000000000 ) ) ;
#2132 =( NAMED_UNIT ( * ) PLANE_ANGLE_UNIT ( ) SI_UNIT ( $, .RADIAN. ) );
#2133 = VECTOR ( 'NONE', #5402, 1000.000000000000000 ) ;
#2134 = DIRECTION ( 'NONE',  ( -0.0000000000000000000, -0.0000000000000000000, -1.000000000000000000 ) ) ;
#2135 = DIRECTION ( 'NONE',  ( 0.0000000000000000000, 0.0000000000000000000, -1.000000000000000000 ) ) ;
#2136 = CARTESIAN_POINT ( 'NONE',  ( 0.0000000000000000000, 0.0000000000000000000, 0.0000000000000000000 ) ) ;
#2137 = DIRECTION ( 'NONE',  ( 1.000000000000000000, 0.0000000000000000000, 0.0000000000000000000 ) ) ;
#2138 = EDGE_CURVE ( 'NONE', #3013, #811, #5434, .T. ) ;
#2139 = EDGE_LOOP ( 'NONE', ( #3874, #3724, #5207, #3470, #1411, #753, #5188, #3392, #2843, #3437, #4271, #4832, #4408, #1955, #3467, #1531, #2218, #4450, #484, #2866, #2157, #1006, #147, #1559 ) ) ;
#2140 = CARTESIAN_POINT ( 'NONE',  ( 1.116666666666788200, 0.09999999999990906400, 0.1000000000000000100 ) ) ;
#2141 = ORIENTED_EDGE ( 'NONE', *, *, #2329, .T. ) ;
#2142 = VERTEX_POINT ( 'NONE', #2370 ) ;
#2143 = EDGE_LOOP ( 'NONE', ( #3663, #3682, #3725, #1060 ) ) ;
#2145 = CARTESIAN_POINT ( 'NONE',  ( 0.6333333333332120700, 1.300000000000181900, 0.1000000000000000100 ) ) ;
#2144 = SURFACE_SIDE_STYLE ('',( #2968 ) ) ;
#2146 = VERTEX_POINT ( 'NONE', #5335 ) ;
#2147 = CARTESIAN_POINT ( 'NONE',  ( -0.04999999999972713800, 0.2999999999999545300, -0.1000000000000000100 ) ) ;
#2148 = ORIENTED_EDGE ( 'NONE', *, *, #449, .F. ) ;
#2149 = EDGE_LOOP ( 'NONE', ( #3741, #4155, #2081, #1670 ) ) ;
#2150 = AXIS2_PLACEMENT_3D ( 'NONE', #2602, #62, #3026 ) ;
#2151 = DIRECTION ( 'NONE',  ( -1.000000000000000000, 0.0000000000000000000, 0.0000000000000000000 ) ) ;
#2152 = ORIENTED_EDGE ( 'NONE', *, *, #4611, .T. ) ;
#2153 = EDGE_CURVE ( 'NONE', #3716, #4383, #3291, .T. ) ;
#2154 = EDGE_CURVE ( 'NONE', #3074, #220, #48, .T. ) ;
#2155 = ORIENTED_EDGE ( 'NONE', *, *, #5022, .T. ) ;
#2156 = DIRECTION ( 'NONE',  ( 0.9230769230754696200, -0.3846153846188730700, 0.0000000000000000000 ) ) ;
#2157 = ORIENTED_EDGE ( 'NONE', *, *, #1217, .T. ) ;
#2158 = CARTESIAN_POINT ( 'NONE',  ( 0.3916666666668789400, 1.400000000000090900, 0.0000000000000000000 ) ) ;
#2159 = EDGE_CURVE ( 'NONE', #4579, #3455, #4427, .T. ) ;
#2160 = CARTESIAN_POINT ( 'NONE',  ( 0.0000000000000000000, 0.0000000000000000000, 0.0000000000000000000 ) ) ;
#2161 = FACE_OUTER_BOUND ( 'NONE', #4413, .T. ) ;
#2162 = DIRECTION ( 'NONE',  ( 0.0000000000000000000, 0.0000000000000000000, 1.000000000000000000 ) ) ;
#2163 = ORIENTED_EDGE ( 'NONE', *, *, #4172, .T. ) ;
#2164 = CARTESIAN_POINT ( 'NONE',  ( 1.725000000000818500, 0.0000000000000000000, 0.0000000000000000000 ) ) ;
#2165 = EDGE_LOOP ( 'NONE', ( #83, #235, #1889, #871, #2590, #23 ) ) ;
#2166 = DIRECTION ( 'NONE',  ( 0.0000000000000000000, 0.0000000000000000000, 1.000000000000000000 ) ) ;
#2167 = CIRCLE ( 'NONE', #4725, 0.09999999999968171800 ) ;
#2168 = STYLED_ITEM ( 'NONE', ( #5219 ), #759 ) ;
#2169 = SURFACE_STYLE_FILL_AREA ( #3927 ) ;
#2170 = ORIENTED_EDGE ( 'NONE', *, *, #2965, .F. ) ;
#2171 = LINE ( 'NONE', #2390, #2045 ) ;
#2172 =( NAMED_UNIT ( * ) PLANE_ANGLE_UNIT ( ) SI_UNIT ( $, .RADIAN. ) );
#2173 = DIRECTION ( 'NONE',  ( 0.0000000000000000000, -1.000000000000000000, 0.0000000000000000000 ) ) ;
#2174 = CARTESIAN_POINT ( 'NONE',  ( 0.4257369056644147400, 1.173502033954289600, 0.1171683266629605400 ) ) ;
#2175 = FACE_OUTER_BOUND ( 'NONE', #1349, .T. ) ;
#2176 = PRODUCT_DEFINITION_SHAPE ( 'NONE', 'NONE',  #5484 ) ;
#2177 = CARTESIAN_POINT ( 'NONE',  ( 1.925000000000181900, 0.0000000000000000000, 0.1000000000000000100 ) ) ;
#2178 = LINE ( 'NONE', #1534, #1043 ) ;
#2179 = EDGE_CURVE ( 'NONE', #5192, #268, #1039, .T. ) ;
#2180 = EDGE_CURVE ( 'NONE', #4396, #3187, #2171, .T. ) ;
#2181 = VECTOR ( 'NONE', #1023, 1000.000000000000000 ) ;
#2182 = CARTESIAN_POINT ( 'NONE',  ( 0.4272389396191322300, 1.171999999999570700, 0.1000000000000000100 ) ) ;
#2183 = STYLED_ITEM ( 'NONE', ( #1856 ), #3706 ) ;
#2184 = CIRCLE ( 'NONE', #2664, 0.09999999999992220700 ) ;
#2185 = VECTOR ( 'NONE', #2038, 1000.000000000000000 ) ;
#2186 = CARTESIAN_POINT ( 'NONE',  ( 2.174999999999727200, 0.1000000000001364700, 0.1000000000000000100 ) ) ;
#2187 = VECTOR ( 'NONE', #2875, 1000.000000000000000 ) ;
#2188 = EDGE_CURVE ( 'NONE', #4198, #3349, #3162, .T. ) ;
#2189 = VECTOR ( 'NONE', #1489, 1000.000000000000000 ) ;
#2190 =( GEOMETRIC_REPRESENTATION_CONTEXT ( 3 ) GLOBAL_UNCERTAINTY_ASSIGNED_CONTEXT ( ( #2787 ) ) GLOBAL_UNIT_ASSIGNED_CONTEXT ( ( #5109, #2562, #25 ) ) REPRESENTATION_CONTEXT ( 'NONE', 'WORKASPACE' ) );
#2191 = CARTESIAN_POINT ( 'NONE',  ( 2.766385352567108900, 0.9671464129483957600, -0.06417571381876310800 ) ) ;
#2192 = APPLICATION_PROTOCOL_DEFINITION ( 'draft international standard', 'automotive_design', 1998, #4733 ) ;
#2193 = DIRECTION ( 'NONE',  ( -1.000000000000000000, 0.0000000000000000000, 0.0000000000000000000 ) ) ;
#2194 = EDGE_LOOP ( 'NONE', ( #1626, #5303, #4877, #482 ) ) ;
#2195 = SURFACE_STYLE_USAGE ( .BOTH. , #4735 ) ;
#2196 = CARTESIAN_POINT ( 'NONE',  ( 2.555084241105468800, 0.2456768192761804300, -0.2020469688726749300 ) ) ;
#2197 = SURFACE_STYLE_USAGE ( .BOTH. , #4738 ) ;
#2198 = CARTESIAN_POINT ( 'NONE',  ( 0.1500000000005457000, 1.400000000000090900, 0.0000000000000000000 ) ) ;
#2199 = ORIENTED_EDGE ( 'NONE', *, *, #3892, .F. ) ;
#2200 = AXIS2_PLACEMENT_3D ( 'NONE', #5446, #2914, #376 ) ;
#2201 = DIRECTION ( 'NONE',  ( -0.0000000000000000000, -0.0000000000000000000, 1.000000000000000000 ) ) ;
#2202 = ORIENTED_EDGE ( 'NONE', *, *, #4152, .F. ) ;
#2203 = VERTEX_POINT ( 'NONE', #4952 ) ;
#2204 = CARTESIAN_POINT ( 'NONE',  ( 2.449999999999818100, 0.1000000000001364100, 0.0000000000000000000 ) ) ;
#2205 = ORIENTED_EDGE ( 'NONE', *, *, #5299, .T. ) ;
#2206 = ORIENTED_EDGE ( 'NONE', *, *, #4117, .F. ) ;
#2207 = ORIENTED_EDGE ( 'NONE', *, *, #4074, .T. ) ;
#2208 = AXIS2_PLACEMENT_3D ( 'NONE', #3890, #1342, #4314 ) ;
#2209 = ORIENTED_EDGE ( 'NONE', *, *, #3183, .T. ) ;
#2210 = EDGE_LOOP ( 'NONE', ( #4284, #1061, #4746, #769 ) ) ;
#2211 =( REPRESENTATION_RELATIONSHIP ('NONE','NONE', #1830, #5327 ) REPRESENTATION_RELATIONSHIP_WITH_TRANSFORMATION ( #391 )SHAPE_REPRESENTATION_RELATIONSHIP( ) );
#2212 = DIRECTION ( 'NONE',  ( -0.0000000000000000000, -0.0000000000000000000, 1.000000000000000000 ) ) ;
#2213 = DIRECTION ( 'NONE',  ( 1.000000000000000000, 0.0000000000000000000, 0.0000000000000000000 ) ) ;
#2214 = CARTESIAN_POINT ( 'NONE',  ( 2.799999999999954500, 1.200000000000045700, 0.1000000000000000100 ) ) ;
#2215 = CIRCLE ( 'NONE', #4122, 0.1000000000001307500 ) ;
#2216 = CARTESIAN_POINT ( 'NONE',  ( 2.574263094336307400, 0.9742630943359433800, 0.03459947521252503000 ) ) ;
#2217 = DIRECTION ( 'NONE',  ( 0.0000000000000000000, -1.000000000000000000, 0.0000000000000000000 ) ) ;
#2218 = ORIENTED_EDGE ( 'NONE', *, *, #4896, .T. ) ;
#2219 = CARTESIAN_POINT ( 'NONE',  ( -0.2500000000000000000, 0.8750000000000000000, 0.0000000000000000000 ) ) ;
#2220 = VERTEX_POINT ( 'NONE', #2408 ) ;
#2221 = DIRECTION ( 'NONE',  ( -0.0000000000000000000, -0.0000000000000000000, -1.000000000000000000 ) ) ;
#2222 = ORIENTED_EDGE ( 'NONE', *, *, #2082, .F. ) ;
#2223 = ORIENTED_EDGE ( 'NONE', *, *, #3078, .T. ) ;
#2224 = ORIENTED_EDGE ( 'NONE', *, *, #3783, .T. ) ;
#2225 = EDGE_CURVE ( 'NONE', #208, #312, #4299, .T. ) ;
#2226 = DIRECTION ( 'NONE',  ( 0.3846153846147275500, 0.9230769230771968000, -0.0000000000000000000 ) ) ;
#2227 = PRESENTATION_LAYER_ASSIGNMENT (  '', '', ( #1952 ) ) ;
#2228 = LINE ( 'NONE', #1081, #508 ) ;
#2229 = ORIENTED_EDGE ( 'NONE', *, *, #4984, .T. ) ;
#2230 = EDGE_CURVE ( 'NONE', #1471, #420, #4166, .T. ) ;
#2231 = DIRECTION ( 'NONE',  ( 0.0000000000000000000, 0.0000000000000000000, 1.000000000000000000 ) ) ;
#2232 = CARTESIAN_POINT ( 'NONE',  ( -0.1000000000000227400, 1.137057028394172800E-013, 0.1000000000000000100 ) ) ;
#2233 = PLANE ( 'NONE',  #3852 ) ;
#2234 =( NAMED_UNIT ( * ) SI_UNIT ( $, .STERADIAN. ) SOLID_ANGLE_UNIT ( ) );
#2235 = CARTESIAN_POINT ( 'NONE',  ( 1.574999999999818100, 1.400000000000090900, 0.1000000000000000100 ) ) ;
#2236 = DIRECTION ( 'NONE',  ( 1.000000000000000000, 3.209939973140663100E-013, 0.0000000000000000000 ) ) ;
#2237 = CYLINDRICAL_SURFACE ( 'NONE', #128, 0.1000000000000227700 ) ;
#2238 = FACE_OUTER_BOUND ( 'NONE', #3549, .T. ) ;
#2239 = DIRECTION ( 'NONE',  ( -1.000000000000000000, 0.0000000000000000000, 0.0000000000000000000 ) ) ;
#2240 = VECTOR ( 'NONE', #4796, 1000.000000000000000 ) ;
#2241 = CYLINDRICAL_SURFACE ( 'NONE', #487, 0.1000000000000227400 ) ;
#2242 = CARTESIAN_POINT ( 'NONE',  ( 2.350000000000363800, 0.1999999999998181000, -0.1000000000000000100 ) ) ;
#2243 = FACE_OUTER_BOUND ( 'NONE', #2537, .T. ) ;
#2244 = CLOSED_SHELL ( 'NONE', ( #271, #4841, #1419, #4864, #2792, #611, #240, #1576, #5351, #3578, #165, #1045, #3609, #2821, #1607, #1042, #4084, #2027, #4609, #4971, #4471, #2003, #2277, #1927, #1117, #3160, #4493, #4138, #1200, #3633, #5245, #3188, #4469, #2692, #2326, #1551, #1521, #1145, #5431, #2350, #3982, #4167, #3185, #3116, #4868, #2380, #689, #326, #2300, #2909, #1954, #5321, #3268, #1447, #3742, #4893, #665, #2406, #4390, #4572, #4030, #1925, #3239, #1093, #4056, #3292, #637, #635, #3664, #2376, #3714, #4009, #182, #5324 ) ) ;
#2245 = FACE_OUTER_BOUND ( 'NONE', #2735, .T. ) ;
#2246 = AXIS2_PLACEMENT_3D ( 'NONE', #4291, #1756, #4719 ) ;
#2247 = DIRECTION ( 'NONE',  ( 1.000000000000000000, 0.0000000000000000000, -0.0000000000000000000 ) ) ;
#2248 = DIRECTION ( 'NONE',  ( 1.000000000000000000, 0.0000000000000000000, 0.0000000000000000000 ) ) ;
#2249 = LINE ( 'NONE', #4337, #5359 ) ;
#2250 = DIRECTION ( 'NONE',  ( -1.000000000000000000, 0.0000000000000000000, 0.0000000000000000000 ) ) ;
#2251 = CARTESIAN_POINT ( 'NONE',  ( 1.474999999999909100, 1.300000000000181900, 0.1000000000000000100 ) ) ;
#2252 = FACE_OUTER_BOUND ( 'NONE', #5006, .T. ) ;
#2253 = EDGE_CURVE ( 'NONE', #4676, #1031, #3030, .T. ) ;
#2254 = CARTESIAN_POINT ( 'NONE',  ( 0.2500000000000000000, 0.1000000000001364200, 0.1000000000000000100 ) ) ;
#2255 = LINE ( 'NONE', #1135, #1113 ) ;
#2256 = EDGE_CURVE ( 'NONE', #3888, #3187, #4461, .T. ) ;
#2257 = FACE_OUTER_BOUND ( 'NONE', #4867, .T. ) ;
#2258 = DIRECTION ( 'NONE',  ( -0.0000000000000000000, -0.0000000000000000000, -1.000000000000000000 ) ) ;
#2259 = CARTESIAN_POINT ( 'NONE',  ( 0.3000000000001790100, 1.100000000000139300, 0.0000000000000000000 ) ) ;
#2260 = PRESENTATION_LAYER_ASSIGNMENT (  '', '', ( #2541 ) ) ;
#2261 = ORIENTED_EDGE ( 'NONE', *, *, #4643, .F. ) ;
#2262 = EDGE_CURVE ( 'NONE', #5329, #196, #911, .T. ) ;
#2263 = CARTESIAN_POINT ( 'NONE',  ( 0.7666666666667172300, -1.307818870560639700E-014, 0.1000000000000000100 ) ) ;
#2264 = DIRECTION ( 'NONE',  ( -1.000000000000000000, 0.0000000000000000000, 0.0000000000000000000 ) ) ;
#2265 = ORIENTED_EDGE ( 'NONE', *, *, #131, .F. ) ;
#2266 = ORIENTED_EDGE ( 'NONE', *, *, #4522, .T. ) ;
#2267 = PLANE ( 'NONE',  #414 ) ;
#2268 = DIRECTION ( 'NONE',  ( -1.000000000000000000, 0.0000000000000000000, 0.0000000000000000000 ) ) ;
#2269 = DIRECTION ( 'NONE',  ( 1.000000000000000000, 0.0000000000000000000, 0.0000000000000000000 ) ) ;
#2270 = ORIENTED_EDGE ( 'NONE', *, *, #4968, .F. ) ;
#2271 = DIRECTION ( 'NONE',  ( -0.0000000000000000000, -0.0000000000000000000, -1.000000000000000000 ) ) ;
#2272 = CARTESIAN_POINT ( 'NONE',  ( 0.4272389396191320100, 1.171999999999570700, 0.0000000000000000000 ) ) ;
#2273 = ORIENTED_EDGE ( 'NONE', *, *, #3758, .T. ) ;
#2274 = VERTEX_POINT ( 'NONE', #227 ) ;
#2275 = ORIENTED_EDGE ( 'NONE', *, *, #1475, .F. ) ;
#2276 = DIRECTION ( 'NONE',  ( -1.000000000000000000, 0.0000000000000000000, 0.0000000000000000000 ) ) ;
#2277 = ADVANCED_FACE ( 'NONE', ( #2899 ), #2782, .F. ) ;
#2278 = SURFACE_STYLE_FILL_AREA ( #4610 ) ;
#2279 = AXIS2_PLACEMENT_3D ( 'NONE', #5389, #4544, #2413 ) ;
#2280 = ORIENTED_EDGE ( 'NONE', *, *, #1448, .T. ) ;
#2281 = VERTEX_POINT ( 'NONE', #678 ) ;
#2282 = EDGE_CURVE ( 'NONE', #1900, #552, #1780, .T. ) ;
#2283 = CARTESIAN_POINT ( 'NONE',  ( 2.550000000000181900, 0.2000000000002728500, 0.1000000000000000100 ) ) ;
#2284 = DIRECTION ( 'NONE',  ( 1.000000000000000000, 0.0000000000000000000, 0.0000000000000000000 ) ) ;
#2285 = VERTEX_POINT ( 'NONE', #4923 ) ;
#2286 = DIRECTION ( 'NONE',  ( -1.000000000000000000, 0.0000000000000000000, 0.0000000000000000000 ) ) ;
#2287 = DIRECTION ( 'NONE',  ( -0.0000000000000000000, -0.0000000000000000000, -1.000000000000000000 ) ) ;
#2288 = DIRECTION ( 'NONE',  ( -0.0000000000000000000, -0.0000000000000000000, -1.000000000000000000 ) ) ;
#2289 = CARTESIAN_POINT ( 'NONE',  ( 2.600757432709881500, 1.199996372327866600, 0.3200000000000000100 ) ) ;
#2290 = DIRECTION ( 'NONE',  ( 1.000000000000000000, 0.0000000000000000000, 0.0000000000000000000 ) ) ;
#2292 = VECTOR ( 'NONE', #3622, 1000.000000000000100 ) ;
#2291 = AXIS2_PLACEMENT_3D ( 'NONE', #325, #3285, #757 ) ;
#2293 = VERTEX_POINT ( 'NONE', #5338 ) ;
#2294 = ORIENTED_EDGE ( 'NONE', *, *, #1437, .F. ) ;
#2295 = DIRECTION ( 'NONE',  ( 1.000000000000000000, 0.0000000000000000000, -0.0000000000000000000 ) ) ;
#2296 = EDGE_CURVE ( 'NONE', #4613, #2203, #646, .T. ) ;
#2297 = CIRCLE ( 'NONE', #4438, 0.1000000000001307500 ) ;
#2298 = AXIS2_PLACEMENT_3D ( 'NONE', #4163, #1624, #4583 ) ;
#2299 = EDGE_CURVE ( 'NONE', #2328, #3454, #5023, .T. ) ;
#2300 = ADVANCED_FACE ( 'NONE', ( #2764 ), #2631, .F. ) ;
#2301 = CARTESIAN_POINT ( 'NONE',  ( 0.9499999999998182100, 1.100000000000136400, 0.09999999999999999200 ) ) ;
#2302 = VECTOR ( 'NONE', #3022, 1000.000000000000000 ) ;
#2303 = ORIENTED_EDGE ( 'NONE', *, *, #4379, .F. ) ;
#2304 = CARTESIAN_POINT ( 'NONE',  ( 2.700000000000272800, 0.2000000000000455000, -0.1000000000000000100 ) ) ;
#2305 = DIRECTION ( 'NONE',  ( -0.0000000000000000000, -0.0000000000000000000, -1.000000000000000000 ) ) ;
#2306 = CYLINDRICAL_SURFACE ( 'NONE', #1283, 0.09999999999992220700 ) ;
#2307 = LINE ( 'NONE', #682, #4431 ) ;
#2308 = AXIS2_PLACEMENT_3D ( 'NONE', #4566, #2043, #5000 ) ;
#2309 = VECTOR ( 'NONE', #5139, 1000.000000000000000 ) ;
#2310 = VECTOR ( 'NONE', #4847, 1000.000000000000000 ) ;
#2311 = LINE ( 'NONE', #4399, #3304 ) ;
#2312 = VECTOR ( 'NONE', #2429, 1000.000000000000000 ) ;
#2313 = UNCERTAINTY_MEASURE_WITH_UNIT (LENGTH_MEASURE( 1.000000000000000100E-005 ), #507, 'distance_accuracy_value', 'NONE');
#2314 =( NAMED_UNIT ( * ) SI_UNIT ( $, .STERADIAN. ) SOLID_ANGLE_UNIT ( ) );
#2315 = DIRECTION ( 'NONE',  ( -0.0000000000000000000, -0.0000000000000000000, -1.000000000000000000 ) ) ;
#2316 = CARTESIAN_POINT ( 'NONE',  ( 2.799999999999954500, 1.200000000000045700, 0.0000000000000000000 ) ) ;
#2317 = LINE ( 'NONE', #5297, #1058 ) ;
#2318 = EDGE_CURVE ( 'NONE', #4318, #3055, #3761, .T. ) ;
#2319 = ORIENTED_EDGE ( 'NONE', *, *, #4597, .T. ) ;
#2320 = EDGE_CURVE ( 'NONE', #3815, #4513, #4895, .T. ) ;
#2321 = ADVANCED_FACE ( 'NONE', ( #781 ), #3245, .F. ) ;
#2322 = ORIENTED_EDGE ( 'NONE', *, *, #4896, .F. ) ;
#2323 = DIRECTION ( 'NONE',  ( -0.9961946980917454300, 0.0000000000000000000, 0.08715574274765827700 ) ) ;
#2324 = AXIS2_PLACEMENT_3D ( 'NONE', #849, #3813, #2959 ) ;
#2325 = ORIENTED_EDGE ( 'NONE', *, *, #2046, .F. ) ;
#2326 = ADVANCED_FACE ( 'NONE', ( #1508 ), #1369, .F. ) ;
#2327 = VERTEX_POINT ( 'NONE', #3264 ) ;
#2328 = VERTEX_POINT ( 'NONE', #733 ) ;
#2329 = EDGE_CURVE ( 'NONE', #756, #2997, #244, .T. ) ;
#2330 = ORIENTED_EDGE ( 'NONE', *, *, #1976, .F. ) ;
#2331 = EDGE_LOOP ( 'NONE', ( #4004, #3603, #4149, #2922 ) ) ;
#2332 = ORIENTED_EDGE ( 'NONE', *, *, #291, .T. ) ;
#2333 = DIRECTION ( 'NONE',  ( -0.0000000000000000000, -0.0000000000000000000, -1.000000000000000000 ) ) ;
#2334 = CARTESIAN_POINT ( 'NONE',  ( 0.6743589743591657000, 0.03846153846166088700, 0.0000000000000000000 ) ) ;
#2335 = DIRECTION ( 'NONE',  ( -0.0000000000000000000, -0.0000000000000000000, -1.000000000000000000 ) ) ;
#2336 = EDGE_LOOP ( 'NONE', ( #4912, #1332, #4881, #1610 ) ) ;
#2337 = CARTESIAN_POINT ( 'NONE',  ( 2.773502033954656100, 0.4257369056636753900, 0.01716832666299028900 ) ) ;
#2338 = CARTESIAN_POINT ( 'NONE',  ( 2.771999999999934500, 1.089655387124633100, 0.0000000000000000000 ) ) ;
#2339 = VECTOR ( 'NONE', #3281, 1000.000000000000000 ) ;
#2340 = DIRECTION ( 'NONE',  ( 1.000000000000000000, 0.0000000000000000000, -0.0000000000000000000 ) ) ;
#2341 = VERTEX_POINT ( 'NONE', #5360 ) ;
#2342 = ORIENTED_EDGE ( 'NONE', *, *, #725, .F. ) ;
#2343 = DIRECTION ( 'NONE',  ( -1.000000000000000000, -0.0000000000000000000, -0.0000000000000000000 ) ) ;
#2344 = ORIENTED_EDGE ( 'NONE', *, *, #3747, .T. ) ;
#2345 = ORIENTED_EDGE ( 'NONE', *, *, #3896, .F. ) ;
#2346 = ORIENTED_EDGE ( 'NONE', *, *, #332, .T. ) ;
#2347 = AXIS2_PLACEMENT_3D ( 'NONE', #4273, #1736, #4698 ) ;
#2348 = ORIENTED_EDGE ( 'NONE', *, *, #2840, .T. ) ;
#2349 = ORIENTED_EDGE ( 'NONE', *, *, #3978, .T. ) ;
#2350 = ADVANCED_FACE ( 'NONE', ( #3628 ), #3484, .T. ) ;
#2351 = EDGE_CURVE ( 'NONE', #170, #1080, #4764, .T. ) ;
#2352 = ADVANCED_FACE ( 'NONE', ( #1227 ), #4487, .T. ) ;
#2353 = CYLINDRICAL_SURFACE ( 'NONE', #3192, 0.1000000000002500600 ) ;
#2354 = ORIENTED_EDGE ( 'NONE', *, *, #4226, .T. ) ;
#2355 = EDGE_CURVE ( 'NONE', #4197, #833, #107, .T. ) ;
#2356 = PRESENTATION_LAYER_ASSIGNMENT (  '', '', ( #1510 ) ) ;
#2357 = CARTESIAN_POINT ( 'NONE',  ( 0.6000000000003638000, 0.2999999999999545800, 0.0000000000000000000 ) ) ;
#2358 = PLANE ( 'NONE',  #318 ) ;
#2359 = EDGE_CURVE ( 'NONE', #5270, #3451, #383, .T. ) ;
#2360 = FACE_OUTER_BOUND ( 'NONE', #1803, .T. ) ;
#2361 = PRODUCT_RELATED_PRODUCT_CATEGORY ( 'part', '', ( #1742 ) ) ;
#2362 = CYLINDRICAL_SURFACE ( 'NONE', #3271, 0.1000000000001364400 ) ;
#2363 = VECTOR ( 'NONE', #5017, 1000.000000000000000 ) ;
#2364 = CYLINDRICAL_SURFACE ( 'NONE', #5400, 0.09999999999990918900 ) ;
#2365 = FACE_OUTER_BOUND ( 'NONE', #2465, .T. ) ;
#2366 = AXIS2_PLACEMENT_3D ( 'NONE', #1005, #3963, #1870 ) ;
#2367 = CARTESIAN_POINT ( 'NONE',  ( 0.8666666666667879300, 0.0000000000000000000, 0.1000000000000000100 ) ) ;
#2368 = ORIENTED_EDGE ( 'NONE', *, *, #1019, .T. ) ;
#2369 = ITEM_DEFINED_TRANSFORMATION ( 'NONE', 'NONE', #5039,  #4565 ) ;
#2370 = CARTESIAN_POINT ( 'NONE',  ( 0.0000000000000000000, 0.0000000000000000000, 0.1000000000000000100 ) ) ;
#2371 = VECTOR ( 'NONE', #4101, 1000.000000000000000 ) ;
#2372 = VECTOR ( 'NONE', #575, 1000.000000000000000 ) ;
#2373 = CARTESIAN_POINT ( 'NONE',  ( 0.2000000000002728500, 1.100000000000136400, 0.0000000000000000000 ) ) ;
#2374 = LINE ( 'NONE', #4317, #2128 ) ;
#2375 = DIRECTION ( 'NONE',  ( 8.904050106582565600E-014, -0.9961946980917455500, -0.08715574274765837400 ) ) ;
#2376 = ADVANCED_FACE ( 'NONE', ( #2360 ), #1175, .T. ) ;
#2377 = AXIS2_PLACEMENT_3D ( 'NONE', #1542, #4506, #1975 ) ;
#2378 = CYLINDRICAL_SURFACE ( 'NONE', #1802, 0.1000000000002410600 ) ;
#2379 = DIRECTION ( 'NONE',  ( -1.000000000000000000, 0.0000000000000000000, 0.0000000000000000000 ) ) ;
#2380 = ADVANCED_FACE ( 'NONE', ( #2238 ), #3224, .T. ) ;
#2381 = DIRECTION ( 'NONE',  ( -1.000000000000000000, 0.0000000000000000000, 0.0000000000000000000 ) ) ;
#2382 = VECTOR ( 'NONE', #3690, 1000.000000000000000 ) ;
#2383 = COLOUR_RGB ( '',1.000000000000000000, 1.000000000000000000, 0.5019607843137254800 ) ;
#2384 = UNCERTAINTY_MEASURE_WITH_UNIT (LENGTH_MEASURE( 1.000000000000000100E-005 ), #5464, 'distance_accuracy_value', 'NONE');
#2385 = EDGE_CURVE ( 'NONE', #3669, #2146, #5471, .T. ) ;
#2386 = ORIENTED_EDGE ( 'NONE', *, *, #4174, .F. ) ;
#2387 = VERTEX_POINT ( 'NONE', #3752 ) ;
#2388 = DIRECTION ( 'NONE',  ( -0.0000000000000000000, -0.0000000000000000000, -1.000000000000000000 ) ) ;
#2389 = AXIS2_PLACEMENT_3D ( 'NONE', #207, #3169, #639 ) ;
#2390 = CARTESIAN_POINT ( 'NONE',  ( 2.771999999999934500, 0.2280000000000655100, 0.0000000000000000000 ) ) ;
#2391 = CARTESIAN_POINT ( 'NONE',  ( 0.9499999999998181000, 1.100000000000136400, 0.0000000000000000000 ) ) ;
#2392 = ORIENTED_EDGE ( 'NONE', *, *, #4597, .F. ) ;
#2393 = VERTEX_POINT ( 'NONE', #5012 ) ;
#2394 = EDGE_CURVE ( 'NONE', #3592, #2661, #981, .T. ) ;
#2395 = DIRECTION ( 'NONE',  ( -0.0000000000000000000, 1.000000000000000000, -0.0000000000000000000 ) ) ;
#2396 = CARTESIAN_POINT ( 'NONE',  ( 1.924999999999727400, 1.400000000000090900, 0.0000000000000000000 ) ) ;
#2397 = ORIENTED_EDGE ( 'NONE', *, *, #4247, .F. ) ;
#2398 = VERTEX_POINT ( 'NONE', #2075 ) ;
#2399 = DIRECTION ( 'NONE',  ( 0.0000000000000000000, 0.0000000000000000000, 1.000000000000000000 ) ) ;
#2400 = ORIENTED_EDGE ( 'NONE', *, *, #700, .F. ) ;
#2401 = ORIENTED_EDGE ( 'NONE', *, *, #3783, .F. ) ;
#2402 = ORIENTED_EDGE ( 'NONE', *, *, #2936, .T. ) ;
#2403 = EDGE_CURVE ( 'NONE', #747, #698, #4360, .T. ) ;
#2404 = LINE ( 'NONE', #2878, #1272 ) ;
#2405 = ORIENTED_EDGE ( 'NONE', *, *, #1799, .T. ) ;
#2406 = ADVANCED_FACE ( 'NONE', ( #4228 ), #2916, .F. ) ;
#2407 = DIRECTION ( 'NONE',  ( 0.08682659386433073900, 0.08682659386425485600, -0.9924325091389593100 ) ) ;
#2408 = CARTESIAN_POINT ( 'NONE',  ( 0.4272389396186244100, 0.2279999999998559300, 0.1000000000000000100 ) ) ;
#2409 = ORIENTED_EDGE ( 'NONE', *, *, #5204, .T. ) ;
#2410 = AXIS2_PLACEMENT_3D ( 'NONE', #4939, #4124, #1585 ) ;
#2411 = ORIENTED_EDGE ( 'NONE', *, *, #5076, .T. ) ;
#2412 = ORIENTED_EDGE ( 'NONE', *, *, #3792, .T. ) ;
#2413 = DIRECTION ( 'NONE',  ( -1.000000000000000000, 0.0000000000000000000, 0.0000000000000000000 ) ) ;
#2414 = ORIENTED_EDGE ( 'NONE', *, *, #3864, .T. ) ;
#2415 = PLANE ( 'NONE',  #4993 ) ;
#2416 = CARTESIAN_POINT ( 'NONE',  ( 0.0000000000000000000, 1.400000000000090900, 0.1000000000000000100 ) ) ;
#2417 = DIRECTION ( 'NONE',  ( -1.000000000000000000, -0.0000000000000000000, -0.0000000000000000000 ) ) ;
#2418 = LINE ( 'NONE', #2337, #2292 ) ;
#2419 = VERTEX_POINT ( 'NONE', #805 ) ;
#2420 = VERTEX_POINT ( 'NONE', #5449 ) ;
#2421 = AXIS2_PLACEMENT_3D ( 'NONE', #4310, #1776, #4736 ) ;
#2422 = CIRCLE ( 'NONE', #4158, 0.09999999999945426200 ) ;
#2423 = EDGE_CURVE ( 'NONE', #4021, #4007, #3095, .T. ) ;
#2424 = CARTESIAN_POINT ( 'NONE',  ( 0.9499999999998181000, 0.2200000000000273100, 0.1000000000000000100 ) ) ;
#2425 = EDGE_CURVE ( 'NONE', #1119, #5459, #1977, .T. ) ;
#2426 = CARTESIAN_POINT ( 'NONE',  ( 0.2500000000000000000, 0.1000000000001364200, 0.1000000000000000100 ) ) ;
#2427 = DIRECTION ( 'NONE',  ( -1.000000000000000000, -0.0000000000000000000, -0.0000000000000000000 ) ) ;
#2428 = DIRECTION ( 'NONE',  ( -1.000000000000000000, 0.0000000000000000000, 0.0000000000000000000 ) ) ;
#2429 = DIRECTION ( 'NONE',  ( -0.0000000000000000000, 1.000000000000000000, -0.0000000000000000000 ) ) ;
#2430 = VECTOR ( 'NONE', #4716, 1000.000000000000000 ) ;
#2431 = ORIENTED_EDGE ( 'NONE', *, *, #5178, .T. ) ;
#2432 = CARTESIAN_POINT ( 'NONE',  ( 0.2000036276719347500, 0.3992425672900987700, 0.3200000000000000100 ) ) ;
#2433 = LINE ( 'NONE', #3171, #180 ) ;
#2434 = DIRECTION ( 'NONE',  ( -0.0000000000000000000, -0.0000000000000000000, -1.000000000000000000 ) ) ;
#2435 = ADVANCED_FACE ( 'NONE', ( #4094 ), #5463, .F. ) ;
#2436 = EDGE_CURVE ( 'NONE', #550, #5180, #1847, .T. ) ;
#2437 = LINE ( 'NONE', #848, #4430 ) ;
#2438 = SURFACE_STYLE_FILL_AREA ( #2926 ) ;
#2439 = LINE ( 'NONE', #667, #183 ) ;
#2440 = VECTOR ( 'NONE', #892, 1000.000000000000000 ) ;
#2441 = VECTOR ( 'NONE', #2693, 1000.000000000000000 ) ;
#2442 = AXIS2_PLACEMENT_3D ( 'NONE', #1350, #1752, #4320 ) ;
#2443 = DIRECTION ( 'NONE',  ( 0.0000000000000000000, 0.0000000000000000000, -1.000000000000000000 ) ) ;
#2444 = CIRCLE ( 'NONE', #390, 0.09999999999991049400 ) ;
#2445 = LINE ( 'NONE', #3283, #2312 ) ;
#2446 = DIRECTION ( 'NONE',  ( -1.000000000000000000, 0.0000000000000000000, 0.0000000000000000000 ) ) ;
#2447 = CARTESIAN_POINT ( 'NONE',  ( 2.650000000000090900, 0.7750000000005458100, 0.1000000000000000100 ) ) ;
#2449 = CARTESIAN_POINT ( 'NONE',  ( 0.2279999999998458300, -2.196632651109286700E-013, 0.09999999999999999200 ) ) ;
#2448 = CARTESIAN_POINT ( 'NONE',  ( 1.725000000000818500, 0.0000000000000000000, 0.1000000000000000100 ) ) ;
#2450 = ORIENTED_EDGE ( 'NONE', *, *, #5243, .T. ) ;
#2451 = DIRECTION ( 'NONE',  ( 1.000000000000000000, 0.0000000000000000000, 0.0000000000000000000 ) ) ;
#2452 = DIRECTION ( 'NONE',  ( -0.0000000000000000000, -0.0000000000000000000, -1.000000000000000000 ) ) ;
#2453 = DIRECTION ( 'NONE',  ( 0.0000000000000000000, -1.000000000000000000, 0.0000000000000000000 ) ) ;
#2454 = VERTEX_POINT ( 'NONE', #4219 ) ;
#2455 = VERTEX_POINT ( 'NONE', #823 ) ;
#2456 = EDGE_CURVE ( 'NONE', #4118, #4753, #3972, .T. ) ;
#2457 = ORIENTED_EDGE ( 'NONE', *, *, #5415, .F. ) ;
#2458 = ORIENTED_EDGE ( 'NONE', *, *, #5133, .F. ) ;
#2459 = EDGE_CURVE ( 'NONE', #765, #4863, #1095, .T. ) ;
#2460 = ORIENTED_EDGE ( 'NONE', *, *, #3740, .T. ) ;
#2461 = ADVANCED_FACE ( 'NONE', ( #1711 ), #3832, .F. ) ;
#2462 = DIRECTION ( 'NONE',  ( -0.08682659386433073900, -0.08682659386425485600, 0.9924325091389592000 ) ) ;
#2463 = ORIENTED_EDGE ( 'NONE', *, *, #5064, .T. ) ;
#2464 = PRESENTATION_LAYER_ASSIGNMENT (  '', '', ( #2183 ) ) ;
#2465 = EDGE_LOOP ( 'NONE', ( #200, #5380, #4998, #4426, #5138, #4410, #3253, #1265, #2688, #3321, #4799, #445, #489, #4447, #2998, #2605, #3146, #2743, #5260, #3318, #4859, #5148, #3054 ) ) ;
#2466 = VERTEX_POINT ( 'NONE', #4660 ) ;
#2467 = CARTESIAN_POINT ( 'NONE',  ( 0.1999999999998181000, 1.300000000000181900, 0.1000000000000000100 ) ) ;
#2468 = CARTESIAN_POINT ( 'NONE',  ( 0.3000000000001790100, 1.100000000000139300, -0.1000000000000000100 ) ) ;
#2469 = CARTESIAN_POINT ( 'NONE',  ( 1.149999999999968800, 1.100000000000031400, 0.1000000000000000100 ) ) ;
#2470 = ORIENTED_EDGE ( 'NONE', *, *, #2713, .T. ) ;
#2471 = EDGE_CURVE ( 'NONE', #298, #4880, #577, .T. ) ;
#2472 = CARTESIAN_POINT ( 'NONE',  ( 3.000000000000000000, 1.400000000000090900, 0.0000000000000000000 ) ) ;
#2473 = CARTESIAN_POINT ( 'NONE',  ( 0.7999999999997271500, 1.180000000000063700, 0.0000000000000000000 ) ) ;
#2474 = DIRECTION ( 'NONE',  ( -0.3846153846147275500, -0.9230769230771968000, 0.0000000000000000000 ) ) ;
#2475 = ORIENTED_EDGE ( 'NONE', *, *, #3207, .F. ) ;
#2476 = CARTESIAN_POINT ( 'NONE',  ( -0.09999999999990905100, 1.300000000000181900, 0.1000000000000000100 ) ) ;
#2477 = LINE ( 'NONE', #4543, #1348 ) ;
#2478 = VERTEX_POINT ( 'NONE', #3807 ) ;
#2479 = AXIS2_PLACEMENT_3D ( 'NONE', #4577, #3749, #1191 ) ;
#2480 = ORIENTED_EDGE ( 'NONE', *, *, #4689, .F. ) ;
#2481 = ORIENTED_EDGE ( 'NONE', *, *, #1286, .T. ) ;
#2482 = ORIENTED_EDGE ( 'NONE', *, *, #159, .T. ) ;
#2483 = FILL_AREA_STYLE_COLOUR ( '', #4704 ) ;
#2484 = CARTESIAN_POINT ( 'NONE',  ( 0.5000000000002330400, 0.3000000000001762400, 0.0000000000000000000 ) ) ;
#2485 = EDGE_LOOP ( 'NONE', ( #2105, #3254, #2604, #1635 ) ) ;
#2486 = ORIENTED_EDGE ( 'NONE', *, *, #1947, .F. ) ;
#2487 = UNCERTAINTY_MEASURE_WITH_UNIT (LENGTH_MEASURE( 1.000000000000000100E-005 ), #3828, 'distance_accuracy_value', 'NONE');
#2488 = CARTESIAN_POINT ( 'NONE',  ( 2.799996372328230200, 0.3992425672901036000, 0.4200000000000000400 ) ) ;
#2489 = DIRECTION ( 'NONE',  ( -0.0000000000000000000, -0.0000000000000000000, 1.000000000000000000 ) ) ;
#2490 = DIRECTION ( 'NONE',  ( -1.000000000000000000, 0.0000000000000000000, 0.0000000000000000000 ) ) ;
#2491 = DIRECTION ( 'NONE',  ( 0.0000000000000000000, 1.000000000000000000, -0.0000000000000000000 ) ) ;
#2492 = LINE ( 'NONE', #5277, #2759 ) ;
#2493 = ORIENTED_EDGE ( 'NONE', *, *, #2758, .T. ) ;
#2494 = ORIENTED_EDGE ( 'NONE', *, *, #687, .T. ) ;
#2495 = EDGE_CURVE ( 'NONE', #2726, #1942, #4953, .T. ) ;
#2496 = SURFACE_SIDE_STYLE ('',( #2278 ) ) ;
#2497 = DIRECTION ( 'NONE',  ( 2.841964944626982300E-013, -1.000000000000000000, -0.0000000000000000000 ) ) ;
#2498 = VECTOR ( 'NONE', #3121, 1000.000000000000000 ) ;
#2499 = VECTOR ( 'NONE', #1156, 1000.000000000000000 ) ;
#2500 = PLANE ( 'NONE',  #2720 ) ;
#2501 = EDGE_CURVE ( 'NONE', #566, #2858, #1569, .T. ) ;
#2502 = FACE_OUTER_BOUND ( 'NONE', #15, .T. ) ;
#2503 = LINE ( 'NONE', #3756, #1098 ) ;
#2504 = FACE_OUTER_BOUND ( 'NONE', #4604, .T. ) ;
#2505 = DIRECTION ( 'NONE',  ( -0.0000000000000000000, -0.0000000000000000000, -1.000000000000000000 ) ) ;
#2506 = CIRCLE ( 'NONE', #506, 0.1000000000002500600 ) ;
#2507 = MECHANICAL_DESIGN_GEOMETRIC_PRESENTATION_REPRESENTATION (  '', ( #1952 ), #2786 ) ;
#2508 = CARTESIAN_POINT ( 'NONE',  ( 0.3756410256410163100, 1.361538461538657400, 0.1000000000000000100 ) ) ;
#2509 = CARTESIAN_POINT ( 'NONE',  ( 1.250000000000000000, 1.200000000000045500, -0.1000000000000000100 ) ) ;
#2510 = CONTEXT_DEPENDENT_SHAPE_REPRESENTATION ( #2211, #2176 ) ;
#2511 = CARTESIAN_POINT ( 'NONE',  ( 2.450000000000272800, 1.100000000000136400, 0.0000000000000000000 ) ) ;
#2512 = LINE ( 'NONE', #846, #255 ) ;
#2513 = LINE ( 'NONE', #1994, #4771 ) ;
#2514 = VECTOR ( 'NONE', #123, 1000.000000000000000 ) ;
#2515 = EDGE_CURVE ( 'NONE', #2872, #359, #2963, .T. ) ;
#2516 = LINE ( 'NONE', #3987, #4638 ) ;
#2517 = PRESENTATION_STYLE_ASSIGNMENT (( #1703 ) ) ;
#2518 = CIRCLE ( 'NONE', #87, 0.09999999999993844400 ) ;
#2519 = VECTOR ( 'NONE', #1578, 1000.000000000000000 ) ;
#2520 = CIRCLE ( 'NONE', #1256, 0.1000000000000241100 ) ;
#2521 = AXIS2_PLACEMENT_3D ( 'NONE', #1463, #4421, #1898 ) ;
#2522 = DIRECTION ( 'NONE',  ( -1.000000000000000000, 0.0000000000000000000, 0.0000000000000000000 ) ) ;
#2523 = CARTESIAN_POINT ( 'NONE',  ( 0.9499999999998182100, 1.100000000000136400, 0.1000000000000000100 ) ) ;
#2524 = ORIENTED_EDGE ( 'NONE', *, *, #1917, .F. ) ;
#2525 = ORIENTED_EDGE ( 'NONE', *, *, #528, .F. ) ;
#2526 = CARTESIAN_POINT ( 'NONE',  ( 0.4449157588952289400, 1.154323180723457100, -0.2020469688724376200 ) ) ;
#2528 = CARTESIAN_POINT ( 'NONE',  ( 2.350000000000363800, 0.1999999999998181000, -0.1000000000000000100 ) ) ;
#2527 = DIRECTION ( 'NONE',  ( 0.0000000000000000000, -0.08715574274765837400, 0.9961946980917455500 ) ) ;
#2529 = CARTESIAN_POINT ( 'NONE',  ( 0.0000000000000000000, 0.0000000000000000000, 0.0000000000000000000 ) ) ;
#2530 = CARTESIAN_POINT ( 'NONE',  ( 2.799999999999727200, 1.300000000000182100, 0.1000000000000000100 ) ) ;
#2531 = DIRECTION ( 'NONE',  ( -0.0000000000000000000, -0.0000000000000000000, -1.000000000000000000 ) ) ;
#2532 = DIRECTION ( 'NONE',  ( -1.000000000000000000, 0.0000000000000000000, 0.0000000000000000000 ) ) ;
#2533 = ORIENTED_EDGE ( 'NONE', *, *, #2642, .T. ) ;
#2534 = ORIENTED_EDGE ( 'NONE', *, *, #4990, .F. ) ;
#2535 = EDGE_CURVE ( 'NONE', #3729, #3591, #451, .T. ) ;
#2536 = ORIENTED_EDGE ( 'NONE', *, *, #2385, .T. ) ;
#2537 = EDGE_LOOP ( 'NONE', ( #347, #5433, #5125, #4731 ) ) ;
#2538 = EDGE_CURVE ( 'NONE', #5003, #16, #1446, .T. ) ;
#2539 = ORIENTED_EDGE ( 'NONE', *, *, #4562, .F. ) ;
#2540 = DIRECTION ( 'NONE',  ( -0.0000000000000000000, -0.0000000000000000000, -1.000000000000000000 ) ) ;
#2542 = CARTESIAN_POINT ( 'NONE',  ( 3.000000000000000000, 0.7750000000005458100, 0.1000000000000000100 ) ) ;
#2541 = STYLED_ITEM ( 'NONE', ( #120 ), #4415 ) ;
#2543 = CIRCLE ( 'NONE', #2592, 0.09999999999990896700 ) ;
#2544 = ORIENTED_EDGE ( 'NONE', *, *, #5482, .F. ) ;
#2545 = DIRECTION ( 'NONE',  ( -0.0000000000000000000, -0.0000000000000000000, -1.000000000000000000 ) ) ;
#2546 = EDGE_CURVE ( 'NONE', #1416, #5004, #4691, .T. ) ;
#2547 = DIRECTION ( 'NONE',  ( 0.0000000000000000000, -1.000000000000000000, 0.0000000000000000000 ) ) ;
#2548 = ORIENTED_EDGE ( 'NONE', *, *, #4787, .F. ) ;
#2549 = CARTESIAN_POINT ( 'NONE',  ( 0.2499999999998862900, 1.137124791029953100E-013, 0.1000000000000000100 ) ) ;
#2550 = ORIENTED_EDGE ( 'NONE', *, *, #449, .T. ) ;
#2551 = ORIENTED_EDGE ( 'NONE', *, *, #264, .F. ) ;
#2552 = VERTEX_POINT ( 'NONE', #3404 ) ;
#2553 = AXIS2_PLACEMENT_3D ( 'NONE', #1763, #3448, #3898 ) ;
#2554 = VECTOR ( 'NONE', #3175, 1000.000000000000000 ) ;
#2555 = ORIENTED_EDGE ( 'NONE', *, *, #492, .F. ) ;
#2556 = VERTEX_POINT ( 'NONE', #3846 ) ;
#2557 = UNCERTAINTY_MEASURE_WITH_UNIT (LENGTH_MEASURE( 1.000000000000000100E-005 ), #1482, 'distance_accuracy_value', 'NONE');
#2558 = CARTESIAN_POINT ( 'NONE',  ( 0.2264979660455311000, 0.4257369056636719500, 0.1171683266630292300 ) ) ;
#2559 = FACE_OUTER_BOUND ( 'NONE', #1085, .T. ) ;
#2560 = AXIS2_PLACEMENT_3D ( 'NONE', #2849, #754, #4126 ) ;
#2561 =( LENGTH_UNIT ( ) NAMED_UNIT ( * ) SI_UNIT ( .MILLI., .METRE. ) );
#2562 =( NAMED_UNIT ( * ) PLANE_ANGLE_UNIT ( ) SI_UNIT ( $, .RADIAN. ) );
#2563 = DIRECTION ( 'NONE',  ( -1.000000000000000000, 0.0000000000000000000, -0.0000000000000000000 ) ) ;
#2564 = CARTESIAN_POINT ( 'NONE',  ( -0.1500000000000909500, 0.1000000000001364200, 0.1000000000000000100 ) ) ;
#2565 = VECTOR ( 'NONE', #4255, 1000.000000000000000 ) ;
#2566 = EDGE_CURVE ( 'NONE', #3736, #546, #522, .T. ) ;
#2567 = PRESENTATION_STYLE_ASSIGNMENT (( #2197 ) ) ;
#2568 = VECTOR ( 'NONE', #2596, 1000.000000000000000 ) ;
#2569 = ORIENTED_EDGE ( 'NONE', *, *, #1014, .T. ) ;
#2570 = VECTOR ( 'NONE', #5263, 1000.000000000000000 ) ;
#2571 = AXIS2_PLACEMENT_3D ( 'NONE', #2416, #306, #3267 ) ;
#2572 = FACE_OUTER_BOUND ( 'NONE', #799, .T. ) ;
#2573 = CYLINDRICAL_SURFACE ( 'NONE', #164, 0.09999999999990907800 ) ;
#2574 = LINE ( 'NONE', #4480, #1309 ) ;
#2575 = CYLINDRICAL_SURFACE ( 'NONE', #5385, 0.1000000000000255500 ) ;
#2576 = EDGE_CURVE ( 'NONE', #4211, #3588, #3689, .T. ) ;
#2577 = VECTOR ( 'NONE', #4382, 1000.000000000000000 ) ;
#2578 = AXIS2_PLACEMENT_3D ( 'NONE', #4148, #5407, #2873 ) ;
#2580 = CARTESIAN_POINT ( 'NONE',  ( 2.799996372328230200, 1.117651759452928500, 0.3200000000000000100 ) ) ;
#2579 = CARTESIAN_POINT ( 'NONE',  ( 0.2500000000006821200, 0.3000000000001819000, 0.0000000000000000000 ) ) ;
#2581 = DIRECTION ( 'NONE',  ( 1.000000000000000000, 0.0000000000000000000, 0.0000000000000000000 ) ) ;
#2582 = FACE_OUTER_BOUND ( 'NONE', #3952, .T. ) ;
#2583 = DIRECTION ( 'NONE',  ( -1.000000000000000000, 0.0000000000000000000, 0.0000000000000000000 ) ) ;
#2584 = DIRECTION ( 'NONE',  ( -0.0000000000000000000, -0.0000000000000000000, -1.000000000000000000 ) ) ;
#2585 = FACE_OUTER_BOUND ( 'NONE', #1602, .T. ) ;
#2586 = DIRECTION ( 'NONE',  ( 1.000000000000000000, 0.0000000000000000000, 0.0000000000000000000 ) ) ;
#2587 = PRODUCT ( '3020TP', '3020TP', '', ( #4327 ) ) ;
#2588 = DIRECTION ( 'NONE',  ( -0.0000000000000000000, -0.0000000000000000000, -1.000000000000000000 ) ) ;
#2589 = EDGE_CURVE ( 'NONE', #4882, #148, #4305, .T. ) ;
#2590 = ORIENTED_EDGE ( 'NONE', *, *, #5330, .F. ) ;
#2591 = ORIENTED_EDGE ( 'NONE', *, *, #2723, .T. ) ;
#2592 = AXIS2_PLACEMENT_3D ( 'NONE', #343, #3303, #779 ) ;
#2593 = ORIENTED_EDGE ( 'NONE', *, *, #3602, .T. ) ;
#2594 = ORIENTED_EDGE ( 'NONE', *, *, #1972, .T. ) ;
#2595 = ORIENTED_EDGE ( 'NONE', *, *, #4774, .F. ) ;
#2596 = DIRECTION ( 'NONE',  ( -0.0000000000000000000, -1.000000000000000000, -0.0000000000000000000 ) ) ;
#2597 = EDGE_LOOP ( 'NONE', ( #222, #204, #1746, #3148 ) ) ;
#2598 = CARTESIAN_POINT ( 'NONE',  ( 0.2500000000001165200, 1.108393433459087300E-013, 0.1000000000000000100 ) ) ;
#2599 = ORIENTED_EDGE ( 'NONE', *, *, #2230, .F. ) ;
#2600 = FILL_AREA_STYLE_COLOUR ( '', #3370 ) ;
#2601 = VERTEX_POINT ( 'NONE', #1625 ) ;
#2602 = CARTESIAN_POINT ( 'NONE',  ( 0.5000000000002273700, 1.099999999999909300, -0.1000000000000000100 ) ) ;
#2603 = CARTESIAN_POINT ( 'NONE',  ( 0.5999999999999090500, 1.100000000000136400, 0.0000000000000000000 ) ) ;
#2604 = ORIENTED_EDGE ( 'NONE', *, *, #3452, .F. ) ;
#2605 = ORIENTED_EDGE ( 'NONE', *, *, #1405, .T. ) ;
#2606 = EDGE_CURVE ( 'NONE', #1416, #4335, #921, .T. ) ;
#2607 = CARTESIAN_POINT ( 'NONE',  ( 0.2280000000007830200, 0.9727610603814136300, 0.1000000000000000100 ) ) ;
#2608 = EDGE_CURVE ( 'NONE', #2683, #2927, #5417, .T. ) ;
#2609 = ORIENTED_EDGE ( 'NONE', *, *, #912, .F. ) ;
#2610 = FILL_AREA_STYLE ('',( #5155 ) ) ;
#2611 = AXIS2_PLACEMENT_3D ( 'NONE', #463, #3411, #885 ) ;
#2612 = ORIENTED_EDGE ( 'NONE', *, *, #1692, .F. ) ;
#2613 = EDGE_LOOP ( 'NONE', ( #3652, #73, #5194, #1207 ) ) ;
#2614 = VERTEX_POINT ( 'NONE', #2896 ) ;
#2615 = DIRECTION ( 'NONE',  ( 0.0000000000000000000, 0.0000000000000000000, 1.000000000000000000 ) ) ;
#2616 = EDGE_CURVE ( 'NONE', #3958, #743, #791, .T. ) ;
#2617 = PRODUCT_CONTEXT ( 'NONE', #496, 'mechanical' ) ;
#2618 = CARTESIAN_POINT ( 'NONE',  ( 0.2000036276719347200, 0.3992425672900987700, 0.4200000000000000400 ) ) ;
#2619 =( NAMED_UNIT ( * ) PLANE_ANGLE_UNIT ( ) SI_UNIT ( $, .RADIAN. ) );
#2620 = EDGE_LOOP ( 'NONE', ( #2628, #1604, #4199, #2107 ) ) ;
#2621 = DIRECTION ( 'NONE',  ( -0.08682659386433073900, -0.08682659386425487000, 0.9924325091389592000 ) ) ;
#2622 = ORIENTED_EDGE ( 'NONE', *, *, #4184, .T. ) ;
#2623 =( NAMED_UNIT ( * ) PLANE_ANGLE_UNIT ( ) SI_UNIT ( $, .RADIAN. ) );
#2624 = DIRECTION ( 'NONE',  ( -1.000000000000000000, 0.0000000000000000000, 0.0000000000000000000 ) ) ;
#2625 = CARTESIAN_POINT ( 'NONE',  ( 0.2500000000000000000, 1.300000000000181900, 0.0000000000000000000 ) ) ;
#2626 = LINE ( 'NONE', #3402, #1498 ) ;
#2627 = EDGE_LOOP ( 'NONE', ( #4616, #1330, #3938, #3959 ) ) ;
#2628 = ORIENTED_EDGE ( 'NONE', *, *, #3630, .T. ) ;
#2629 = AXIS2_PLACEMENT_3D ( 'NONE', #1905, #3163, #630 ) ;
#2630 = LINE ( 'NONE', #2695, #2897 ) ;
#2631 = CYLINDRICAL_SURFACE ( 'NONE', #576, 0.1000000000001307500 ) ;
#2633 = AXIS2_PLACEMENT_3D ( 'NONE', #3372, #1257, #5481 ) ;
#2632 = CARTESIAN_POINT ( 'NONE',  ( 2.800000000000181900, 1.100000000000136400, 0.0000000000000000000 ) ) ;
#2634 =( REPRESENTATION_RELATIONSHIP ('NONE','NONE', #1830, #829 ) REPRESENTATION_RELATIONSHIP_WITH_TRANSFORMATION ( #1383 )SHAPE_REPRESENTATION_RELATIONSHIP( ) );
#2635 = PLANE ( 'NONE',  #4809 ) ;
#2636 = PLANE ( 'NONE',  #5043 ) ;
#2637 = DIRECTION ( 'NONE',  ( -0.0000000000000000000, -0.0000000000000000000, -1.000000000000000000 ) ) ;
#2638 = LINE ( 'NONE', #2196, #4765 ) ;
#2639 = FACE_OUTER_BOUND ( 'NONE', #5211, .T. ) ;
#2640 = CARTESIAN_POINT ( 'NONE',  ( 0.9000000000001955300, 1.179999999999269600, 0.1000000000000000100 ) ) ;
#2641 = LINE ( 'NONE', #2036, #1512 ) ;
#2642 = EDGE_CURVE ( 'NONE', #5132, #2220, #1502, .T. ) ;
#2643 = DIRECTION ( 'NONE',  ( 1.000000000000000000, 0.0000000000000000000, 0.0000000000000000000 ) ) ;
#2644 = SHAPE_DEFINITION_REPRESENTATION ( #3598, #829 ) ;
#2645 = EDGE_CURVE ( 'NONE', #947, #3468, #4175, .T. ) ;
#2646 = LINE ( 'NONE', #2954, #4770 ) ;
#2647 = VECTOR ( 'NONE', #4085, 1000.000000000000000 ) ;
#2648 = MECHANICAL_DESIGN_GEOMETRIC_PRESENTATION_REPRESENTATION (  '', ( #1510 ), #2928 ) ;
#2649 = LINE ( 'NONE', #2697, #1390 ) ;
#2650 = CARTESIAN_POINT ( 'NONE',  ( 2.799999999999727200, 0.1000000000001364200, 0.0000000000000000000 ) ) ;
#2651 = CIRCLE ( 'NONE', #660, 0.1000000000000227100 ) ;
#2652 = EDGE_CURVE ( 'NONE', #1694, #1221, #1929, .T. ) ;
#2653 = ORIENTED_EDGE ( 'NONE', *, *, #2296, .T. ) ;
#2654 = CIRCLE ( 'NONE', #989, 0.09999999999991049400 ) ;
#2655 = PRODUCT_DEFINITION_FORMATION_WITH_SPECIFIED_SOURCE ( '任何', '', #1302, .NOT_KNOWN. ) ;
#2656 = CARTESIAN_POINT ( 'NONE',  ( -0.1500000000000909200, 1.100000000000136400, 0.0000000000000000000 ) ) ;
#2657 = DIRECTION ( 'NONE',  ( 1.000000000000000000, 3.209939973140664600E-013, 0.0000000000000000000 ) ) ;
#2658 = ORIENTED_EDGE ( 'NONE', *, *, #1909, .T. ) ;
#2659 = CARTESIAN_POINT ( 'NONE',  ( 0.6000000000003638000, 1.100000000000136400, 0.0000000000000000000 ) ) ;
#2660 = CARTESIAN_POINT ( 'NONE',  ( 1.824999999999818100, 0.1000000000001364200, 0.1000000000000000100 ) ) ;
#2661 = VERTEX_POINT ( 'NONE', #1219 ) ;
#2662 = DIRECTION ( 'NONE',  ( -0.9961946980917454300, 0.0000000000000000000, 0.08715574274765831900 ) ) ;
#2663 = DIRECTION ( 'NONE',  ( 0.0000000000000000000, -1.000000000000000000, 0.0000000000000000000 ) ) ;
#2664 = AXIS2_PLACEMENT_3D ( 'NONE', #3151, #617, #3579 ) ;
#2665 = VERTEX_POINT ( 'NONE', #3324 ) ;
#2666 = ORIENTED_EDGE ( 'NONE', *, *, #4319, .F. ) ;
#2667 = CARTESIAN_POINT ( 'NONE',  ( 2.174999999999727200, 1.300000000000181900, 0.0000000000000000000 ) ) ;
#2668 = ORIENTED_EDGE ( 'NONE', *, *, #5415, .T. ) ;
#2669 = ORIENTED_EDGE ( 'NONE', *, *, #4710, .T. ) ;
#2670 = VERTEX_POINT ( 'NONE', #4203 ) ;
#2671 = CARTESIAN_POINT ( 'NONE',  ( 1.150000000000090900, 1.300000000000181900, 0.1000000000000000100 ) ) ;
#2672 = EDGE_CURVE ( 'NONE', #5205, #1490, #3912, .T. ) ;
#2673 = DIRECTION ( 'NONE',  ( -1.000000000000000000, -0.0000000000000000000, -0.0000000000000000000 ) ) ;
#2674 = DIRECTION ( 'NONE',  ( -0.0000000000000000000, 1.000000000000000000, -0.0000000000000000000 ) ) ;
#2675 = CYLINDRICAL_SURFACE ( 'NONE', #1751, 0.09999999999992220700 ) ;
#2676 = CARTESIAN_POINT ( 'NONE',  ( 0.9499999999998181000, 0.2200000000000273100, 0.1000000000000000100 ) ) ;
#2677 = ORIENTED_EDGE ( 'NONE', *, *, #1988, .T. ) ;
#2678 = DIRECTION ( 'NONE',  ( 0.0000000000000000000, -1.000000000000000000, 0.0000000000000000000 ) ) ;
#2679 = AXIS2_PLACEMENT_3D ( 'NONE', #3092, #556, #3508 ) ;
#2680 = EDGE_LOOP ( 'NONE', ( #825, #2261, #4072, #2653 ) ) ;
#2681 = ORIENTED_EDGE ( 'NONE', *, *, #2351, .F. ) ;
#2682 = EDGE_LOOP ( 'NONE', ( #1987, #5206, #1358, #4448 ) ) ;
#2683 = VERTEX_POINT ( 'NONE', #807 ) ;
#2684 = EDGE_CURVE ( 'NONE', #828, #179, #2906, .T. ) ;
#2685 = CARTESIAN_POINT ( 'NONE',  ( 2.650000000000090900, 0.7750000000005459200, 0.1000000000000000100 ) ) ;
#2686 = AXIS2_PLACEMENT_3D ( 'NONE', #1234, #2111, #5065 ) ;
#2687 = LINE ( 'NONE', #4406, #1558 ) ;
#2688 = ORIENTED_EDGE ( 'NONE', *, *, #3611, .T. ) ;
#2689 = ORIENTED_EDGE ( 'NONE', *, *, #4502, .F. ) ;
#2690 = EDGE_CURVE ( 'NONE', #4263, #90, #5037, .T. ) ;
#2691 = PLANE ( 'NONE',  #1816 ) ;
#2692 = ADVANCED_FACE ( 'NONE', ( #4904 ), #4220, .F. ) ;
#2693 = DIRECTION ( 'NONE',  ( 1.000000000000000000, -0.0000000000000000000, -0.0000000000000000000 ) ) ;
#2694 = LINE ( 'NONE', #4339, #1565 ) ;
#2695 = CARTESIAN_POINT ( 'NONE',  ( 0.1500000000000909500, 0.0000000000000000000, 0.1000000000000000100 ) ) ;
#2696 = DIRECTION ( 'NONE',  ( 1.000000000000000000, 0.0000000000000000000, -0.0000000000000000000 ) ) ;
#2697 = CARTESIAN_POINT ( 'NONE',  ( 2.800000000000181900, 1.100000000000136400, 0.0000000000000000000 ) ) ;
#2698 = VECTOR ( 'NONE', #2545, 1000.000000000000000 ) ;
#2699 = CARTESIAN_POINT ( 'NONE',  ( 0.3000000000002984200, 0.3000000000000710400, 0.0000000000000000000 ) ) ;
#2700 = FACE_OUTER_BOUND ( 'NONE', #14, .T. ) ;
#2701 = ORIENTED_EDGE ( 'NONE', *, *, #3145, .F. ) ;
#2702 = VECTOR ( 'NONE', #2711, 1000.000000000000000 ) ;
#2703 = ORIENTED_EDGE ( 'NONE', *, *, #1415, .F. ) ;
#2704 = FACE_BOUND ( 'NONE', #503, .T. ) ;
#2705 = FACE_OUTER_BOUND ( 'NONE', #1266, .T. ) ;
#2706 = VECTOR ( 'NONE', #4038, 1000.000000000000000 ) ;
#2707 = CARTESIAN_POINT ( 'NONE',  ( 0.7999999999997271500, 0.2999999999999545300, -0.1000000000000000100 ) ) ;
#2708 = CYLINDRICAL_SURFACE ( 'NONE', #4834, 0.09999999999990900900 ) ;
#2709 = DIRECTION ( 'NONE',  ( 0.0000000000000000000, -0.0000000000000000000, 1.000000000000000000 ) ) ;
#2710 = CARTESIAN_POINT ( 'NONE',  ( 0.09999999999990905100, 0.8750000000000000000, 0.1000000000000000100 ) ) ;
#2711 = DIRECTION ( 'NONE',  ( -0.0000000000000000000, 1.000000000000000000, -0.0000000000000000000 ) ) ;
#2712 = CYLINDRICAL_SURFACE ( 'NONE', #5209, 0.1000000000000227400 ) ;
#2713 = EDGE_CURVE ( 'NONE', #5060, #3736, #1786, .T. ) ;
#2714 = CARTESIAN_POINT ( 'NONE',  ( 0.2500000000002274800, 1.399999999999863600, 0.0000000000000000000 ) ) ;
#2715 = CARTESIAN_POINT ( 'NONE',  ( 0.7999999999997271500, 1.180000000000063700, 0.1000000000000000100 ) ) ;
#2716 = FACE_OUTER_BOUND ( 'NONE', #1891, .T. ) ;
#2717 = EDGE_CURVE ( 'NONE', #3932, #151, #2646, .T. ) ;
#2718 = LINE ( 'NONE', #5375, #329 ) ;
#2719 = CARTESIAN_POINT ( 'NONE',  ( 0.3992425672908633300, 1.199996372327866600, 0.3200000000000000100 ) ) ;
#2720 = AXIS2_PLACEMENT_3D ( 'NONE', #1673, #4635, #2108 ) ;
#2721 = ADVANCED_FACE ( 'NONE', ( #1516 ), #3809, .F. ) ;
#2722 = VERTEX_POINT ( 'NONE', #2530 ) ;
#2723 = EDGE_CURVE ( 'NONE', #5140, #2670, #2512, .T. ) ;
#2724 = ORIENTED_EDGE ( 'NONE', *, *, #1366, .T. ) ;
#2725 = MANIFOLD_SOLID_BREP ( '凸台-拉伸2[1]', #3450 ) ;
#2726 = VERTEX_POINT ( 'NONE', #7 ) ;
#2727 = CARTESIAN_POINT ( 'NONE',  ( -0.04999999999972715200, 0.2000000000000455000, 0.0000000000000000000 ) ) ;
#2728 = ORIENTED_EDGE ( 'NONE', *, *, #3381, .F. ) ;
#2729 = CARTESIAN_POINT ( 'NONE',  ( 0.3916666666668789400, 1.400000000000090900, 0.1000000000000000100 ) ) ;
#2730 = CARTESIAN_POINT ( 'NONE',  ( 0.4272389396191320100, 1.171999999999570700, 0.0000000000000000000 ) ) ;
#2731 = DIRECTION ( 'NONE',  ( -0.0000000000000000000, -0.0000000000000000000, -1.000000000000000000 ) ) ;
#2732 = MECHANICAL_DESIGN_GEOMETRIC_PRESENTATION_REPRESENTATION (  '', ( #2168 ), #3015 ) ;
#2733 = EDGE_LOOP ( 'NONE', ( #5435, #3615, #5150, #1946 ) ) ;
#2734 = DIRECTION ( 'NONE',  ( -0.0000000000000000000, -0.0000000000000000000, -1.000000000000000000 ) ) ;
#2735 = EDGE_LOOP ( 'NONE', ( #4807, #967, #2080, #162, #699, #1883 ) ) ;
#2736 = ORIENTED_EDGE ( 'NONE', *, *, #3483, .T. ) ;
#2737 = ORIENTED_EDGE ( 'NONE', *, *, #31, .F. ) ;
#2738 = CARTESIAN_POINT ( 'NONE',  ( 2.574263094336307000, 0.4257369056636754500, 0.03459947521252197700 ) ) ;
#2739 = ORIENTED_EDGE ( 'NONE', *, *, #2423, .F. ) ;
#2740 = ORIENTED_EDGE ( 'NONE', *, *, #3070, .T. ) ;
#2741 = DIRECTION ( 'NONE',  ( -0.0000000000000000000, -0.0000000000000000000, -1.000000000000000000 ) ) ;
#2742 = ADVANCED_FACE ( 'NONE', ( #3235 ), #4663, .T. ) ;
#2743 = ORIENTED_EDGE ( 'NONE', *, *, #22, .T. ) ;
#2744 = EDGE_CURVE ( 'NONE', #3817, #1748, #5355, .T. ) ;
#2745 = ADVANCED_FACE ( 'NONE', ( #990 ), #5087, .F. ) ;
#2746 = CARTESIAN_POINT ( 'NONE',  ( -0.1000000000000227400, 1.137057028394172800E-013, 0.1000000000000000100 ) ) ;
#2747 = EDGE_LOOP ( 'NONE', ( #2622, #2666, #3135, #3194 ) ) ;
#2748 = DIRECTION ( 'NONE',  ( 1.000000000000000000, 0.0000000000000000000, 0.0000000000000000000 ) ) ;
#2749 = DIRECTION ( 'NONE',  ( -1.000000000000000000, 0.0000000000000000000, 0.0000000000000000000 ) ) ;
#2750 = DIRECTION ( 'NONE',  ( 1.000000000000000000, 0.0000000000000000000, 0.0000000000000000000 ) ) ;
#2751 = EDGE_CURVE ( 'NONE', #2455, #1493, #3110, .T. ) ;
#2752 = EDGE_LOOP ( 'NONE', ( #1951, #1636, #612, #4334, #1087, #17 ) ) ;
#2753 = ORIENTED_EDGE ( 'NONE', *, *, #2608, .T. ) ;
#2754 = MECHANICAL_DESIGN_GEOMETRIC_PRESENTATION_REPRESENTATION (  '', ( #2183 ), #3031 ) ;
#2755 = ORIENTED_EDGE ( 'NONE', *, *, #3854, .T. ) ;
#2756 = ORIENTED_EDGE ( 'NONE', *, *, #656, .F. ) ;
#2757 = CARTESIAN_POINT ( 'NONE',  ( 1.250000000000000000, 1.200000000000045500, 0.0000000000000000000 ) ) ;
#2758 = EDGE_CURVE ( 'NONE', #1221, #3526, #2124, .T. ) ;
#2759 = VECTOR ( 'NONE', #2741, 1000.000000000000000 ) ;
#2760 = EDGE_LOOP ( 'NONE', ( #4814, #416, #2793, #4754 ) ) ;
#2761 = ORIENTED_EDGE ( 'NONE', *, *, #2351, .T. ) ;
#2762 = STYLED_ITEM ( 'NONE', ( #3300 ), #3785 ) ;
#2763 = VECTOR ( 'NONE', #3102, 1000.000000000000000 ) ;
#2764 = FACE_OUTER_BOUND ( 'NONE', #2331, .T. ) ;
#2765 = VECTOR ( 'NONE', #2584, 1000.000000000000000 ) ;
#2766 = LINE ( 'NONE', #5392, #1378 ) ;
#2767 = ADVANCED_FACE ( 'NONE', ( #4242 ), #5127, .F. ) ;
#2768 = CIRCLE ( 'NONE', #3142, 0.1000000000002410600 ) ;
#2769 = AXIS2_PLACEMENT_3D ( 'NONE', #1855, #4816, #2269 ) ;
#2770 = VECTOR ( 'NONE', #1245, 1000.000000000000000 ) ;
#2771 = ADVANCED_FACE ( 'NONE', ( #856 ), #1860, .F. ) ;
#2772 = VECTOR ( 'NONE', #5053, 1000.000000000000000 ) ;
#2773 = LINE ( 'NONE', #3205, #1657 ) ;
#2774 = DIRECTION ( 'NONE',  ( -0.0000000000000000000, 0.0000000000000000000, 1.000000000000000000 ) ) ;
#2775 = EDGE_CURVE ( 'NONE', #1810, #1695, #4105, .T. ) ;
#2776 = VECTOR ( 'NONE', #2643, 1000.000000000000000 ) ;
#2777 = VECTOR ( 'NONE', #2116, 1000.000000000000000 ) ;
#2778 = CARTESIAN_POINT ( 'NONE',  ( 0.2000000000002728800, 1.100000000000136400, -0.1000000000000000100 ) ) ;
#2779 = DIRECTION ( 'NONE',  ( 0.0000000000000000000, 0.0000000000000000000, -1.000000000000000000 ) ) ;
#2780 = VECTOR ( 'NONE', #5009, 1000.000000000000000 ) ;
#2781 = VERTEX_POINT ( 'NONE', #3884 ) ;
#2782 = PLANE ( 'NONE',  #5227 ) ;
#2783 = ORIENTED_EDGE ( 'NONE', *, *, #5095, .T. ) ;
#2784 = EDGE_CURVE ( 'NONE', #4125, #1904, #3464, .T. ) ;
#2785 = CARTESIAN_POINT ( 'NONE',  ( 0.2500000000006821200, 0.2999999999999545800, -0.1000000000000000100 ) ) ;
#2786 =( GEOMETRIC_REPRESENTATION_CONTEXT ( 3 ) GLOBAL_UNCERTAINTY_ASSIGNED_CONTEXT ( ( #4936 ) ) GLOBAL_UNIT_ASSIGNED_CONTEXT ( ( #1814, #4778, #2234 ) ) REPRESENTATION_CONTEXT ( 'NONE', 'WORKASPACE' ) );
#2787 = UNCERTAINTY_MEASURE_WITH_UNIT (LENGTH_MEASURE( 1.000000000000000100E-005 ), #5109, 'distance_accuracy_value', 'NONE');
#2788 = EDGE_LOOP ( 'NONE', ( #355, #4017, #3996, #4726 ) ) ;
#2789 = EDGE_CURVE ( 'NONE', #562, #2815, #2977, .T. ) ;
#2790 = ORIENTED_EDGE ( 'NONE', *, *, #131, .T. ) ;
#2791 = ORIENTED_EDGE ( 'NONE', *, *, #4930, .F. ) ;
#2792 = ADVANCED_FACE ( 'NONE', ( #5098 ), #4965, .F. ) ;
#2793 = ORIENTED_EDGE ( 'NONE', *, *, #2501, .T. ) ;
#2794 = ORIENTED_EDGE ( 'NONE', *, *, #3792, .F. ) ;
#2795 = ADVANCED_FACE ( 'NONE', ( #1720 ), #2635, .F. ) ;
#2796 = CARTESIAN_POINT ( 'NONE',  ( 0.5000000000002273700, 1.099999999999909300, 0.0000000000000000000 ) ) ;
#2797 = CARTESIAN_POINT ( 'NONE',  ( 0.5333333333333030200, 1.400000000000090900, 0.1000000000000000100 ) ) ;
#2798 = ORIENTED_EDGE ( 'NONE', *, *, #3854, .F. ) ;
#2799 = AXIS2_PLACEMENT_3D ( 'NONE', #5267, #2734, #192 ) ;
#2800 = PLANE ( 'NONE',  #141 ) ;
#2801 = DIRECTION ( 'NONE',  ( -0.0000000000000000000, -0.0000000000000000000, -1.000000000000000000 ) ) ;
#2802 = LINE ( 'NONE', #3251, #5063 ) ;
#2803 = CARTESIAN_POINT ( 'NONE',  ( -0.3499999999999133200, 0.5250000000000867300, 0.1000000000000000100 ) ) ;
#2804 = EDGE_LOOP ( 'NONE', ( #4023, #5184, #3343, #5258 ) ) ;
#2805 = DIRECTION ( 'NONE',  ( -0.0000000000000000000, -0.0000000000000000000, -1.000000000000000000 ) ) ;
#2806 = CARTESIAN_POINT ( 'NONE',  ( 2.800000000000181900, 0.3000000000001819000, 0.0000000000000000000 ) ) ;
#2807 = ORIENTED_EDGE ( 'NONE', *, *, #2642, .F. ) ;
#2808 = ORIENTED_EDGE ( 'NONE', *, *, #5381, .T. ) ;
#2809 = EDGE_LOOP ( 'NONE', ( #3875, #3290, #4013, #3272, #2141, #3365, #1829, #2348 ) ) ;
#2810 = ORIENTED_EDGE ( 'NONE', *, *, #3643, .T. ) ;
#2811 = EDGE_CURVE ( 'NONE', #2781, #4195, #590, .T. ) ;
#2812 = FACE_OUTER_BOUND ( 'NONE', #746, .T. ) ;
#2813 = DIRECTION ( 'NONE',  ( -1.000000000000000000, -0.0000000000000000000, -0.0000000000000000000 ) ) ;
#2814 = ORIENTED_EDGE ( 'NONE', *, *, #3514, .F. ) ;
#2815 = VERTEX_POINT ( 'NONE', #1372 ) ;
#2816 = EDGE_CURVE ( 'NONE', #1413, #3213, #1580, .T. ) ;
#2817 = FILL_AREA_STYLE_COLOUR ( '', #4283 ) ;
#2818 = AXIS2_PLACEMENT_3D ( 'NONE', #708, #3671, #3654 ) ;
#2819 = CARTESIAN_POINT ( 'NONE',  ( -0.1500000000000909500, 1.300000000000181900, 0.0000000000000000000 ) ) ;
#2820 = DIRECTION ( 'NONE',  ( -0.0000000000000000000, -0.0000000000000000000, -1.000000000000000000 ) ) ;
#2821 = ADVANCED_FACE ( 'NONE', ( #3979 ), #3922, .F. ) ;
#2822 = DIRECTION ( 'NONE',  ( -1.000000000000000000, 0.0000000000000000000, 0.0000000000000000000 ) ) ;
#2823 = EDGE_CURVE ( 'NONE', #4878, #151, #3698, .T. ) ;
#2824 = VECTOR ( 'NONE', #1682, 1000.000000000000000 ) ;
#2825 = CIRCLE ( 'NONE', #3180, 0.09999999999990902300 ) ;
#2826 = ORIENTED_EDGE ( 'NONE', *, *, #2860, .T. ) ;
#2827 = LINE ( 'NONE', #605, #4961 ) ;
#2828 = AXIS2_PLACEMENT_3D ( 'NONE', #944, #3914, #1365 ) ;
#2829 = FILL_AREA_STYLE_COLOUR ( '', #256 ) ;
#2830 = CARTESIAN_POINT ( 'NONE',  ( 2.799999999999727200, 1.300000000000182100, 0.0000000000000000000 ) ) ;
#2831 = VECTOR ( 'NONE', #2212, 1000.000000000000000 ) ;
#2832 = FACE_OUTER_BOUND ( 'NONE', #2809, .T. ) ;
#2833 = CARTESIAN_POINT ( 'NONE',  ( 2.999999999999545300, 0.5250000000000908400, 0.0000000000000000000 ) ) ;
#2834 = DIRECTION ( 'NONE',  ( 0.0000000000000000000, -0.0000000000000000000, 1.000000000000000000 ) ) ;
#2835 = LINE ( 'NONE', #1429, #1725 ) ;
#2836 = FACE_OUTER_BOUND ( 'NONE', #4820, .T. ) ;
#2837 = CARTESIAN_POINT ( 'NONE',  ( 1.474999999999910600, 1.400000000000089600, 0.1000000000000000100 ) ) ;
#2838 = FACE_OUTER_BOUND ( 'NONE', #501, .T. ) ;
#2839 = LINE ( 'NONE', #701, #5113 ) ;
#2840 = EDGE_CURVE ( 'NONE', #2393, #2293, #4836, .T. ) ;
#2841 = ORIENTED_EDGE ( 'NONE', *, *, #4034, .F. ) ;
#2842 = ADVANCED_FACE ( 'NONE', ( #2572, #2704 ), #4363, .F. ) ;
#2843 = ORIENTED_EDGE ( 'NONE', *, *, #2744, .T. ) ;
#2844 = CARTESIAN_POINT ( 'NONE',  ( -0.3499999999999133200, 0.5250000000000867300, 0.1000000000000000100 ) ) ;
#2845 = DIRECTION ( 'NONE',  ( -0.0000000000000000000, -0.0000000000000000000, -1.000000000000000000 ) ) ;
#2846 = DIRECTION ( 'NONE',  ( -1.000000000000000000, 0.0000000000000000000, 0.0000000000000000000 ) ) ;
#2847 = CARTESIAN_POINT ( 'NONE',  ( 0.3499999999999090500, 0.0000000000000000000, 0.0000000000000000000 ) ) ;
#2848 = VERTEX_POINT ( 'NONE', #1396 ) ;
#2849 = CARTESIAN_POINT ( 'NONE',  ( 0.8999999999996362000, 0.2999999999999545300, -0.1000000000000000100 ) ) ;
#2850 = ORIENTED_EDGE ( 'NONE', *, *, #4286, .T. ) ;
#2851 = EDGE_CURVE ( 'NONE', #4589, #4053, #3568, .T. ) ;
#2852 = DIRECTION ( 'NONE',  ( -1.000000000000000000, 0.0000000000000000000, 0.0000000000000000000 ) ) ;
#2853 = CARTESIAN_POINT ( 'NONE',  ( 0.2823482405467923100, 0.2000036276715473100, 0.3199999999999999500 ) ) ;
#2854 = DIRECTION ( 'NONE',  ( 1.000000000000000000, -0.0000000000000000000, -0.0000000000000000000 ) ) ;
#2855 = ORIENTED_EDGE ( 'NONE', *, *, #1166, .T. ) ;
#2856 = CARTESIAN_POINT ( 'NONE',  ( 2.174999999999727200, 0.1000000000001364700, 0.0000000000000000000 ) ) ;
#2857 = ORIENTED_EDGE ( 'NONE', *, *, #3447, .F. ) ;
#2858 = VERTEX_POINT ( 'NONE', #3098 ) ;
#2859 = VERTEX_POINT ( 'NONE', #3515 ) ;
#2860 = EDGE_CURVE ( 'NONE', #811, #610, #181, .T. ) ;
#2861 = VERTEX_POINT ( 'NONE', #4380 ) ;
#2862 = CARTESIAN_POINT ( 'NONE',  ( -0.3499999999999090500, 0.6250000000000000000, 0.1000000000000000100 ) ) ;
#2863 = ORIENTED_EDGE ( 'NONE', *, *, #2253, .F. ) ;
#2864 = DIRECTION ( 'NONE',  ( -0.0000000000000000000, -0.0000000000000000000, -1.000000000000000000 ) ) ;
#2865 = STYLED_ITEM ( 'NONE', ( #3532 ), #1750 ) ;
#2866 = ORIENTED_EDGE ( 'NONE', *, *, #5406, .T. ) ;
#2867 = CARTESIAN_POINT ( 'NONE',  ( 0.0000000000000000000, 0.7750000000000909500, 0.1000000000000000100 ) ) ;
#2868 = DIRECTION ( 'NONE',  ( -0.0000000000000000000, -0.0000000000000000000, -1.000000000000000000 ) ) ;
#2869 = DIRECTION ( 'NONE',  ( 0.0000000000000000000, 0.0000000000000000000, 1.000000000000000000 ) ) ;
#2871 = CARTESIAN_POINT ( 'NONE',  ( 2.174999999999727600, 1.400000000000090900, 0.0000000000000000000 ) ) ;
#2870 = DIRECTION ( 'NONE',  ( 0.0000000000000000000, 0.0000000000000000000, 1.000000000000000000 ) ) ;
#2872 = VERTEX_POINT ( 'NONE', #4810 ) ;
#2873 = DIRECTION ( 'NONE',  ( 5.685285141969572400E-013, 1.000000000000000000, 0.0000000000000000000 ) ) ;
#2874 = ORIENTED_EDGE ( 'NONE', *, *, #3717, .T. ) ;
#2875 = DIRECTION ( 'NONE',  ( 1.000000000000000000, -0.0000000000000000000, -0.0000000000000000000 ) ) ;
#2876 = ORIENTED_EDGE ( 'NONE', *, *, #84, .F. ) ;
#2877 = ADVANCED_FACE ( 'NONE', ( #315 ), #2306, .F. ) ;
#2878 = CARTESIAN_POINT ( 'NONE',  ( 0.2499999999999999400, 0.1000000000001364400, 0.1000000000000000100 ) ) ;
#2879 = ORIENTED_EDGE ( 'NONE', *, *, #11, .F. ) ;
#2880 = VERTEX_POINT ( 'NONE', #4223 ) ;
#2881 = PRODUCT_DEFINITION_SHAPE ( 'NONE', 'NONE',  #1806 ) ;
#2882 = CARTESIAN_POINT ( 'NONE',  ( 2.449999999999931800, 0.2000000000003864800, 0.0000000000000000000 ) ) ;
#2883 = LINE ( 'NONE', #2542, #3894 ) ;
#2884 = ORIENTED_EDGE ( 'NONE', *, *, #4562, .T. ) ;
#2885 = EDGE_CURVE ( 'NONE', #4876, #1964, #4702, .T. ) ;
#2886 = CARTESIAN_POINT ( 'NONE',  ( 0.2336146474330946000, 0.4328535870512291200, -0.06417571381883117900 ) ) ;
#2887 = CARTESIAN_POINT ( 'NONE',  ( 1.474999999999909100, 1.300000000000181900, 0.0000000000000000000 ) ) ;
#2888 = EDGE_CURVE ( 'NONE', #3610, #1119, #1307, .T. ) ;
#2889 = UNCERTAINTY_MEASURE_WITH_UNIT (LENGTH_MEASURE( 1.000000000000000100E-005 ), #2920, 'distance_accuracy_value', 'NONE');
#2890 = DIRECTION ( 'NONE',  ( -0.0000000000000000000, -0.0000000000000000000, -1.000000000000000000 ) ) ;
#2891 = DIRECTION ( 'NONE',  ( -1.000000000000000000, 0.0000000000000000000, 0.0000000000000000000 ) ) ;
#2892 = DIRECTION ( 'NONE',  ( 1.000000000000000000, 0.0000000000000000000, 0.0000000000000000000 ) ) ;
#2893 = AXIS2_PLACEMENT_3D ( 'NONE', #2136, #1721, #4687 ) ;
#2894 = DIRECTION ( 'NONE',  ( -0.0000000000000000000, -0.0000000000000000000, -1.000000000000000000 ) ) ;
#2895 = DIRECTION ( 'NONE',  ( -0.3846153846147276100, -0.9230769230771968000, 0.0000000000000000000 ) ) ;
#2896 = CARTESIAN_POINT ( 'NONE',  ( 2.550000000000181900, 0.2000000000002728500, 0.0000000000000000000 ) ) ;
#2897 = VECTOR ( 'NONE', #5236, 1000.000000000000000 ) ;
#2898 = CARTESIAN_POINT ( 'NONE',  ( 0.3916666666668789400, 1.400000000000090900, 0.1000000000000000100 ) ) ;
#2899 = FACE_OUTER_BOUND ( 'NONE', #1480, .T. ) ;
#2900 = DIRECTION ( 'NONE',  ( -1.000000000000000000, 0.0000000000000000000, 0.0000000000000000000 ) ) ;
#2901 = EDGE_CURVE ( 'NONE', #3337, #4535, #2437, .T. ) ;
#2902 = LINE ( 'NONE', #4701, #1781 ) ;
#2903 = FACE_OUTER_BOUND ( 'NONE', #2682, .T. ) ;
#2904 = CIRCLE ( 'NONE', #2291, 0.09999999999990918900 ) ;
#2905 = CIRCLE ( 'NONE', #4025, 0.09999999999990767700 ) ;
#2906 = LINE ( 'NONE', #2098, #526 ) ;
#2907 = VECTOR ( 'NONE', #4901, 1000.000000000000000 ) ;
#2908 = AXIS2_PLACEMENT_3D ( 'NONE', #218, #3182, #647 ) ;
#2909 = ADVANCED_FACE ( 'NONE', ( #2175 ), #3811, .F. ) ;
#2910 = DIRECTION ( 'NONE',  ( -0.0000000000000000000, 1.000000000000000000, -0.0000000000000000000 ) ) ;
#2911 = DIRECTION ( 'NONE',  ( -1.000000000000000000, 0.0000000000000000000, 0.0000000000000000000 ) ) ;
#2912 = LINE ( 'NONE', #4333, #5040 ) ;
#2913 = VECTOR ( 'NONE', #2937, 1000.000000000000000 ) ;
#2914 = DIRECTION ( 'NONE',  ( -0.0000000000000000000, -0.0000000000000000000, -1.000000000000000000 ) ) ;
#2915 = VECTOR ( 'NONE', #3961, 1000.000000000000000 ) ;
#2916 = PLANE ( 'NONE',  #3993 ) ;
#2917 = CARTESIAN_POINT ( 'NONE',  ( -0.2500000000000000000, 0.8750000000000000000, 0.1000000000000000100 ) ) ;
#2918 = LINE ( 'NONE', #4576, #2780 ) ;
#2919 = CARTESIAN_POINT ( 'NONE',  ( 0.8000000000001820100, 1.100000000000136400, -0.1000000000000000100 ) ) ;
#2920 =( LENGTH_UNIT ( ) NAMED_UNIT ( * ) SI_UNIT ( .MILLI., .METRE. ) );
#2921 = ORIENTED_EDGE ( 'NONE', *, *, #3344, .F. ) ;
#2922 = ORIENTED_EDGE ( 'NONE', *, *, #3412, .T. ) ;
#2923 = ORIENTED_EDGE ( 'NONE', *, *, #3900, .T. ) ;
#2924 = EDGE_CURVE ( 'NONE', #2281, #764, #52, .T. ) ;
#2925 = EDGE_CURVE ( 'NONE', #4598, #1149, #3425, .T. ) ;
#2926 = FILL_AREA_STYLE ('',( #2483 ) ) ;
#2927 = VERTEX_POINT ( 'NONE', #1707 ) ;
#2929 = DIRECTION ( 'NONE',  ( 0.0000000000000000000, 0.0000000000000000000, 1.000000000000000000 ) ) ;
#2928 =( GEOMETRIC_REPRESENTATION_CONTEXT ( 3 ) GLOBAL_UNCERTAINTY_ASSIGNED_CONTEXT ( ( #4523 ) ) GLOBAL_UNIT_ASSIGNED_CONTEXT ( ( #5160, #2619, #76 ) ) REPRESENTATION_CONTEXT ( 'NONE', 'WORKASPACE' ) );
#2930 = ORIENTED_EDGE ( 'NONE', *, *, #600, .T. ) ;
#2931 = ORIENTED_EDGE ( 'NONE', *, *, #2425, .T. ) ;
#2932 = DIRECTION ( 'NONE',  ( 0.0000000000000000000, 1.000000000000000000, -0.0000000000000000000 ) ) ;
#2933 = ORIENTED_EDGE ( 'NONE', *, *, #1669, .F. ) ;
#2934 = ORIENTED_EDGE ( 'NONE', *, *, #4744, .F. ) ;
#2935 = CARTESIAN_POINT ( 'NONE',  ( 0.7256410256409254700, 1.361538461538657400, 0.0000000000000000000 ) ) ;
#2936 = EDGE_CURVE ( 'NONE', #5409, #5318, #3293, .T. ) ;
#2937 = DIRECTION ( 'NONE',  ( -0.0000000000000000000, -0.0000000000000000000, -1.000000000000000000 ) ) ;
#2938 = DIRECTION ( 'NONE',  ( 0.0000000000000000000, -1.000000000000000000, 0.0000000000000000000 ) ) ;
#2939 = CARTESIAN_POINT ( 'NONE',  ( -0.2500000000000000000, 1.200000000000272800, 0.0000000000000000000 ) ) ;
#2940 = ORIENTED_EDGE ( 'NONE', *, *, #3109, .T. ) ;
#2941 = PRODUCT_RELATED_PRODUCT_CATEGORY ( 'part', '', ( #1302 ) ) ;
#2942 = CARTESIAN_POINT ( 'NONE',  ( 3.000000000000000000, 0.0000000000000000000, -0.1000000000000000100 ) ) ;
#2943 = FACE_BOUND ( 'NONE', #3674, .T. ) ;
#2944 = VERTEX_POINT ( 'NONE', #2564 ) ;
#2945 = AXIS2_PLACEMENT_3D ( 'NONE', #2283, #1456, #4414 ) ;
#2946 = EDGE_LOOP ( 'NONE', ( #815, #2345, #413, #683 ) ) ;
#2947 = EDGE_LOOP ( 'NONE', ( #4280, #5244, #1125, #1435 ) ) ;
#2948 = EDGE_LOOP ( 'NONE', ( #3596, #3953, #4478, #145 ) ) ;
#2949 = CARTESIAN_POINT ( 'NONE',  ( 0.4499999999998181000, 0.3000000000001819000, 0.1000000000000000100 ) ) ;
#2950 = ORIENTED_EDGE ( 'NONE', *, *, #108, .T. ) ;
#2951 = ORIENTED_EDGE ( 'NONE', *, *, #2652, .F. ) ;
#2952 = DIRECTION ( 'NONE',  ( -1.000000000000000000, -0.0000000000000000000, -0.0000000000000000000 ) ) ;
#2953 =( NAMED_UNIT ( * ) SI_UNIT ( $, .STERADIAN. ) SOLID_ANGLE_UNIT ( ) );
#2954 = CARTESIAN_POINT ( 'NONE',  ( 0.5999999999999090500, 0.2200000000000273400, 0.1000000000000000100 ) ) ;
#2955 = VECTOR ( 'NONE', #3332, 1000.000000000000000 ) ;
#2956 = DIRECTION ( 'NONE',  ( -0.0000000000000000000, -0.0000000000000000000, -1.000000000000000000 ) ) ;
#2957 = DIRECTION ( 'NONE',  ( 0.0000000000000000000, 0.0000000000000000000, -1.000000000000000000 ) ) ;
#2958 = ORIENTED_EDGE ( 'NONE', *, *, #3005, .F. ) ;
#2959 = DIRECTION ( 'NONE',  ( 1.000000000000000000, 0.0000000000000000000, 0.0000000000000000000 ) ) ;
#2960 = EDGE_CURVE ( 'NONE', #1945, #1208, #3164, .T. ) ;
#2961 = CARTESIAN_POINT ( 'NONE',  ( 2.900000000000090900, 0.2000000000002728800, 0.1000000000000000100 ) ) ;
#2962 = AXIS2_PLACEMENT_3D ( 'NONE', #1389, #4356, #1823 ) ;
#2963 = LINE ( 'NONE', #2972, #2565 ) ;
#2964 =( BOUNDED_CURVE ( )  B_SPLINE_CURVE ( 3, ( #382, #3342, #4621, #2100 ),
 .UNSPECIFIED., .F., .F. ) 
 B_SPLINE_CURVE_WITH_KNOTS ( ( 4, 4 ),
 ( 2.359992588465626100, 3.923192718713958800 ),
 .UNSPECIFIED. ) 
 CURVE ( )  GEOMETRIC_REPRESENTATION_ITEM ( )  RATIONAL_B_SPLINE_CURVE ( ( 1.000000000000000000, 0.8065248903853483600, 0.8065248903853483600, 1.000000000000000000 ) ) 
 REPRESENTATION_ITEM ( '' )  );
#2965 = EDGE_CURVE ( 'NONE', #2722, #35, #4301, .T. ) ;
#2966 = FACE_OUTER_BOUND ( 'NONE', #1939, .T. ) ;
#2967 = CIRCLE ( 'NONE', #2053, 0.1000000000000227100 ) ;
#2968 = SURFACE_STYLE_FILL_AREA ( #3825 ) ;
#2969 = ORIENTED_EDGE ( 'NONE', *, *, #1612, .T. ) ;
#2970 = LINE ( 'NONE', #4419, #2702 ) ;
#2972 = CARTESIAN_POINT ( 'NONE',  ( 1.574999999999818300, 1.400000000000090900, 0.1000000000000000100 ) ) ;
#2971 = DIRECTION ( 'NONE',  ( 1.000000000000000000, 1.137328078938328500E-012, 0.0000000000000000000 ) ) ;
#2973 =( NAMED_UNIT ( * ) SI_UNIT ( $, .STERADIAN. ) SOLID_ANGLE_UNIT ( ) );
#2974 = FILL_AREA_STYLE_COLOUR ( '', #1384 ) ;
#2975 = CARTESIAN_POINT ( 'NONE',  ( 1.150000000000090900, 1.300000000000181900, 0.0000000000000000000 ) ) ;
#2976 = CARTESIAN_POINT ( 'NONE',  ( 0.5923076923077134100, 0.1815384615383663900, 0.1000000000000000100 ) ) ;
#2977 = LINE ( 'NONE', #3024, #5231 ) ;
#2978 = DIRECTION ( 'NONE',  ( 1.000000000000000000, 0.0000000000000000000, 0.0000000000000000000 ) ) ;
#2979 = LINE ( 'NONE', #4159, #1722 ) ;
#2980 = CARTESIAN_POINT ( 'NONE',  ( 2.799996372328230200, 0.2823482405467004400, 0.3200000000000000100 ) ) ;
#2981 = EDGE_CURVE ( 'NONE', #1253, #4749, #2049, .T. ) ;
#2982 = FACE_OUTER_BOUND ( 'NONE', #2165, .T. ) ;
#2983 = LINE ( 'NONE', #512, #1867 ) ;
#2984 = FACE_BOUND ( 'NONE', #3346, .T. ) ;
#2985 = AXIS2_PLACEMENT_3D ( 'NONE', #2447, #5403, #2869 ) ;
#2986 = DIRECTION ( 'NONE',  ( -5.684268702434480800E-013, 1.000000000000000000, 0.0000000000000000000 ) ) ;
#2987 = EDGE_LOOP ( 'NONE', ( #4269, #1427, #2841, #2405 ) ) ;
#2988 =( NAMED_UNIT ( * ) SI_UNIT ( $, .STERADIAN. ) SOLID_ANGLE_UNIT ( ) );
#2989 = ORIENTED_EDGE ( 'NONE', *, *, #500, .T. ) ;
#2990 = DIRECTION ( 'NONE',  ( -0.08682659386424779200, -0.08682659386424779200, -0.9924325091389670800 ) ) ;
#2991 = PLANE ( 'NONE',  #4039 ) ;
#2992 = AXIS2_PLACEMENT_3D ( 'NONE', #111, #3083, #547 ) ;
#2993 = PLANE ( 'NONE',  #786 ) ;
#2994 = ORIENTED_EDGE ( 'NONE', *, *, #4326, .T. ) ;
#2995 = ORIENTED_EDGE ( 'NONE', *, *, #3218, .F. ) ;
#2996 = EDGE_CURVE ( 'NONE', #3410, #5117, #5284, .T. ) ;
#2997 = VERTEX_POINT ( 'NONE', #1740 ) ;
#2998 = ORIENTED_EDGE ( 'NONE', *, *, #906, .T. ) ;
#2999 = VERTEX_POINT ( 'NONE', #2164 ) ;
#3000 = EDGE_CURVE ( 'NONE', #1030, #698, #2902, .T. ) ;
#3001 = ORIENTED_EDGE ( 'NONE', *, *, #5001, .F. ) ;
#3002 = CARTESIAN_POINT ( 'NONE',  ( -0.09999999999990905100, 0.1000000000001364200, 0.1000000000000000100 ) ) ;
#3003 = ORIENTED_EDGE ( 'NONE', *, *, #5444, .F. ) ;
#3004 = ORIENTED_EDGE ( 'NONE', *, *, #3921, .F. ) ;
#3005 = EDGE_CURVE ( 'NONE', #811, #4259, #4035, .T. ) ;
#3006 = DIRECTION ( 'NONE',  ( 0.0000000000000000000, 0.0000000000000000000, 1.000000000000000000 ) ) ;
#3007 = DIRECTION ( 'NONE',  ( -1.000000000000000000, 0.0000000000000000000, 0.0000000000000000000 ) ) ;
#3008 = CARTESIAN_POINT ( 'NONE',  ( -0.09999999999993843000, 1.400000000000120300, 0.1000000000000000100 ) ) ;
#3009 = CARTESIAN_POINT ( 'NONE',  ( 2.602259466664602600, 1.201498406282588400, 0.4371683266629933800 ) ) ;
#3010 = CARTESIAN_POINT ( 'NONE',  ( 2.700000000000272800, 1.200000000000045700, 0.0000000000000000000 ) ) ;
#3011 = ORIENTED_EDGE ( 'NONE', *, *, #3630, .F. ) ;
#3012 = PLANE ( 'NONE',  #1639 ) ;
#3013 = VERTEX_POINT ( 'NONE', #4293 ) ;
#3014 = ORIENTED_EDGE ( 'NONE', *, *, #835, .T. ) ;
#3015 =( GEOMETRIC_REPRESENTATION_CONTEXT ( 3 ) GLOBAL_UNCERTAINTY_ASSIGNED_CONTEXT ( ( #1326 ) ) GLOBAL_UNIT_ASSIGNED_CONTEXT ( ( #3471, #949, #3917 ) ) REPRESENTATION_CONTEXT ( 'NONE', 'WORKASPACE' ) );
#3016 = DIRECTION ( 'NONE',  ( 0.0000000000000000000, 0.0000000000000000000, 1.000000000000000000 ) ) ;
#3017 = VERTEX_POINT ( 'NONE', #1317 ) ;
#3018 = ORIENTED_EDGE ( 'NONE', *, *, #1475, .T. ) ;
#3019 = ORIENTED_EDGE ( 'NONE', *, *, #4326, .F. ) ;
#3020 = DIRECTION ( 'NONE',  ( -0.0000000000000000000, -0.0000000000000000000, -1.000000000000000000 ) ) ;
#3021 = CIRCLE ( 'NONE', #66, 0.09999999999945426200 ) ;
#3022 = DIRECTION ( 'NONE',  ( -0.0000000000000000000, -0.0000000000000000000, -1.000000000000000000 ) ) ;
#3023 = DIRECTION ( 'NONE',  ( 1.000000000000000000, 0.0000000000000000000, 0.0000000000000000000 ) ) ;
#3024 = CARTESIAN_POINT ( 'NONE',  ( 2.700000000000272800, 0.2000000000000455000, -0.1000000000000000100 ) ) ;
#3025 = FILL_AREA_STYLE ('',( #2600 ) ) ;
#3026 = DIRECTION ( 'NONE',  ( -1.000000000000000000, 0.0000000000000000000, 0.0000000000000000000 ) ) ;
#3027 = CARTESIAN_POINT ( 'NONE',  ( 2.800000000000181900, 1.100000000000136400, 0.0000000000000000000 ) ) ;
#3028 = EDGE_CURVE ( 'NONE', #1212, #1900, #648, .T. ) ;
#3029 = EDGE_CURVE ( 'NONE', #2327, #3669, #3032, .T. ) ;
#3030 = CIRCLE ( 'NONE', #3804, 0.09999999999990896700 ) ;
#3031 =( GEOMETRIC_REPRESENTATION_CONTEXT ( 3 ) GLOBAL_UNCERTAINTY_ASSIGNED_CONTEXT ( ( #3537 ) ) GLOBAL_UNIT_ASSIGNED_CONTEXT ( ( #2561, #24, #2988 ) ) REPRESENTATION_CONTEXT ( 'NONE', 'WORKASPACE' ) );
#3032 = LINE ( 'NONE', #5149, #2765 ) ;
#3033 = VECTOR ( 'NONE', #3801, 1000.000000000000000 ) ;
#3034 = FACE_OUTER_BOUND ( 'NONE', #3469, .T. ) ;
#3035 = SURFACE_STYLE_USAGE ( .BOTH. , #68 ) ;
#3036 = EDGE_CURVE ( 'NONE', #3144, #2661, #3906, .T. ) ;
#3037 = VECTOR ( 'NONE', #5428, 1000.000000000000000 ) ;
#3038 = VECTOR ( 'NONE', #2333, 1000.000000000000000 ) ;
#3039 = PRESENTATION_LAYER_ASSIGNMENT (  '', '', ( #2762 ) ) ;
#3040 = CARTESIAN_POINT ( 'NONE',  ( 2.574263094336324700, 0.2264979660453263200, 0.1171683266629903500 ) ) ;
#3041 = APPLICATION_PROTOCOL_DEFINITION ( 'draft international standard', 'automotive_design', 1998, #74 ) ;
#3042 = VECTOR ( 'NONE', #4742, 1000.000000000000000 ) ;
#3043 = VECTOR ( 'NONE', #3773, 1000.000000000000000 ) ;
#3044 = CARTESIAN_POINT ( 'NONE',  ( 2.550000000000181900, 0.2000000000002728500, 0.0000000000000000000 ) ) ;
#3045 = VECTOR ( 'NONE', #3096, 1000.000000000000000 ) ;
#3046 = AXIS2_PLACEMENT_3D ( 'NONE', #5051, #2505, #5462 ) ;
#3047 = CARTESIAN_POINT ( 'NONE',  ( -0.3499999999999090500, 0.7750000000000909500, 0.1000000000000000100 ) ) ;
#3048 = CIRCLE ( 'NONE', #3073, 0.09999999999991333900 ) ;
#3049 = PLANE ( 'NONE',  #2828 ) ;
#3050 = EDGE_LOOP ( 'NONE', ( #3266, #3835, #1281, #5077 ) ) ;
#3051 = VERTEX_POINT ( 'NONE', #3887 ) ;
#3052 = AXIS2_PLACEMENT_3D ( 'NONE', #80, #2217, #5183 ) ;
#3053 = SURFACE_SIDE_STYLE ('',( #841 ) ) ;
#3054 = ORIENTED_EDGE ( 'NONE', *, *, #4949, .T. ) ;
#3055 = VERTEX_POINT ( 'NONE', #3870 ) ;
#3056 = DIRECTION ( 'NONE',  ( -0.0000000000000000000, -0.0000000000000000000, -1.000000000000000000 ) ) ;
#3057 = EDGE_CURVE ( 'NONE', #2220, #4125, #5028, .T. ) ;
#3058 = ORIENTED_EDGE ( 'NONE', *, *, #3533, .F. ) ;
#3059 =( REPRESENTATION_RELATIONSHIP ('NONE','NONE', #1830, #4077 ) REPRESENTATION_RELATIONSHIP_WITH_TRANSFORMATION ( #2369 )SHAPE_REPRESENTATION_RELATIONSHIP( ) );
#3060 = CARTESIAN_POINT ( 'NONE',  ( 2.900000000000090900, 0.2000000000002728500, 0.1000000000000000100 ) ) ;
#3061 = CARTESIAN_POINT ( 'NONE',  ( 0.4499999999998181000, 1.180000000000063700, 0.1000000000000000100 ) ) ;
#3062 = ORIENTED_EDGE ( 'NONE', *, *, #450, .T. ) ;
#3063 = ORIENTED_EDGE ( 'NONE', *, *, #2320, .T. ) ;
#3064 = DIRECTION ( 'NONE',  ( -0.08682659386424779200, -0.08682659386424779200, -0.9924325091389670800 ) ) ;
#3065 = ORIENTED_EDGE ( 'NONE', *, *, #1033, .T. ) ;
#3066 = VERTEX_POINT ( 'NONE', #78 ) ;
#3067 = ORIENTED_EDGE ( 'NONE', *, *, #2690, .T. ) ;
#3068 = CARTESIAN_POINT ( 'NONE',  ( 0.5999999999999090500, 1.300000000000181900, 0.1000000000000000100 ) ) ;
#3069 = FACE_BOUND ( 'NONE', #1424, .T. ) ;
#3070 = EDGE_CURVE ( 'NONE', #833, #35, #1651, .T. ) ;
#3071 = PLANE ( 'NONE',  #3876 ) ;
#3072 = ORIENTED_EDGE ( 'NONE', *, *, #3823, .F. ) ;
#3073 = AXIS2_PLACEMENT_3D ( 'NONE', #3280, #751, #3707 ) ;
#3074 = VERTEX_POINT ( 'NONE', #5161 ) ;
#3075 = EDGE_LOOP ( 'NONE', ( #1063, #4459, #3676, #5332 ) ) ;
#3076 = ORIENTED_EDGE ( 'NONE', *, *, #908, .F. ) ;
#3077 = CARTESIAN_POINT ( 'NONE',  ( 0.6743589743591657000, 0.03846153846166088700, 0.1000000000000000100 ) ) ;
#3078 = EDGE_CURVE ( 'NONE', #1494, #2387, #2638, .T. ) ;
#3079 = CARTESIAN_POINT ( 'NONE',  ( 2.450000000000272800, 1.100000000000136400, -0.1000000000000000100 ) ) ;
#3080 = CARTESIAN_POINT ( 'NONE',  ( 0.6583333333333030200, 0.0000000000000000000, 0.1000000000000000100 ) ) ;
#3081 = PLANE ( 'NONE',  #5473 ) ;
#3082 = ORIENTED_EDGE ( 'NONE', *, *, #3309, .T. ) ;
#3083 = DIRECTION ( 'NONE',  ( 0.0000000000000000000, 0.0000000000000000000, 1.000000000000000000 ) ) ;
#3084 = ORIENTED_EDGE ( 'NONE', *, *, #1290, .T. ) ;
#3085 = DIRECTION ( 'NONE',  ( 1.000000000000000000, 0.0000000000000000000, 0.0000000000000000000 ) ) ;
#3086 = DIRECTION ( 'NONE',  ( 0.0000000000000000000, -1.000000000000000000, 0.0000000000000000000 ) ) ;
#3087 = CARTESIAN_POINT ( 'NONE',  ( 0.1999999999998138000, 1.200000000000277300, 0.1000000000000000100 ) ) ;
#3088 = LINE ( 'NONE', #4173, #5214 ) ;
#3089 = ORIENTED_EDGE ( 'NONE', *, *, #2394, .T. ) ;
#3090 = AXIS2_PLACEMENT_3D ( 'NONE', #226, #3193, #659 ) ;
#3091 = DIRECTION ( 'NONE',  ( 0.0000000000000000000, -0.08715574274765836000, -0.9961946980917455500 ) ) ;
#3092 = CARTESIAN_POINT ( 'NONE',  ( 2.175000000000181900, 6.822274407729256300E-013, 0.1000000000000000100 ) ) ;
#3093 = COLOUR_RGB ( '',1.000000000000000000, 1.000000000000000000, 1.000000000000000000 ) ;
#3094 = DIRECTION ( 'NONE',  ( -0.0000000000000000000, -0.0000000000000000000, 1.000000000000000000 ) ) ;
#3095 = LINE ( 'NONE', #1216, #5221 ) ;
#3097 = AXIS2_PLACEMENT_3D ( 'NONE', #1315, #2173, #5147 ) ;
#3096 = DIRECTION ( 'NONE',  ( -0.0000000000000000000, -0.0000000000000000000, -1.000000000000000000 ) ) ;
#3098 = CARTESIAN_POINT ( 'NONE',  ( 3.000000000000000000, 1.400000000000090900, 0.4200000000000000400 ) ) ;
#3099 = DIRECTION ( 'NONE',  ( -0.0000000000000000000, -0.0000000000000000000, -1.000000000000000000 ) ) ;
#3100 = CARTESIAN_POINT ( 'NONE',  ( 1.825000000000272800, 2.273233142523201100E-013, 0.0000000000000000000 ) ) ;
#3101 = VECTOR ( 'NONE', #5261, 1000.000000000000000 ) ;
#3102 = DIRECTION ( 'NONE',  ( -0.0000000000000000000, -0.0000000000000000000, 1.000000000000000000 ) ) ;
#3103 = LINE ( 'NONE', #3394, #3975 ) ;
#3104 = DIRECTION ( 'NONE',  ( -1.000000000000000000, 0.0000000000000000000, 0.0000000000000000000 ) ) ;
#3105 = COLOUR_RGB ( '',1.000000000000000000, 1.000000000000000000, 1.000000000000000000 ) ;
#3106 = CYLINDRICAL_SURFACE ( 'NONE', #4479, 0.1000000000001363300 ) ;
#3107 = EDGE_CURVE ( 'NONE', #5323, #1940, #386, .T. ) ;
#3108 = DIRECTION ( 'NONE',  ( -0.0000000000000000000, -0.0000000000000000000, -1.000000000000000000 ) ) ;
#3109 = EDGE_CURVE ( 'NONE', #1555, #166, #3631, .T. ) ;
#3110 = CIRCLE ( 'NONE', #1688, 0.09999999999990907800 ) ;
#3111 = LINE ( 'NONE', #3274, #857 ) ;
#3112 = COLOUR_RGB ( '',1.000000000000000000, 1.000000000000000000, 0.5019607843137254800 ) ;
#3113 = DIRECTION ( 'NONE',  ( -0.0000000000000000000, -0.0000000000000000000, -1.000000000000000000 ) ) ;
#3114 = MECHANICAL_DESIGN_GEOMETRIC_PRESENTATION_REPRESENTATION (  '', ( #2541 ), #3382 ) ;
#3115 = LINE ( 'NONE', #103, #4109 ) ;
#3116 = ADVANCED_FACE ( 'NONE', ( #520 ), #2362, .F. ) ;
#3117 = EDGE_CURVE ( 'NONE', #1906, #5144, #249, .T. ) ;
#3118 = VECTOR ( 'NONE', #3297, 1000.000000000000000 ) ;
#3119 = DIRECTION ( 'NONE',  ( -0.0000000000000000000, -0.0000000000000000000, -1.000000000000000000 ) ) ;
#3120 = EDGE_LOOP ( 'NONE', ( #2076, #4658, #3550, #3597 ) ) ;
#3121 = DIRECTION ( 'NONE',  ( -0.0000000000000000000, -0.0000000000000000000, -1.000000000000000000 ) ) ;
#3122 = DIRECTION ( 'NONE',  ( -0.0000000000000000000, 1.000000000000000000, -0.0000000000000000000 ) ) ;
#3123 = CARTESIAN_POINT ( 'NONE',  ( 0.3000000000002984200, 0.3000000000000710400, 0.0000000000000000000 ) ) ;
#3124 = ORIENTED_EDGE ( 'NONE', *, *, #238, .F. ) ;
#3125 = DIRECTION ( 'NONE',  ( -0.0000000000000000000, -0.0000000000000000000, -1.000000000000000000 ) ) ;
#3126 = EDGE_LOOP ( 'NONE', ( #4854, #3387, #3004, #2431 ) ) ;
#3127 = EDGE_LOOP ( 'NONE', ( #4935, #1999, #2677, #3491 ) ) ;
#3128 = AXIS2_PLACEMENT_3D ( 'NONE', #2449, #4162, #1621 ) ;
#3129 = EDGE_LOOP ( 'NONE', ( #3814, #1084, #5442, #4674 ) ) ;
#3130 = VERTEX_POINT ( 'NONE', #1375 ) ;
#3131 = ORIENTED_EDGE ( 'NONE', *, *, #3679, .T. ) ;
#3132 = ORIENTED_EDGE ( 'NONE', *, *, #197, .T. ) ;
#3133 = EDGE_CURVE ( 'NONE', #3591, #3669, #3486, .T. ) ;
#3134 = CARTESIAN_POINT ( 'NONE',  ( -0.04999999999972715200, 1.200000000000045500, -0.1000000000000000100 ) ) ;
#3135 = ORIENTED_EDGE ( 'NONE', *, *, #1575, .F. ) ;
#3136 = ADVANCED_FACE ( 'NONE', ( #1230 ), #2233, .F. ) ;
#3137 = CARTESIAN_POINT ( 'NONE',  ( -0.1499999999999772300, 0.2000000000001591600, 0.1000000000000000100 ) ) ;
#3138 = CARTESIAN_POINT ( 'NONE',  ( 2.771999999999934500, 0.9727610603812215700, 0.0000000000000000000 ) ) ;
#3139 = DIRECTION ( 'NONE',  ( -0.0000000000000000000, -0.0000000000000000000, -1.000000000000000000 ) ) ;
#3140 = ORIENTED_EDGE ( 'NONE', *, *, #1046, .F. ) ;
#3141 = DIRECTION ( 'NONE',  ( 1.000000000000000000, 0.0000000000000000000, 0.0000000000000000000 ) ) ;
#3142 = AXIS2_PLACEMENT_3D ( 'NONE', #776, #3734, #2748 ) ;
#3143 = ORIENTED_EDGE ( 'NONE', *, *, #4845, .T. ) ;
#3144 = VERTEX_POINT ( 'NONE', #4365 ) ;
#3145 = EDGE_CURVE ( 'NONE', #1149, #3882, #112, .T. ) ;
#3146 = ORIENTED_EDGE ( 'NONE', *, *, #2888, .T. ) ;
#3147 = LINE ( 'NONE', #2391, #1029 ) ;
#3148 = ORIENTED_EDGE ( 'NONE', *, *, #700, .T. ) ;
#3149 = ORIENTED_EDGE ( 'NONE', *, *, #2684, .F. ) ;
#3150 = EDGE_CURVE ( 'NONE', #148, #747, #3361, .T. ) ;
#3151 = CARTESIAN_POINT ( 'NONE',  ( 1.116666666666626300, -1.315950386854281000E-014, 0.1000000000000000100 ) ) ;
#3152 = DIRECTION ( 'NONE',  ( 0.0000000000000000000, 0.0000000000000000000, -1.000000000000000000 ) ) ;
#3153 = DIRECTION ( 'NONE',  ( -1.000000000000000000, -0.0000000000000000000, -0.0000000000000000000 ) ) ;
#3154 = LINE ( 'NONE', #818, #4157 ) ;
#3155 = CARTESIAN_POINT ( 'NONE',  ( -0.2500000000000000000, 0.5250000000000909500, 0.0000000000000000000 ) ) ;
#3156 = CARTESIAN_POINT ( 'NONE',  ( 2.799996372328230600, 0.2823482405467004400, 0.4200000000000000400 ) ) ;
#3157 = ADVANCED_FACE ( 'NONE', ( #1097 ), #1836, .F. ) ;
#3158 = PRESENTATION_LAYER_ASSIGNMENT (  '', '', ( #2865 ) ) ;
#3159 = FILL_AREA_STYLE_COLOUR ( '', #3112 ) ;
#3160 = ADVANCED_FACE ( 'NONE', ( #2502 ), #2120, .F. ) ;
#3161 = EDGE_LOOP ( 'NONE', ( #572, #1184, #3799, #3821, #3869 ) ) ;
#3162 = LINE ( 'NONE', #4104, #5283 ) ;
#3163 = DIRECTION ( 'NONE',  ( -1.000000000000000000, -2.841964944626982800E-013, 0.0000000000000000000 ) ) ;
#3164 = LINE ( 'NONE', #5112, #916 ) ;
#3165 = VECTOR ( 'NONE', #415, 1000.000000000000000 ) ;
#3166 = VECTOR ( 'NONE', #2805, 1000.000000000000000 ) ;
#3167 = DIRECTION ( 'NONE',  ( 0.0000000000000000000, 1.000000000000000000, 0.0000000000000000000 ) ) ;
#3168 = DIRECTION ( 'NONE',  ( 1.000000000000000000, 0.0000000000000000000, 0.0000000000000000000 ) ) ;
#3169 = DIRECTION ( 'NONE',  ( 0.9961946980917455500, 0.0000000000000000000, -0.08715574274765836000 ) ) ;
#3170 = CARTESIAN_POINT ( 'NONE',  ( 0.0000000000000000000, 0.0000000000000000000, 0.1000000000000000100 ) ) ;
#3171 = CARTESIAN_POINT ( 'NONE',  ( 2.700000000000272800, 0.2000000000000455000, 0.0000000000000000000 ) ) ;
#3172 = VECTOR ( 'NONE', #1177, 1000.000000000000000 ) ;
#3173 = LINE ( 'NONE', #4451, #5289 ) ;
#3174 = EDGE_CURVE ( 'NONE', #4651, #2614, #4366, .T. ) ;
#3175 = DIRECTION ( 'NONE',  ( -0.0000000000000000000, -0.0000000000000000000, 1.000000000000000000 ) ) ;
#3176 = LINE ( 'NONE', #1778, #3042 ) ;
#3177 = EDGE_CURVE ( 'NONE', #2274, #2285, #3227, .T. ) ;
#3178 = CIRCLE ( 'NONE', #3713, 0.1000000000000241100 ) ;
#3179 = LINE ( 'NONE', #5216, #3045 ) ;
#3180 = AXIS2_PLACEMENT_3D ( 'NONE', #4277, #1741, #4703 ) ;
#3181 = LINE ( 'NONE', #3170, #2067 ) ;
#3182 = DIRECTION ( 'NONE',  ( -0.0000000000000000000, -0.0000000000000000000, -1.000000000000000000 ) ) ;
#3183 = EDGE_CURVE ( 'NONE', #3441, #4579, #5475, .T. ) ;
#3184 = ORIENTED_EDGE ( 'NONE', *, *, #2672, .T. ) ;
#3185 = ADVANCED_FACE ( 'NONE', ( #985 ), #2267, .F. ) ;
#3186 = VERTEX_POINT ( 'NONE', #1440 ) ;
#3187 = VERTEX_POINT ( 'NONE', #3138 ) ;
#3188 = ADVANCED_FACE ( 'NONE', ( #5224 ), #4096, .T. ) ;
#3189 = CARTESIAN_POINT ( 'NONE',  ( 2.450000000000272800, 1.100000000000136400, 0.0000000000000000000 ) ) ;
#3190 = ORIENTED_EDGE ( 'NONE', *, *, #202, .T. ) ;
#3191 = CARTESIAN_POINT ( 'NONE',  ( 3.000000000000000000, 0.0000000000000000000, 0.4200000000000000400 ) ) ;
#3192 = AXIS2_PLACEMENT_3D ( 'NONE', #1050, #4028, #3594 ) ;
#3193 = DIRECTION ( 'NONE',  ( -0.0000000000000000000, -0.0000000000000000000, -1.000000000000000000 ) ) ;
#3194 = ORIENTED_EDGE ( 'NONE', *, *, #125, .T. ) ;
#3195 = ORIENTED_EDGE ( 'NONE', *, *, #3567, .T. ) ;
#3196 = CARTESIAN_POINT ( 'NONE',  ( 1.475000000000363800, 2.274249582059906200E-013, 0.0000000000000000000 ) ) ;
#3197 = VERTEX_POINT ( 'NONE', #1025 ) ;
#3198 = DIRECTION ( 'NONE',  ( -0.0000000000000000000, -0.0000000000000000000, -1.000000000000000000 ) ) ;
#3199 = VERTEX_POINT ( 'NONE', #3999 ) ;
#3200 = ORIENTED_EDGE ( 'NONE', *, *, #371, .F. ) ;
#3201 = CARTESIAN_POINT ( 'NONE',  ( 0.09999999999990905100, 0.2000000000002728500, 0.1000000000000000100 ) ) ;
#3202 = FACE_OUTER_BOUND ( 'NONE', #1346, .T. ) ;
#3203 = ORIENTED_EDGE ( 'NONE', *, *, #500, .F. ) ;
#3204 = EDGE_CURVE ( 'NONE', #4651, #2102, #851, .T. ) ;
#3205 = CARTESIAN_POINT ( 'NONE',  ( 2.700000000000272800, 1.200000000000045700, 0.0000000000000000000 ) ) ;
#3206 = CARTESIAN_POINT ( 'NONE',  ( 2.771999999999934500, 0.9727610603812216800, 0.1000000000000000100 ) ) ;
#3207 = EDGE_CURVE ( 'NONE', #4383, #1622, #4232, .T. ) ;
#3208 = VERTEX_POINT ( 'NONE', #4416 ) ;
#3209 = ORIENTED_EDGE ( 'NONE', *, *, #1805, .T. ) ;
#3210 = DIRECTION ( 'NONE',  ( -0.0000000000000000000, -0.0000000000000000000, -1.000000000000000000 ) ) ;
#3211 = DIRECTION ( 'NONE',  ( -0.0000000000000000000, -1.000000000000000000, -0.0000000000000000000 ) ) ;
#3212 = EDGE_LOOP ( 'NONE', ( #695, #97, #2330, #4808 ) ) ;
#3213 = VERTEX_POINT ( 'NONE', #189 ) ;
#3214 = DIRECTION ( 'NONE',  ( -1.000000000000000000, 0.0000000000000000000, 0.0000000000000000000 ) ) ;
#3215 = ADVANCED_FACE ( 'NONE', ( #2966 ), #620, .T. ) ;
#3216 = ADVANCED_FACE ( 'NONE', ( #1518 ), #3930, .F. ) ;
#3217 = DIRECTION ( 'NONE',  ( 0.0000000000000000000, 0.0000000000000000000, -1.000000000000000000 ) ) ;
#3218 = EDGE_CURVE ( 'NONE', #740, #4198, #1982, .T. ) ;
#3219 = VECTOR ( 'NONE', #2044, 1000.000000000000000 ) ;
#3220 = ORIENTED_EDGE ( 'NONE', *, *, #3036, .F. ) ;
#3221 = PRODUCT_DEFINITION_FORMATION_WITH_SPECIFIED_SOURCE ( '任何', '', #2059, .NOT_KNOWN. ) ;
#3222 = DIRECTION ( 'NONE',  ( -1.000000000000000000, 0.0000000000000000000, 0.0000000000000000000 ) ) ;
#3223 = DIRECTION ( 'NONE',  ( 0.3846153846147275500, 0.9230769230771968000, -0.0000000000000000000 ) ) ;
#3224 = CYLINDRICAL_SURFACE ( 'NONE', #3694, 0.09999999999945426200 ) ;
#3225 = DIRECTION ( 'NONE',  ( -0.0000000000000000000, -0.0000000000000000000, -1.000000000000000000 ) ) ;
#3226 = DIRECTION ( 'NONE',  ( -0.0000000000000000000, -0.0000000000000000000, -1.000000000000000000 ) ) ;
#3227 = LINE ( 'NONE', #1851, #5347 ) ;
#3228 = LINE ( 'NONE', #1241, #1983 ) ;
#3229 = FACE_OUTER_BOUND ( 'NONE', #2752, .T. ) ;
#3230 = AXIS2_PLACEMENT_3D ( 'NONE', #3242, #709, #3672 ) ;
#3231 = CYLINDRICAL_SURFACE ( 'NONE', #3625, 0.1000000000004684200 ) ;
#3232 = CARTESIAN_POINT ( 'NONE',  ( -0.2500000000000000000, 0.2000000000002728800, 0.1000000000000000100 ) ) ;
#3233 = ORIENTED_EDGE ( 'NONE', *, *, #3057, .F. ) ;
#3234 = CARTESIAN_POINT ( 'NONE',  ( 0.6583333333333030200, 0.0000000000000000000, 0.1000000000000000100 ) ) ;
#3235 = FACE_OUTER_BOUND ( 'NONE', #4397, .T. ) ;
#3236 = LINE ( 'NONE', #177, #2125 ) ;
#3237 = EDGE_CURVE ( 'NONE', #1267, #2726, #4773, .T. ) ;
#3238 = FACE_OUTER_BOUND ( 'NONE', #1264, .T. ) ;
#3239 = ADVANCED_FACE ( 'NONE', ( #257 ), #983, .F. ) ;
#3240 = CARTESIAN_POINT ( 'NONE',  ( 2.771999999999934500, 0.4272389396183968200, 0.0000000000000000000 ) ) ;
#3241 = VECTOR ( 'NONE', #4143, 1000.000000000000000 ) ;
#3242 = CARTESIAN_POINT ( 'NONE',  ( 0.6000000000000256200, 1.108257908187526600E-013, 0.1000000000000000100 ) ) ;
#3243 = PRESENTATION_STYLE_ASSIGNMENT (( #1091 ) ) ;
#3244 = PLANE ( 'NONE',  #1862 ) ;
#3245 = PLANE ( 'NONE',  #1123 ) ;
#3246 = ORIENTED_EDGE ( 'NONE', *, *, #5213, .F. ) ;
#3247 = EDGE_CURVE ( 'NONE', #4800, #4676, #394, .T. ) ;
#3248 = CARTESIAN_POINT ( 'NONE',  ( 0.5000000000000000000, 1.200000000000045500, 0.0000000000000000000 ) ) ;
#3249 = CARTESIAN_POINT ( 'NONE',  ( 0.0000000000000000000, 1.400000000000090900, 0.1000000000000000100 ) ) ;
#3250 = AXIS2_PLACEMENT_3D ( 'NONE', #842, #2130, #2340 ) ;
#3251 = CARTESIAN_POINT ( 'NONE',  ( 2.900000000000090900, 1.200000000000272800, 0.0000000000000000000 ) ) ;
#3252 = EDGE_CURVE ( 'NONE', #3197, #5409, #4634, .T. ) ;
#3253 = ORIENTED_EDGE ( 'NONE', *, *, #4712, .T. ) ;
#3254 = ORIENTED_EDGE ( 'NONE', *, *, #3000, .F. ) ;
#3255 = VERTEX_POINT ( 'NONE', #1001 ) ;
#3256 = CARTESIAN_POINT ( 'NONE',  ( 0.4257369056638802800, 0.4257369056634799900, 0.03459947521256089700 ) ) ;
#3257 = ORIENTED_EDGE ( 'NONE', *, *, #1366, .F. ) ;
#3258 = CARTESIAN_POINT ( 'NONE',  ( 0.1500000000000909500, 1.099999999999909100, 0.0000000000000000000 ) ) ;
#3259 = VERTEX_POINT ( 'NONE', #3531 ) ;
#3260 = ORIENTED_EDGE ( 'NONE', *, *, #2129, .T. ) ;
#3261 = AXIS2_PLACEMENT_3D ( 'NONE', #2469, #5425, #2892 ) ;
#3262 = DIRECTION ( 'NONE',  ( 1.000000000000000000, 0.0000000000000000000, 0.0000000000000000000 ) ) ;
#3263 = CARTESIAN_POINT ( 'NONE',  ( 3.000000000000000000, 1.400000000000090900, -0.1000000000000000100 ) ) ;
#3264 = CARTESIAN_POINT ( 'NONE',  ( 0.7256410256409254700, 1.361538461538657400, 0.1000000000000000100 ) ) ;
#3265 = CARTESIAN_POINT ( 'NONE',  ( 2.174999999999727200, 0.1000000000001364700, 0.1000000000000000100 ) ) ;
#3266 = ORIENTED_EDGE ( 'NONE', *, *, #3307, .F. ) ;
#3267 = DIRECTION ( 'NONE',  ( 0.0000000000000000000, -0.0000000000000000000, -1.000000000000000000 ) ) ;
#3268 = ADVANCED_FACE ( 'NONE', ( #3495 ), #3367, .F. ) ;
#3269 = PLANE ( 'NONE',  #2032 ) ;
#3270 = ORIENTED_EDGE ( 'NONE', *, *, #4790, .T. ) ;
#3271 = AXIS2_PLACEMENT_3D ( 'NONE', #2214, #531, #1792 ) ;
#3272 = ORIENTED_EDGE ( 'NONE', *, *, #272, .T. ) ;
#3273 = EDGE_CURVE ( 'NONE', #1493, #5144, #121, .T. ) ;
#3274 = CARTESIAN_POINT ( 'NONE',  ( 1.474999999999909100, 1.300000000000181900, 0.1000000000000000100 ) ) ;
#3275 = VECTOR ( 'NONE', #4067, 1000.000000000000000 ) ;
#3276 = ORIENTED_EDGE ( 'NONE', *, *, #3643, .F. ) ;
#3277 = DIRECTION ( 'NONE',  ( 1.000000000000000000, 0.0000000000000000000, 0.0000000000000000000 ) ) ;
#3278 = ORIENTED_EDGE ( 'NONE', *, *, #3480, .T. ) ;
#3279 = EDGE_CURVE ( 'NONE', #5459, #5003, #1243, .T. ) ;
#3280 = CARTESIAN_POINT ( 'NONE',  ( -4.275822317739708100E-015, 0.5250000000000867300, 0.0000000000000000000 ) ) ;
#3281 = DIRECTION ( 'NONE',  ( 0.0000000000000000000, -1.000000000000000000, 0.0000000000000000000 ) ) ;
#3282 = AXIS2_PLACEMENT_3D ( 'NONE', #1251, #1696, #4653 ) ;
#3283 = CARTESIAN_POINT ( 'NONE',  ( 2.550000000000181900, 1.200000000000272800, 0.1000000000000000100 ) ) ;
#3284 = VECTOR ( 'NONE', #4595, 1000.000000000000000 ) ;
#3285 = DIRECTION ( 'NONE',  ( -0.0000000000000000000, -0.0000000000000000000, -1.000000000000000000 ) ) ;
#3286 = EDGE_CURVE ( 'NONE', #5004, #1764, #4501, .T. ) ;
#3287 = DIRECTION ( 'NONE',  ( -0.0000000000000000000, -0.0000000000000000000, -1.000000000000000000 ) ) ;
#3288 = FACE_OUTER_BOUND ( 'NONE', #3333, .T. ) ;
#3289 = LINE ( 'NONE', #5177, #64 ) ;
#3290 = ORIENTED_EDGE ( 'NONE', *, *, #800, .T. ) ;
#3291 = LINE ( 'NONE', #2797, #3419 ) ;
#3292 = ADVANCED_FACE ( 'NONE', ( #2245 ), #1880, .T. ) ;
#3293 = LINE ( 'NONE', #4685, #1041 ) ;
#3294 =( BOUNDED_CURVE ( )  B_SPLINE_CURVE ( 3, ( #2182, #3432, #5154, #2607 ),
 .UNSPECIFIED., .F., .F. ) 
 B_SPLINE_CURVE_WITH_KNOTS ( ( 4, 4 ),
 ( 2.359992588466104400, 3.923192718713481900 ),
 .UNSPECIFIED. ) 
 CURVE ( )  GEOMETRIC_REPRESENTATION_ITEM ( )  RATIONAL_B_SPLINE_CURVE ( ( 1.000000000000000000, 0.8065248903855726200, 0.8065248903855726200, 1.000000000000000000 ) ) 
 REPRESENTATION_ITEM ( '' )  );
#3295 = VECTOR ( 'NONE', #1986, 1000.000000000000000 ) ;
#3296 = CARTESIAN_POINT ( 'NONE',  ( 0.09999999999990910600, 1.200000000000272800, 0.0000000000000000000 ) ) ;
#3297 = DIRECTION ( 'NONE',  ( 1.000000000000000000, -0.0000000000000000000, -0.0000000000000000000 ) ) ;
#3299 = DIRECTION ( 'NONE',  ( 1.000000000000000000, 0.0000000000000000000, 0.0000000000000000000 ) ) ;
#3298 = CARTESIAN_POINT ( 'NONE',  ( 0.5999999999999090500, 1.100000000000136400, 0.1000000000000000100 ) ) ;
#3300 = PRESENTATION_STYLE_ASSIGNMENT (( #3847 ) ) ;
#3301 = LINE ( 'NONE', #5280, #2058 ) ;
#3302 = CARTESIAN_POINT ( 'NONE',  ( 0.0000000000000000000, 1.400000000000090900, -0.1000000000000000100 ) ) ;
#3303 = DIRECTION ( 'NONE',  ( -0.0000000000000000000, -0.0000000000000000000, -1.000000000000000000 ) ) ;
#3304 = VECTOR ( 'NONE', #601, 1000.000000000000000 ) ;
#3305 = VECTOR ( 'NONE', #1196, 1000.000000000000100 ) ;
#3306 = CIRCLE ( 'NONE', #3899, 0.1000000000000255500 ) ;
#3307 = EDGE_CURVE ( 'NONE', #5301, #2848, #1570, .T. ) ;
#3308 = DIRECTION ( 'NONE',  ( 1.000000000000000000, 0.0000000000000000000, 0.0000000000000000000 ) ) ;
#3309 = EDGE_CURVE ( 'NONE', #1706, #3130, #3236, .T. ) ;
#3310 = FACE_OUTER_BOUND ( 'NONE', #4330, .T. ) ;
#3311 = DIRECTION ( 'NONE',  ( -1.000000000000000000, 0.0000000000000000000, 0.0000000000000000000 ) ) ;
#3313 = CARTESIAN_POINT ( 'NONE',  ( 2.175000000000181900, 6.822274407729256300E-013, 0.0000000000000000000 ) ) ;
#3312 = AXIS2_PLACEMENT_3D ( 'NONE', #4272, #1735, #4697 ) ;
#3314 = VERTEX_POINT ( 'NONE', #4409 ) ;
#3315 = CARTESIAN_POINT ( 'NONE',  ( 0.5999999999999090500, 0.1000000000001364400, 0.1000000000000000100 ) ) ;
#3316 = ORIENTED_EDGE ( 'NONE', *, *, #3028, .T. ) ;
#3317 = CARTESIAN_POINT ( 'NONE',  ( 0.2499999999999705800, 1.400000000000120300, 0.1000000000000000100 ) ) ;
#3318 = ORIENTED_EDGE ( 'NONE', *, *, #4152, .T. ) ;
#3320 = CARTESIAN_POINT ( 'NONE',  ( 0.7416666666667879300, 1.400000000000090900, 0.0000000000000000000 ) ) ;
#3319 = CARTESIAN_POINT ( 'NONE',  ( 2.074999999999818100, 1.400000000000090900, 0.1000000000000000100 ) ) ;
#3321 = ORIENTED_EDGE ( 'NONE', *, *, #167, .T. ) ;
#3322 = EDGE_CURVE ( 'NONE', #1810, #212, #1105, .T. ) ;
#3323 = CARTESIAN_POINT ( 'NONE',  ( -0.09999999999990905100, 1.300000000000181900, 0.0000000000000000000 ) ) ;
#3324 = CARTESIAN_POINT ( 'NONE',  ( 2.900000000000090900, 0.8750000000000000000, 0.0000000000000000000 ) ) ;
#3325 = MECHANICAL_DESIGN_GEOMETRIC_PRESENTATION_REPRESENTATION (  '', ( #2762 ), #3613 ) ;
#3326 = ADVANCED_FACE ( 'NONE', ( #1992 ), #465, .T. ) ;
#3327 = ORIENTED_EDGE ( 'NONE', *, *, #5243, .F. ) ;
#3328 = ORIENTED_EDGE ( 'NONE', *, *, #4744, .T. ) ;
#3329 = ORIENTED_EDGE ( 'NONE', *, *, #887, .T. ) ;
#3330 = AXIS2_PLACEMENT_3D ( 'NONE', #2071, #1641, #802 ) ;
#3331 = ORIENTED_EDGE ( 'NONE', *, *, #2256, .T. ) ;
#3332 = DIRECTION ( 'NONE',  ( -0.0000000000000000000, -0.0000000000000000000, -1.000000000000000000 ) ) ;
#3333 = EDGE_LOOP ( 'NONE', ( #3473, #2401, #4120, #4715 ) ) ;
#3334 = CARTESIAN_POINT ( 'NONE',  ( 0.1500000000000909500, 1.200000000000272800, -0.1000000000000000100 ) ) ;
#3335 = LINE ( 'NONE', #2052, #5454 ) ;
#3336 = CARTESIAN_POINT ( 'NONE',  ( 1.250000000000001600, 1.100000000000135100, -0.1000000000000000100 ) ) ;
#3337 = VERTEX_POINT ( 'NONE', #5287 ) ;
#3339 = DIRECTION ( 'NONE',  ( 0.0000000000000000000, -0.0000000000000000000, 1.000000000000000000 ) ) ;
#3338 = DIRECTION ( 'NONE',  ( -1.000000000000000000, 0.0000000000000000000, 0.0000000000000000000 ) ) ;
#3340 = CARTESIAN_POINT ( 'NONE',  ( 0.9423076923076223500, 0.1815384615383663600, 0.1000000000000000100 ) ) ;
#3341 = VERTEX_POINT ( 'NONE', #2757 ) ;
#3342 = CARTESIAN_POINT ( 'NONE',  ( 2.717651759453292300, 1.199996372327866600, 0.4200000000000000400 ) ) ;
#3343 = ORIENTED_EDGE ( 'NONE', *, *, #707, .F. ) ;
#3344 = EDGE_CURVE ( 'NONE', #4268, #3881, #4967, .T. ) ;
#3345 =( NAMED_UNIT ( * ) SI_UNIT ( $, .STERADIAN. ) SOLID_ANGLE_UNIT ( ) );
#3346 = EDGE_LOOP ( 'NONE', ( #2736, #830, #1360, #2534 ) ) ;
#3347 = EDGE_LOOP ( 'NONE', ( #4, #1827, #2703, #4210 ) ) ;
#3348 = FACE_OUTER_BOUND ( 'NONE', #4862, .T. ) ;
#3349 = VERTEX_POINT ( 'NONE', #644 ) ;
#3350 = SURFACE_STYLE_USAGE ( .BOTH. , #395 ) ;
#3351 = EDGE_CURVE ( 'NONE', #4513, #359, #4838, .T. ) ;
#3352 = DIRECTION ( 'NONE',  ( 0.0000000000000000000, 0.0000000000000000000, 1.000000000000000000 ) ) ;
#3353 = CARTESIAN_POINT ( 'NONE',  ( 0.3000000000001819000, 0.2000000000000455000, 0.0000000000000000000 ) ) ;
#3354 = AXIS2_PLACEMENT_3D ( 'NONE', #1401, #4367, #1838 ) ;
#3356 = DIRECTION ( 'NONE',  ( 0.0000000000000000000, -0.0000000000000000000, -1.000000000000000000 ) ) ;
#3355 = DIRECTION ( 'NONE',  ( -0.0000000000000000000, -0.0000000000000000000, -1.000000000000000000 ) ) ;
#3357 = DIRECTION ( 'NONE',  ( -1.000000000000000000, 0.0000000000000000000, 0.0000000000000000000 ) ) ;
#3358 = CARTESIAN_POINT ( 'NONE',  ( 0.3916666666668789400, 1.400000000000090900, 0.0000000000000000000 ) ) ;
#3359 = VECTOR ( 'NONE', #2037, 1000.000000000000000 ) ;
#3360 = EDGE_CURVE ( 'NONE', #236, #1279, #1582, .T. ) ;
#3361 = CIRCLE ( 'NONE', #3557, 0.09999999999990918900 ) ;
#3362 = VECTOR ( 'NONE', #5430, 1000.000000000000000 ) ;
#3363 = CIRCLE ( 'NONE', #4853, 0.1000000000004684200 ) ;
#3364 = LINE ( 'NONE', #3044, #1236 ) ;
#3365 = ORIENTED_EDGE ( 'NONE', *, *, #4398, .T. ) ;
#3366 = ADVANCED_BREP_SHAPE_REPRESENTATION ( '', ( #2725, #3706, #4565 ), #4288 ) ;
#3367 = CYLINDRICAL_SURFACE ( 'NONE', #4386, 0.09999999999990615000 ) ;
#3368 = CARTESIAN_POINT ( 'NONE',  ( 3.000000000000000000, 0.7750000000005458100, 0.1000000000000000100 ) ) ;
#3369 = CIRCLE ( 'NONE', #1116, 0.1000000000000256400 ) ;
#3370 = COLOUR_RGB ( '',1.000000000000000000, 1.000000000000000000, 0.5019607843137254800 ) ;
#3372 = CARTESIAN_POINT ( 'NONE',  ( 2.649999999999636200, 0.5250000000000908400, 0.1000000000000000100 ) ) ;
#3371 = DIRECTION ( 'NONE',  ( 0.3846153846147277200, 0.9230769230771968000, -0.0000000000000000000 ) ) ;
#3373 = CARTESIAN_POINT ( 'NONE',  ( 0.0000000000000000000, 0.0000000000000000000, 0.0000000000000000000 ) ) ;
#3374 = DIRECTION ( 'NONE',  ( -0.0000000000000000000, -0.0000000000000000000, -1.000000000000000000 ) ) ;
#3375 = LINE ( 'NONE', #2034, #998 ) ;
#3376 = CARTESIAN_POINT ( 'NONE',  ( 2.999999999999545300, 0.8750000000000001100, 0.1000000000000000100 ) ) ;
#3377 = VECTOR ( 'NONE', #4235, 1000.000000000000100 ) ;
#3378 = DIRECTION ( 'NONE',  ( -0.0000000000000000000, -0.0000000000000000000, -1.000000000000000000 ) ) ;
#3379 = ORIENTED_EDGE ( 'NONE', *, *, #4398, .F. ) ;
#3380 = EDGE_CURVE ( 'NONE', #3066, #1942, #3839, .T. ) ;
#3381 = EDGE_CURVE ( 'NONE', #3466, #4197, #1454, .T. ) ;
#3382 =( GEOMETRIC_REPRESENTATION_CONTEXT ( 3 ) GLOBAL_UNCERTAINTY_ASSIGNED_CONTEXT ( ( #10 ) ) GLOBAL_UNIT_ASSIGNED_CONTEXT ( ( #4119, #1577, #4538 ) ) REPRESENTATION_CONTEXT ( 'NONE', 'WORKASPACE' ) );
#3383 = ORIENTED_EDGE ( 'NONE', *, *, #2535, .T. ) ;
#3384 = ORIENTED_EDGE ( 'NONE', *, *, #4667, .T. ) ;
#3385 = ORIENTED_EDGE ( 'NONE', *, *, #3107, .T. ) ;
#3386 = DIRECTION ( 'NONE',  ( 0.0000000000000000000, 0.9961946980917455500, -0.08715574274765840200 ) ) ;
#3387 = ORIENTED_EDGE ( 'NONE', *, *, #1455, .F. ) ;
#3388 = EDGE_CURVE ( 'NONE', #2944, #4861, #2574, .T. ) ;
#3389 = FILL_AREA_STYLE_COLOUR ( '', #1866 ) ;
#3390 = SURFACE_SIDE_STYLE ('',( #4632 ) ) ;
#3391 = DIRECTION ( 'NONE',  ( -0.0000000000000000000, -0.0000000000000000000, -1.000000000000000000 ) ) ;
#3392 = ORIENTED_EDGE ( 'NONE', *, *, #5365, .T. ) ;
#3393 = CARTESIAN_POINT ( 'NONE',  ( 2.799999999999840800, 0.2000000000003864800, 0.0000000000000000000 ) ) ;
#3394 = CARTESIAN_POINT ( 'NONE',  ( 3.000000000000000000, 0.0000000000000000000, 0.0000000000000000000 ) ) ;
#3395 = EDGE_LOOP ( 'NONE', ( #13, #4657, #4947, #71 ) ) ;
#3396 = VECTOR ( 'NONE', #364, 1000.000000000000000 ) ;
#3397 = ORIENTED_EDGE ( 'NONE', *, *, #2138, .T. ) ;
#3398 = AXIS2_PLACEMENT_3D ( 'NONE', #518, #1822, #4784 ) ;
#3399 = ORIENTED_EDGE ( 'NONE', *, *, #4449, .T. ) ;
#3400 = ORIENTED_EDGE ( 'NONE', *, *, #3351, .F. ) ;
#3401 = CARTESIAN_POINT ( 'NONE',  ( 1.150000000000090900, 0.2999999999999545300, 0.0000000000000000000 ) ) ;
#3402 = CARTESIAN_POINT ( 'NONE',  ( 0.0000000000000000000, 0.0000000000000000000, 0.1000000000000000100 ) ) ;
#3403 = ORIENTED_EDGE ( 'NONE', *, *, #1150, .F. ) ;
#3404 = CARTESIAN_POINT ( 'NONE',  ( 0.3000000000001819000, 0.2000000000000455000, 0.0000000000000000000 ) ) ;
#3405 = FILL_AREA_STYLE ('',( #459 ) ) ;
#3406 = CIRCLE ( 'NONE', #4229, 0.09999999999990902300 ) ;
#3407 = CARTESIAN_POINT ( 'NONE',  ( 0.4999999999996680400, 0.2199999999996843100, 0.1000000000000000100 ) ) ;
#3408 = EDGE_LOOP ( 'NONE', ( #3621, #340, #2934, #2958 ) ) ;
#3409 = DIRECTION ( 'NONE',  ( 1.000000000000000000, -0.0000000000000000000, -0.0000000000000000000 ) ) ;
#3410 = VERTEX_POINT ( 'NONE', #3626 ) ;
#3411 = DIRECTION ( 'NONE',  ( 0.0000000000000000000, 0.0000000000000000000, 1.000000000000000000 ) ) ;
#3412 = EDGE_CURVE ( 'NONE', #4666, #552, #4557, .T. ) ;
#3413 = DIRECTION ( 'NONE',  ( 0.0000000000000000000, 0.0000000000000000000, -1.000000000000000000 ) ) ;
#3414 = LINE ( 'NONE', #5228, #1151 ) ;
#3415 = AXIS2_PLACEMENT_3D ( 'NONE', #2837, #2434, #1591 ) ;
#3416 = EDGE_CURVE ( 'NONE', #3255, #1322, #2439, .T. ) ;
#3417 = LINE ( 'NONE', #2191, #4425 ) ;
#3418 = ORIENTED_EDGE ( 'NONE', *, *, #3133, .T. ) ;
#3419 = VECTOR ( 'NONE', #3223, 1000.000000000000200 ) ;
#3420 = AXIS2_PLACEMENT_3D ( 'NONE', #5013, #5427, #2895 ) ;
#3421 = CARTESIAN_POINT ( 'NONE',  ( 0.6333333333332120700, 1.300000000000181900, 0.1000000000000000100 ) ) ;
#3422 = CARTESIAN_POINT ( 'NONE',  ( -2.216339720411125900, -0.3488992817722025300, 3.000000000000000000 ) ) ;
#3423 = DIRECTION ( 'NONE',  ( 0.0000000000000000000, 0.0000000000000000000, 1.000000000000000000 ) ) ;
#3424 = DIRECTION ( 'NONE',  ( 1.000000000000000000, 0.0000000000000000000, 0.0000000000000000000 ) ) ;
#3425 = LINE ( 'NONE', #2976, #5413 ) ;
#3426 = PLANE ( 'NONE',  #4601 ) ;
#3427 = VECTOR ( 'NONE', #253, 1000.000000000000000 ) ;
#3428 = CARTESIAN_POINT ( 'NONE',  ( 2.717651759453293200, 1.199996372327866400, 0.3200000000000000100 ) ) ;
#3429 = EDGE_CURVE ( 'NONE', #90, #4863, #4705, .T. ) ;
#3430 = COLOUR_RGB ( '',1.000000000000000000, 1.000000000000000000, 0.5019607843137254800 ) ;
#3431 = LINE ( 'NONE', #1892, #2310 ) ;
#3432 = CARTESIAN_POINT ( 'NONE',  ( 0.3103446128758104400, 1.171999999999570900, 0.09999999999999997800 ) ) ;
#3433 = VECTOR ( 'NONE', #171, 1000.000000000000000 ) ;
#3434 = LINE ( 'NONE', #1176, #2185 ) ;
#3435 = MECHANICAL_DESIGN_GEOMETRIC_PRESENTATION_REPRESENTATION (  '', ( #2865 ), #3726 ) ;
#3436 = CARTESIAN_POINT ( 'NONE',  ( 0.7999999999997271500, 0.3000000000001819000, 0.0000000000000000000 ) ) ;
#3437 = ORIENTED_EDGE ( 'NONE', *, *, #4297, .T. ) ;
#3438 = VECTOR ( 'NONE', #4019, 1000.000000000000000 ) ;
#3439 = APPLICATION_CONTEXT ( 'automotive_design' ) ;
#3440 = DIRECTION ( 'NONE',  ( 0.0000000000000000000, -1.000000000000000000, 0.0000000000000000000 ) ) ;
#3441 = VERTEX_POINT ( 'NONE', #2785 ) ;
#3442 = DIRECTION ( 'NONE',  ( -0.0000000000000000000, -0.0000000000000000000, -1.000000000000000000 ) ) ;
#3443 = PLANE ( 'NONE',  #1079 ) ;
#3444 = ORIENTED_EDGE ( 'NONE', *, *, #334, .F. ) ;
#3445 = ORIENTED_EDGE ( 'NONE', *, *, #2425, .F. ) ;
#3446 = ORIENTED_EDGE ( 'NONE', *, *, #5369, .F. ) ;
#3447 = EDGE_CURVE ( 'NONE', #1622, #3733, #2307, .T. ) ;
#3448 = DIRECTION ( 'NONE',  ( -0.0000000000000000000, -0.0000000000000000000, -1.000000000000000000 ) ) ;
#3449 = ORIENTED_EDGE ( 'NONE', *, *, #3360, .T. ) ;
#3450 = CLOSED_SHELL ( 'NONE', ( #2842, #3636, #3136, #1070, #293, #2461, #1495, #5223, #1472, #691, #2435, #5024, #1949, #3554, #1497, #719, #1167, #4029, #269, #1902, #3216, #2877, #213, #1971, #3580, #5273, #4920, #2721, #2352, #5378, #2060, #2767, #1002, #4445, #4442 ) ) ;
#3451 = VERTEX_POINT ( 'NONE', #3232 ) ;
#3452 = EDGE_CURVE ( 'NONE', #1158, #1030, #2178, .T. ) ;
#3453 =( NAMED_UNIT ( * ) PLANE_ANGLE_UNIT ( ) SI_UNIT ( $, .RADIAN. ) );
#3454 = VERTEX_POINT ( 'NONE', #702 ) ;
#3455 = VERTEX_POINT ( 'NONE', #270 ) ;
#3456 = CARTESIAN_POINT ( 'NONE',  ( -0.09999999999990903700, 0.1000000000001364400, 0.1000000000000000100 ) ) ;
#3457 = EDGE_CURVE ( 'NONE', #550, #5353, #4303, .T. ) ;
#3458 = PRODUCT_CONTEXT ( 'NONE', #3439, 'mechanical' ) ;
#3459 = CARTESIAN_POINT ( 'NONE',  ( 2.771999999999934500, 1.171999999999570700, 0.0000000000000000000 ) ) ;
#3460 = DIRECTION ( 'NONE',  ( 1.000000000000000000, 0.0000000000000000000, 0.0000000000000000000 ) ) ;
#3461 = LINE ( 'NONE', #3263, #2339 ) ;
#3462 = DIRECTION ( 'NONE',  ( -0.9961946980917455500, 9.597692108297220200E-013, -0.08715574274765836000 ) ) ;
#3463 = PLANE ( 'NONE',  #3052 ) ;
#3464 =( BOUNDED_CURVE ( )  B_SPLINE_CURVE ( 3, ( #4734, #1774, #5159, #2618 ),
 .UNSPECIFIED., .F., .F. ) 
 B_SPLINE_CURVE_WITH_KNOTS ( ( 4, 4 ),
 ( 2.359992588465104300, 3.923192718714481900 ),
 .UNSPECIFIED. ) 
 CURVE ( )  GEOMETRIC_REPRESENTATION_ITEM ( )  RATIONAL_B_SPLINE_CURVE ( ( 1.000000000000000000, 0.8065248903851030000, 0.8065248903851030000, 1.000000000000000000 ) ) 
 REPRESENTATION_ITEM ( '' )  );
#3465 = ORIENTED_EDGE ( 'NONE', *, *, #4010, .T. ) ;
#3466 = VERTEX_POINT ( 'NONE', #2396 ) ;
#3467 = ORIENTED_EDGE ( 'NONE', *, *, #1547, .T. ) ;
#3468 = VERTEX_POINT ( 'NONE', #4944 ) ;
#3469 = EDGE_LOOP ( 'NONE', ( #5326, #3745, #2599, #4079 ) ) ;
#3470 = ORIENTED_EDGE ( 'NONE', *, *, #3204, .T. ) ;
#3471 =( LENGTH_UNIT ( ) NAMED_UNIT ( * ) SI_UNIT ( .MILLI., .METRE. ) );
#3472 = CIRCLE ( 'NONE', #2908, 0.1000000000000227100 ) ;
#3473 = ORIENTED_EDGE ( 'NONE', *, *, #2566, .F. ) ;
#3474 = ORIENTED_EDGE ( 'NONE', *, *, #1448, .F. ) ;
#3475 = CARTESIAN_POINT ( 'NONE',  ( -0.1500000000000909200, 1.100000000000136400, -0.1000000000000000100 ) ) ;
#3476 = CARTESIAN_POINT ( 'NONE',  ( -0.04999999999972715200, 0.2000000000000455000, -0.1000000000000000100 ) ) ;
#3477 = CARTESIAN_POINT ( 'NONE',  ( 0.7666666666668788800, 0.09999999999990905100, 0.1000000000000000100 ) ) ;
#3478 = CARTESIAN_POINT ( 'NONE',  ( 0.3916666666668789400, 1.400000000000090900, 0.1000000000000000100 ) ) ;
#3479 = DIRECTION ( 'NONE',  ( -0.0000000000000000000, -0.0000000000000000000, -1.000000000000000000 ) ) ;
#3480 = EDGE_CURVE ( 'NONE', #544, #828, #53, .T. ) ;
#3481 = CARTESIAN_POINT ( 'NONE',  ( 1.355252715606880500E-017, 1.400000000000090900, 0.1000000000000000100 ) ) ;
#3482 = CYLINDRICAL_SURFACE ( 'NONE', #5343, 0.2000000000001505900 ) ;
#3483 = EDGE_CURVE ( 'NONE', #3607, #4285, #2051, .T. ) ;
#3484 = CYLINDRICAL_SURFACE ( 'NONE', #2279, 0.1000000000000253000 ) ;
#3485 = CARTESIAN_POINT ( 'NONE',  ( 2.771999999999934500, 1.171999999999570700, 0.09999999999999999200 ) ) ;
#3486 = CIRCLE ( 'NONE', #2992, 0.1000000000000253000 ) ;
#3487 = LINE ( 'NONE', #4563, #2363 ) ;
#3488 = FACE_OUTER_BOUND ( 'NONE', #3212, .T. ) ;
#3489 = CARTESIAN_POINT ( 'NONE',  ( 0.2833333333333030200, 1.300000000000181900, 0.1000000000000000100 ) ) ;
#3490 = CIRCLE ( 'NONE', #1933, 0.09999999999990470700 ) ;
#3491 = ORIENTED_EDGE ( 'NONE', *, *, #5020, .T. ) ;
#3492 = EDGE_CURVE ( 'NONE', #1208, #2815, #5414, .T. ) ;
#3493 = CONTEXT_DEPENDENT_SHAPE_REPRESENTATION ( #2634, #4312 ) ;
#3494 = SURFACE_STYLE_FILL_AREA ( #726 ) ;
#3495 = FACE_OUTER_BOUND ( 'NONE', #4982, .T. ) ;
#3496 = PRODUCT_RELATED_PRODUCT_CATEGORY ( 'part', '', ( #2059 ) ) ;
#3497 = CARTESIAN_POINT ( 'NONE',  ( 0.6333333333332120700, 1.300000000000181900, 0.0000000000000000000 ) ) ;
#3498 = CARTESIAN_POINT ( 'NONE',  ( 0.5999999999999090500, 1.100000000000136400, 0.0000000000000000000 ) ) ;
#3499 = CIRCLE ( 'NONE', #855, 0.09999999999945426200 ) ;
#3500 = DIRECTION ( 'NONE',  ( -0.9230769230771968000, 0.3846153846147277700, 0.0000000000000000000 ) ) ;
#3501 = DIRECTION ( 'NONE',  ( 0.0000000000000000000, 1.000000000000000000, 0.0000000000000000000 ) ) ;
#3502 = FACE_OUTER_BOUND ( 'NONE', #1288, .T. ) ;
#3503 = AXIS2_PLACEMENT_3D ( 'NONE', #636, #3893, #1344 ) ;
#3504 = DIRECTION ( 'NONE',  ( 1.000000000000000000, 0.0000000000000000000, 0.0000000000000000000 ) ) ;
#3505 = VECTOR ( 'NONE', #2846, 1000.000000000000000 ) ;
#3506 = VECTOR ( 'NONE', #2952, 1000.000000000000000 ) ;
#3507 = CARTESIAN_POINT ( 'NONE',  ( 1.725000000000818500, 0.0000000000000000000, 0.0000000000000000000 ) ) ;
#3508 = DIRECTION ( 'NONE',  ( 1.000000000000000000, 0.0000000000000000000, 0.0000000000000000000 ) ) ;
#3509 = ORIENTED_EDGE ( 'NONE', *, *, #2811, .T. ) ;
#3510 = ORIENTED_EDGE ( 'NONE', *, *, #5396, .T. ) ;
#3511 = AXIS2_PLACEMENT_3D ( 'NONE', #3258, #728, #3687 ) ;
#3512 = CARTESIAN_POINT ( 'NONE',  ( 0.2500000000000000000, 0.1000000000001364200, 0.0000000000000000000 ) ) ;
#3513 = CARTESIAN_POINT ( 'NONE',  ( 0.8833333333332120700, 1.400000000000090900, 0.0000000000000000000 ) ) ;
#3514 = EDGE_CURVE ( 'NONE', #1695, #2146, #1163, .T. ) ;
#3515 = CARTESIAN_POINT ( 'NONE',  ( 2.550000000000181900, 1.200000000000272800, 0.0000000000000000000 ) ) ;
#3516 = DIRECTION ( 'NONE',  ( -0.0000000000000000000, 1.000000000000000000, -0.0000000000000000000 ) ) ;
#3517 = VERTEX_POINT ( 'NONE', #2002 ) ;
#3518 = ADVANCED_FACE ( 'NONE', ( #3034 ), #4962, .F. ) ;
#3519 = CARTESIAN_POINT ( 'NONE',  ( -0.2500000000000000000, 1.200000000000272800, 0.1000000000000000100 ) ) ;
#3520 = ORIENTED_EDGE ( 'NONE', *, *, #3028, .F. ) ;
#3521 = DIRECTION ( 'NONE',  ( 1.000000000000000000, 0.0000000000000000000, 0.0000000000000000000 ) ) ;
#3522 = CARTESIAN_POINT ( 'NONE',  ( 0.5500000000002864800, 1.179999999999269600, 0.1000000000000000100 ) ) ;
#3523 = PLANE ( 'NONE',  #5322 ) ;
#3524 = VERTEX_POINT ( 'NONE', #1567 ) ;
#3525 = DIRECTION ( 'NONE',  ( 0.0000000000000000000, 0.0000000000000000000, -1.000000000000000000 ) ) ;
#3526 = VERTEX_POINT ( 'NONE', #1143 ) ;
#3527 = ORIENTED_EDGE ( 'NONE', *, *, #4550, .T. ) ;
#3528 = ORIENTED_EDGE ( 'NONE', *, *, #4515, .F. ) ;
#3529 = EDGE_LOOP ( 'NONE', ( #5252, #493, #4298, #5002 ) ) ;
#3530 = DIRECTION ( 'NONE',  ( -1.000000000000000000, 0.0000000000000000000, 0.0000000000000000000 ) ) ;
#3531 = CARTESIAN_POINT ( 'NONE',  ( 0.5999999999999090500, 1.100000000000136400, 0.1000000000000000100 ) ) ;
#3532 = PRESENTATION_STYLE_ASSIGNMENT (( #5452 ) ) ;
#3533 = EDGE_CURVE ( 'NONE', #2454, #312, #785, .T. ) ;
#3534 = ORIENTED_EDGE ( 'NONE', *, *, #3000, .T. ) ;
#3535 = STYLED_ITEM ( 'NONE', ( #3243 ), #5293 ) ;
#3536 = ORIENTED_EDGE ( 'NONE', *, *, #3307, .T. ) ;
#3537 = UNCERTAINTY_MEASURE_WITH_UNIT (LENGTH_MEASURE( 1.000000000000000100E-005 ), #2561, 'distance_accuracy_value', 'NONE');
#3538 = ORIENTED_EDGE ( 'NONE', *, *, #2188, .T. ) ;
#3539 = VERTEX_POINT ( 'NONE', #2020 ) ;
#3540 = EDGE_CURVE ( 'NONE', #3017, #2556, #2904, .T. ) ;
#3541 = DIRECTION ( 'NONE',  ( 0.3846153846147282200, 0.9230769230771965800, 0.0000000000000000000 ) ) ;
#3542 = DIRECTION ( 'NONE',  ( -1.000000000000000000, 0.0000000000000000000, 0.0000000000000000000 ) ) ;
#3543 = ORIENTED_EDGE ( 'NONE', *, *, #2775, .T. ) ;
#3544 = DIRECTION ( 'NONE',  ( -0.0000000000000000000, -0.0000000000000000000, -1.000000000000000000 ) ) ;
#3545 = CARTESIAN_POINT ( 'NONE',  ( 1.824999999999819700, 1.400000000000089600, 0.1000000000000000100 ) ) ;
#3546 = DIRECTION ( 'NONE',  ( -1.000000000000000000, 0.0000000000000000000, 0.0000000000000000000 ) ) ;
#3547 = CARTESIAN_POINT ( 'NONE',  ( 0.5000000000000000000, 1.200000000000045700, -0.1000000000000000100 ) ) ;
#3548 = VECTOR ( 'NONE', #643, 1000.000000000000000 ) ;
#3549 = EDGE_LOOP ( 'NONE', ( #1885, #351, #2026, #499 ) ) ;
#3550 = ORIENTED_EDGE ( 'NONE', *, *, #2153, .F. ) ;
#3551 = AXIS2_PLACEMENT_3D ( 'NONE', #320, #3728, #1174 ) ;
#3552 = CARTESIAN_POINT ( 'NONE',  ( 2.450000000000045500, 1.200000000000045700, 0.1000000000000000100 ) ) ;
#3553 = CARTESIAN_POINT ( 'NONE',  ( -0.3499999999999133200, 0.5250000000000867300, 0.0000000000000000000 ) ) ;
#3554 = ADVANCED_FACE ( 'NONE', ( #4037 ), #3908, .F. ) ;
#3555 = VECTOR ( 'NONE', #3094, 1000.000000000000000 ) ;
#3556 = VECTOR ( 'NONE', #440, 1000.000000000000000 ) ;
#3557 = AXIS2_PLACEMENT_3D ( 'NONE', #3100, #567, #3521 ) ;
#3558 = CARTESIAN_POINT ( 'NONE',  ( 1.150000000000090900, 0.2999999999999545300, 0.0000000000000000000 ) ) ;
#3559 = DIRECTION ( 'NONE',  ( 1.000000000000000000, 0.0000000000000000000, 0.0000000000000000000 ) ) ;
#3560 = DIRECTION ( 'NONE',  ( -0.0000000000000000000, -0.0000000000000000000, -1.000000000000000000 ) ) ;
#3561 = DIRECTION ( 'NONE',  ( -0.0000000000000000000, -0.0000000000000000000, -1.000000000000000000 ) ) ;
#3562 = LINE ( 'NONE', #3862, #2430 ) ;
#3563 = ORIENTED_EDGE ( 'NONE', *, *, #5330, .T. ) ;
#3564 = CYLINDRICAL_SURFACE ( 'NONE', #1825, 0.09999999999990907800 ) ;
#3565 = EDGE_CURVE ( 'NONE', #629, #3729, #5030, .T. ) ;
#3566 = CARTESIAN_POINT ( 'NONE',  ( 0.1500000000000909500, 0.0000000000000000000, 0.1000000000000000100 ) ) ;
#3567 = EDGE_CURVE ( 'NONE', #3933, #764, #1783, .T. ) ;
#3568 = CIRCLE ( 'NONE', #152, 0.09999999999990788500 ) ;
#3569 = PRESENTATION_STYLE_ASSIGNMENT (( #3350 ) ) ;
#3570 = VECTOR ( 'NONE', #1078, 1000.000000000000000 ) ;
#3571 = CARTESIAN_POINT ( 'NONE',  ( 0.2000036276725142600, 1.000757432709709300, 0.3200000000000000100 ) ) ;
#3572 = AXIS2_PLACEMENT_3D ( 'NONE', #872, #3841, #1291 ) ;
#3573 = CIRCLE ( 'NONE', #4265, 0.1000000000001364200 ) ;
#3574 = FACE_OUTER_BOUND ( 'NONE', #1289, .T. ) ;
#3575 = EDGE_CURVE ( 'NONE', #151, #706, #2768, .T. ) ;
#3576 = CYLINDRICAL_SURFACE ( 'NONE', #962, 0.09999999999990902300 ) ;
#3577 = VECTOR ( 'NONE', #1588, 1000.000000000000000 ) ;
#3578 = ADVANCED_FACE ( 'NONE', ( #650, #3767 ), #1160, .F. ) ;
#3579 = DIRECTION ( 'NONE',  ( 1.000000000000000000, 0.0000000000000000000, 0.0000000000000000000 ) ) ;
#3580 = ADVANCED_FACE ( 'NONE', ( #4899 ), #4995, .F. ) ;
#3581 = CARTESIAN_POINT ( 'NONE',  ( 0.8000000000001820100, 1.300000000000181900, 0.1000000000000000100 ) ) ;
#3582 = FILL_AREA_STYLE_COLOUR ( '', #5091 ) ;
#3583 = ORIENTED_EDGE ( 'NONE', *, *, #2717, .T. ) ;
#3584 = DIRECTION ( 'NONE',  ( 1.000000000000000000, 0.0000000000000000000, 0.0000000000000000000 ) ) ;
#3585 = DIRECTION ( 'NONE',  ( -0.0000000000000000000, -0.0000000000000000000, 1.000000000000000000 ) ) ;
#3586 = AXIS2_PLACEMENT_3D ( 'NONE', #146, #4574, #2047 ) ;
#3587 = CARTESIAN_POINT ( 'NONE',  ( 2.799996372328230200, 0.3992425672901036000, 0.4200000000000000400 ) ) ;
#3588 = VERTEX_POINT ( 'NONE', #1603 ) ;
#3589 = EDGE_LOOP ( 'NONE', ( #4477, #3328, #2551, #3084, #4264, #3600, #3755, #3132 ) ) ;
#3590 = FILL_AREA_STYLE ('',( #3159 ) ) ;
#3591 = VERTEX_POINT ( 'NONE', #771 ) ;
#3592 = VERTEX_POINT ( 'NONE', #3730 ) ;
#3593 = ORIENTED_EDGE ( 'NONE', *, *, #450, .F. ) ;
#3594 = DIRECTION ( 'NONE',  ( -1.000000000000000000, 0.0000000000000000000, 0.0000000000000000000 ) ) ;
#3595 = VERTEX_POINT ( 'NONE', #338 ) ;
#3596 = ORIENTED_EDGE ( 'NONE', *, *, #652, .T. ) ;
#3597 = ORIENTED_EDGE ( 'NONE', *, *, #3995, .T. ) ;
#3598 = PRODUCT_DEFINITION_SHAPE ( 'NONE', 'NONE',  #954 ) ;
#3599 = EDGE_CURVE ( 'NONE', #672, #5353, #2641, .T. ) ;
#3600 = ORIENTED_EDGE ( 'NONE', *, *, #2784, .T. ) ;
#3601 = DIRECTION ( 'NONE',  ( -0.0000000000000000000, -0.0000000000000000000, -1.000000000000000000 ) ) ;
#3602 = EDGE_CURVE ( 'NONE', #3259, #4878, #4767, .T. ) ;
#3603 = ORIENTED_EDGE ( 'NONE', *, *, #2672, .F. ) ;
#3604 = AXIS2_PLACEMENT_3D ( 'NONE', #5157, #2615, #72 ) ;
#3605 = VECTOR ( 'NONE', #2427, 1000.000000000000000 ) ;
#3606 = ADVANCED_FACE ( 'NONE', ( #388 ), #4627, .F. ) ;
#3607 = VERTEX_POINT ( 'NONE', #3319 ) ;
#3608 = DIRECTION ( 'NONE',  ( -0.0000000000000000000, 1.000000000000000000, -0.0000000000000000000 ) ) ;
#3609 = ADVANCED_FACE ( 'NONE', ( #3488 ), #2364, .T. ) ;
#3610 = VERTEX_POINT ( 'NONE', #1643 ) ;
#3611 = EDGE_CURVE ( 'NONE', #1831, #4613, #1380, .T. ) ;
#3612 = ORIENTED_EDGE ( 'NONE', *, *, #1405, .F. ) ;
#3614 = CARTESIAN_POINT ( 'NONE',  ( 0.0000000000000000000, 0.0000000000000000000, 0.1000000000000000100 ) ) ;
#3613 =( GEOMETRIC_REPRESENTATION_CONTEXT ( 3 ) GLOBAL_UNCERTAINTY_ASSIGNED_CONTEXT ( ( #4772 ) ) GLOBAL_UNIT_ASSIGNED_CONTEXT ( ( #1297, #4274, #1737 ) ) REPRESENTATION_CONTEXT ( 'NONE', 'WORKASPACE' ) );
#3615 = ORIENTED_EDGE ( 'NONE', *, *, #3174, .F. ) ;
#3616 = ORIENTED_EDGE ( 'NONE', *, *, #3247, .T. ) ;
#3617 = ORIENTED_EDGE ( 'NONE', *, *, #3971, .T. ) ;
#3618 = FACE_OUTER_BOUND ( 'NONE', #2733, .T. ) ;
#3619 = DIRECTION ( 'NONE',  ( -0.0000000000000000000, -0.0000000000000000000, -1.000000000000000000 ) ) ;
#3620 = ORIENTED_EDGE ( 'NONE', *, *, #2086, .T. ) ;
#3621 = ORIENTED_EDGE ( 'NONE', *, *, #2138, .F. ) ;
#3622 = DIRECTION ( 'NONE',  ( -0.08682659386424784700, 0.08682659386424009000, -0.9924325091389677400 ) ) ;
#3623 = DIRECTION ( 'NONE',  ( 1.000000000000000000, 0.0000000000000000000, 0.0000000000000000000 ) ) ;
#3624 = CARTESIAN_POINT ( 'NONE',  ( 2.689655387125006400, 0.2280000000000583500, 0.1000000000000000300 ) ) ;
#3625 = AXIS2_PLACEMENT_3D ( 'NONE', #2640, #1361, #2624 ) ;
#3626 = CARTESIAN_POINT ( 'NONE',  ( 1.575000000000272800, 0.0000000000000000000, 0.1000000000000000100 ) ) ;
#3627 = VECTOR ( 'NONE', #3139, 1000.000000000000000 ) ;
#3628 = FACE_OUTER_BOUND ( 'NONE', #1339, .T. ) ;
#3629 = CARTESIAN_POINT ( 'NONE',  ( 0.5999999999999090500, 0.1000000000001364400, 0.0000000000000000000 ) ) ;
#3630 = EDGE_CURVE ( 'NONE', #5072, #1410, #251, .T. ) ;
#3631 = LINE ( 'NONE', #4760, #1376 ) ;
#3632 = CIRCLE ( 'NONE', #4714, 0.1000000000000253000 ) ;
#3633 = ADVANCED_FACE ( 'NONE', ( #115 ), #2241, .F. ) ;
#3634 = VECTOR ( 'NONE', #2054, 1000.000000000000000 ) ;
#3635 = LINE ( 'NONE', #1815, #4370 ) ;
#3636 = ADVANCED_FACE ( 'NONE', ( #2504 ), #5477, .F. ) ;
#3637 = DIRECTION ( 'NONE',  ( -1.000000000000000000, -0.0000000000000000000, -0.0000000000000000000 ) ) ;
#3638 = CARTESIAN_POINT ( 'NONE',  ( 2.700000000000274200, 1.100000000000137800, 0.0000000000000000000 ) ) ;
#3639 = VECTOR ( 'NONE', #278, 1000.000000000000000 ) ;
#3640 = VECTOR ( 'NONE', #4388, 1000.000000000000000 ) ;
#3641 = CARTESIAN_POINT ( 'NONE',  ( 2.999999999999545300, 0.5250000000000908400, 0.1000000000000000100 ) ) ;
#3642 = DIRECTION ( 'NONE',  ( 0.9230769230771969100, -0.3846153846147276600, 0.0000000000000000000 ) ) ;
#3643 = EDGE_CURVE ( 'NONE', #4598, #706, #523, .T. ) ;
#3644 = SURFACE_SIDE_STYLE ('',( #1114 ) ) ;
#3645 = SURFACE_STYLE_FILL_AREA ( #1258 ) ;
#3646 = VECTOR ( 'NONE', #2956, 1000.000000000000000 ) ;
#3647 = DIRECTION ( 'NONE',  ( -9.634353732941982200E-013, -1.000000000000000000, 0.0000000000000000000 ) ) ;
#3648 = AXIS2_PLACEMENT_3D ( 'NONE', #2216, #3064, #2662 ) ;
#3649 = LINE ( 'NONE', #4541, #2519 ) ;
#3650 = VECTOR ( 'NONE', #5050, 1000.000000000000000 ) ;
#3651 = EDGE_CURVE ( 'NONE', #1121, #3958, #3363, .T. ) ;
#3652 = ORIENTED_EDGE ( 'NONE', *, *, #2538, .T. ) ;
#3653 = ORIENTED_EDGE ( 'NONE', *, *, #1507, .T. ) ;
#3654 = DIRECTION ( 'NONE',  ( -1.000000000000000000, 0.0000000000000000000, 0.0000000000000000000 ) ) ;
#3655 = CARTESIAN_POINT ( 'NONE',  ( 0.1500000000000909500, 0.2000000000000455000, -0.1000000000000000100 ) ) ;
#3656 = DIRECTION ( 'NONE',  ( -0.0000000000000000000, -0.0000000000000000000, -1.000000000000000000 ) ) ;
#3657 = VERTEX_POINT ( 'NONE', #2508 ) ;
#3658 = CARTESIAN_POINT ( 'NONE',  ( 0.5000000000002330400, 0.3000000000001762400, 0.0000000000000000000 ) ) ;
#3659 = EDGE_LOOP ( 'NONE', ( #4540, #1328, #631, #5395 ) ) ;
#3660 = DIRECTION ( 'NONE',  ( -0.08682659386416474700, 0.08682659386424841600, 0.9924325091389741800 ) ) ;
#3661 = DIRECTION ( 'NONE',  ( -1.000000000000000000, -3.209939973140664100E-013, -0.0000000000000000000 ) ) ;
#3662 = ORIENTED_EDGE ( 'NONE', *, *, #4206, .F. ) ;
#3663 = ORIENTED_EDGE ( 'NONE', *, *, #1579, .T. ) ;
#3664 = ADVANCED_FACE ( 'NONE', ( #3229 ), #3791, .T. ) ;
#3665 = CARTESIAN_POINT ( 'NONE',  ( -0.2500000000000000000, 1.200000000000272800, 0.1000000000000000100 ) ) ;
#3666 = EDGE_LOOP ( 'NONE', ( #1065, #3939, #5456, #5128 ) ) ;
#3667 = AXIS2_PLACEMENT_3D ( 'NONE', #2598, #3866, #3007 ) ;
#3668 = FACE_OUTER_BOUND ( 'NONE', #2149, .T. ) ;
#3669 = VERTEX_POINT ( 'NONE', #2935 ) ;
#3670 = EDGE_CURVE ( 'NONE', #1466, #268, #2122, .T. ) ;
#3671 = DIRECTION ( 'NONE',  ( -0.0000000000000000000, -0.0000000000000000000, -1.000000000000000000 ) ) ;
#3672 = DIRECTION ( 'NONE',  ( 1.000000000000000000, 0.0000000000000000000, 0.0000000000000000000 ) ) ;
#3673 = EDGE_CURVE ( 'NONE', #3468, #603, #1099, .T. ) ;
#3674 = EDGE_LOOP ( 'NONE', ( #1132, #585, #3538, #2950 ) ) ;
#3675 = ORIENTED_EDGE ( 'NONE', *, *, #1805, .F. ) ;
#3676 = ORIENTED_EDGE ( 'NONE', *, *, #4065, .F. ) ;
#3677 = ORIENTED_EDGE ( 'NONE', *, *, #4042, .F. ) ;
#3678 = DIRECTION ( 'NONE',  ( -1.000000000000000000, -0.0000000000000000000, -0.0000000000000000000 ) ) ;
#3679 = EDGE_CURVE ( 'NONE', #4342, #1694, #987, .T. ) ;
#3680 = VECTOR ( 'NONE', #2305, 1000.000000000000000 ) ;
#3681 = ORIENTED_EDGE ( 'NONE', *, *, #4689, .T. ) ;
#3682 = ORIENTED_EDGE ( 'NONE', *, *, #1886, .F. ) ;
#3683 = LINE ( 'NONE', #4358, #3555 ) ;
#3684 = AXIS2_PLACEMENT_3D ( 'NONE', #161, #3125, #593 ) ;
#3685 = ADVANCED_FACE ( 'NONE', ( #4234 ), #5084, .F. ) ;
#3686 = SURFACE_SIDE_STYLE ('',( #3494 ) ) ;
#3687 = DIRECTION ( 'NONE',  ( -1.000000000000000000, 0.0000000000000000000, 0.0000000000000000000 ) ) ;
#3688 = CARTESIAN_POINT ( 'NONE',  ( 0.5333333333333030200, 1.400000000000090900, 0.0000000000000000000 ) ) ;
#3689 = LINE ( 'NONE', #880, #1047 ) ;
#3690 = DIRECTION ( 'NONE',  ( -0.0000000000000000000, -0.0000000000000000000, 1.000000000000000000 ) ) ;
#3691 = PLANE ( 'NONE',  #2410 ) ;
#3692 = FACE_OUTER_BOUND ( 'NONE', #201, .T. ) ;
#3693 = LINE ( 'NONE', #58, #2568 ) ;
#3694 = AXIS2_PLACEMENT_3D ( 'NONE', #4581, #4146, #3731 ) ;
#3695 = ORIENTED_EDGE ( 'NONE', *, *, #2096, .F. ) ;
#3696 = DIRECTION ( 'NONE',  ( 0.0000000000000000000, 0.0000000000000000000, 1.000000000000000000 ) ) ;
#3697 = CYLINDRICAL_SURFACE ( 'NONE', #1233, 0.1000000000002410600 ) ;
#3698 = LINE ( 'NONE', #3498, #3837 ) ;
#3699 = LINE ( 'NONE', #373, #464 ) ;
#3700 = VECTOR ( 'NONE', #2343, 1000.000000000000000 ) ;
#3701 = EDGE_CURVE ( 'NONE', #1208, #298, #5226, .T. ) ;
#3702 = LINE ( 'NONE', #5118, #4708 ) ;
#3703 = LINE ( 'NONE', #1420, #2577 ) ;
#3704 = CIRCLE ( 'NONE', #5313, 0.1000000000002410600 ) ;
#3705 = LINE ( 'NONE', #4957, #471 ) ;
#3706 = MANIFOLD_SOLID_BREP ( '凸台-拉伸2[2]', #1268 ) ;
#3707 = DIRECTION ( 'NONE',  ( 1.000000000000000000, 0.0000000000000000000, 0.0000000000000000000 ) ) ;
#3708 = CARTESIAN_POINT ( 'NONE',  ( 2.450000000000272800, 0.3000000000001819000, 0.0000000000000000000 ) ) ;
#3709 = CARTESIAN_POINT ( 'NONE',  ( 1.008333333333212100, 0.0000000000000000000, 0.1000000000000000100 ) ) ;
#3710 = ORIENTED_EDGE ( 'NONE', *, *, #1848, .F. ) ;
#3711 = EDGE_CURVE ( 'NONE', #1960, #3592, #4831, .T. ) ;
#3712 = CARTESIAN_POINT ( 'NONE',  ( 0.6333333333332120700, 1.300000000000181900, 0.1000000000000000100 ) ) ;
#3713 = AXIS2_PLACEMENT_3D ( 'NONE', #1218, #4202, #1665 ) ;
#3714 = ADVANCED_FACE ( 'NONE', ( #853 ), #311, .F. ) ;
#3715 = DIRECTION ( 'NONE',  ( 0.0000000000000000000, 0.0000000000000000000, 1.000000000000000000 ) ) ;
#3716 = VERTEX_POINT ( 'NONE', #5123 ) ;
#3717 = EDGE_CURVE ( 'NONE', #5192, #1103, #1449, .T. ) ;
#3718 = EDGE_LOOP ( 'NONE', ( #834, #2008, #2470, #1499, #2012, #3536, #4977, #157 ) ) ;
#3719 = VERTEX_POINT ( 'NONE', #2579 ) ;
#3720 = DIRECTION ( 'NONE',  ( 1.000000000000000000, 0.0000000000000000000, -0.0000000000000000000 ) ) ;
#3721 = ORIENTED_EDGE ( 'NONE', *, *, #1331, .T. ) ;
#3722 = DIRECTION ( 'NONE',  ( -0.0000000000000000000, 0.0000000000000000000, 1.000000000000000000 ) ) ;
#3723 = EDGE_LOOP ( 'NONE', ( #563, #2223, #2206, #290 ) ) ;
#3724 = ORIENTED_EDGE ( 'NONE', *, *, #2645, .T. ) ;
#3725 = ORIENTED_EDGE ( 'NONE', *, *, #2901, .F. ) ;
#3726 =( GEOMETRIC_REPRESENTATION_CONTEXT ( 3 ) GLOBAL_UNCERTAINTY_ASSIGNED_CONTEXT ( ( #2889 ) ) GLOBAL_UNIT_ASSIGNED_CONTEXT ( ( #2920, #385, #3345 ) ) REPRESENTATION_CONTEXT ( 'NONE', 'WORKASPACE' ) );
#3727 = CARTESIAN_POINT ( 'NONE',  ( 2.800000000000181900, 0.3000000000001819000, -0.1000000000000000100 ) ) ;
#3728 = DIRECTION ( 'NONE',  ( 0.0000000000000000000, -1.000000000000000000, 0.0000000000000000000 ) ) ;
#3729 = VERTEX_POINT ( 'NONE', #3421 ) ;
#3731 = DIRECTION ( 'NONE',  ( -1.000000000000000000, 0.0000000000000000000, 0.0000000000000000000 ) ) ;
#3730 = CARTESIAN_POINT ( 'NONE',  ( 0.7999999999997271500, 0.2999999999999545300, -0.1000000000000000100 ) ) ;
#3732 = DIRECTION ( 'NONE',  ( -0.0000000000000000000, -0.0000000000000000000, -1.000000000000000000 ) ) ;
#3733 = VERTEX_POINT ( 'NONE', #2158 ) ;
#3734 = DIRECTION ( 'NONE',  ( -0.0000000000000000000, -0.0000000000000000000, -1.000000000000000000 ) ) ;
#3735 = CARTESIAN_POINT ( 'NONE',  ( 0.7416666666667879300, 1.400000000000090900, 0.1000000000000000100 ) ) ;
#3736 = VERTEX_POINT ( 'NONE', #1313 ) ;
#3737 = ORIENTED_EDGE ( 'NONE', *, *, #3273, .F. ) ;
#3738 = DIRECTION ( 'NONE',  ( 0.3846153846188729600, 0.9230769230754695100, 0.0000000000000000000 ) ) ;
#3739 = EDGE_LOOP ( 'NONE', ( #677, #4062, #510, #4983 ) ) ;
#3740 = EDGE_CURVE ( 'NONE', #4007, #488, #3562, .T. ) ;
#3741 = ORIENTED_EDGE ( 'NONE', *, *, #596, .T. ) ;
#3742 = ADVANCED_FACE ( 'NONE', ( #4098 ), #4551, .F. ) ;
#3743 = DIRECTION ( 'NONE',  ( 0.0000000000000000000, 1.000000000000000000, -0.0000000000000000000 ) ) ;
#3744 = DIRECTION ( 'NONE',  ( 1.000000000000000000, 0.0000000000000000000, 0.0000000000000000000 ) ) ;
#3745 = ORIENTED_EDGE ( 'NONE', *, *, #1179, .F. ) ;
#3746 = ORIENTED_EDGE ( 'NONE', *, *, #3380, .F. ) ;
#3747 = EDGE_CURVE ( 'NONE', #3186, #5459, #3693, .T. ) ;
#3748 = DIRECTION ( 'NONE',  ( -0.0000000000000000000, -0.0000000000000000000, -1.000000000000000000 ) ) ;
#3749 = DIRECTION ( 'NONE',  ( 0.0000000000000000000, -1.000000000000000000, -0.0000000000000000000 ) ) ;
#3750 = DIRECTION ( 'NONE',  ( 0.0000000000000000000, 0.0000000000000000000, 1.000000000000000000 ) ) ;
#3752 = CARTESIAN_POINT ( 'NONE',  ( 2.600757432709898800, 0.2000036276717544500, 0.3200000000000000100 ) ) ;
#3751 = DIRECTION ( 'NONE',  ( -0.0000000000000000000, -0.0000000000000000000, -1.000000000000000000 ) ) ;
#3753 = CARTESIAN_POINT ( 'NONE',  ( 0.6583333333333030200, 0.0000000000000000000, 0.1000000000000000100 ) ) ;
#3754 = FACE_OUTER_BOUND ( 'NONE', #3127, .T. ) ;
#3755 = ORIENTED_EDGE ( 'NONE', *, *, #4392, .F. ) ;
#3756 = CARTESIAN_POINT ( 'NONE',  ( 0.0000000000000000000, 1.400000000000090900, 0.0000000000000000000 ) ) ;
#3757 = ORIENTED_EDGE ( 'NONE', *, *, #2355, .F. ) ;
#3758 = EDGE_CURVE ( 'NONE', #2670, #1819, #1303, .T. ) ;
#3759 = DIRECTION ( 'NONE',  ( -0.0000000000000000000, -0.0000000000000000000, -1.000000000000000000 ) ) ;
#3760 = CIRCLE ( 'NONE', #3937, 0.09999999999990767700 ) ;
#3761 = LINE ( 'NONE', #4940, #517 ) ;
#3762 = AXIS2_PLACEMENT_3D ( 'NONE', #1920, #4467, #1937 ) ;
#3763 = DIRECTION ( 'NONE',  ( -0.0000000000000000000, -0.0000000000000000000, -1.000000000000000000 ) ) ;
#3764 = DIRECTION ( 'NONE',  ( -0.0000000000000000000, -0.0000000000000000000, 1.000000000000000000 ) ) ;
#3765 = VECTOR ( 'NONE', #2621, 1000.000000000000100 ) ;
#3766 = VECTOR ( 'NONE', #2018, 1000.000000000000200 ) ;
#3767 = FACE_BOUND ( 'NONE', #1483, .T. ) ;
#3768 = DIRECTION ( 'NONE',  ( -1.000000000000000000, 0.0000000000000000000, 0.0000000000000000000 ) ) ;
#3769 = PLANE ( 'NONE',  #3910 ) ;
#3770 = FACE_OUTER_BOUND ( 'NONE', #4391, .T. ) ;
#3772 = CARTESIAN_POINT ( 'NONE',  ( 1.824999999999818100, 1.300000000000181900, 0.1000000000000000100 ) ) ;
#3771 = DIRECTION ( 'NONE',  ( -0.0000000000000000000, -0.0000000000000000000, -1.000000000000000000 ) ) ;
#3773 = DIRECTION ( 'NONE',  ( -0.0000000000000000000, -0.0000000000000000000, -1.000000000000000000 ) ) ;
#3774 = SHAPE_DEFINITION_REPRESENTATION ( #498, #4077 ) ;
#3775 = DIRECTION ( 'NONE',  ( -0.0000000000000000000, -0.0000000000000000000, -1.000000000000000000 ) ) ;
#3776 = VECTOR ( 'NONE', #2115, 1000.000000000000000 ) ;
#3777 = CARTESIAN_POINT ( 'NONE',  ( 0.5500000000002864800, 1.179999999999269600, 0.1000000000000000100 ) ) ;
#3778 = LINE ( 'NONE', #1974, #393 ) ;
#3779 = CARTESIAN_POINT ( 'NONE',  ( -1.787644850646963200E-014, 0.2000036276715219700, 0.4200000000000000400 ) ) ;
#3780 = FACE_OUTER_BOUND ( 'NONE', #3129, .T. ) ;
#3781 = EDGE_CURVE ( 'NONE', #77, #4118, #178, .T. ) ;
#3782 = ORIENTED_EDGE ( 'NONE', *, *, #1669, .T. ) ;
#3783 = EDGE_CURVE ( 'NONE', #3187, #3736, #3417, .T. ) ;
#3784 = LINE ( 'NONE', #4180, #1527 ) ;
#3785 = ADVANCED_BREP_SHAPE_REPRESENTATION ( '', ( #1750, #4565 ), #2190 ) ;
#3786 =( NAMED_UNIT ( * ) PLANE_ANGLE_UNIT ( ) SI_UNIT ( $, .RADIAN. ) );
#3788 = CARTESIAN_POINT ( 'NONE',  ( 1.824999999999818100, 0.1000000000001364200, 0.1000000000000000100 ) ) ;
#3787 = AXIS2_PLACEMENT_3D ( 'NONE', #3459, #935, #3905 ) ;
#3789 = ORIENTED_EDGE ( 'NONE', *, *, #3900, .F. ) ;
#3790 = ORIENTED_EDGE ( 'NONE', *, *, #2840, .F. ) ;
#3791 = PLANE ( 'NONE',  #1324 ) ;
#3792 = EDGE_CURVE ( 'NONE', #686, #1221, #1157, .T. ) ;
#3793 = DIRECTION ( 'NONE',  ( -0.0000000000000000000, 1.000000000000000000, -0.0000000000000000000 ) ) ;
#3794 = PRODUCT_DEFINITION_FORMATION_WITH_SPECIFIED_SOURCE ( '任何', '', #2587, .NOT_KNOWN. ) ;
#3795 = ORIENTED_EDGE ( 'NONE', *, *, #5054, .F. ) ;
#3796 = ORIENTED_EDGE ( 'NONE', *, *, #4710, .F. ) ;
#3797 = AXIS2_PLACEMENT_3D ( 'NONE', #185, #1910, #4866 ) ;
#3798 = ORIENTED_EDGE ( 'NONE', *, *, #1455, .T. ) ;
#3799 = ORIENTED_EDGE ( 'NONE', *, *, #184, .F. ) ;
#3800 = ORIENTED_EDGE ( 'NONE', *, *, #345, .T. ) ;
#3801 = DIRECTION ( 'NONE',  ( -0.0000000000000000000, 1.000000000000000000, -0.0000000000000000000 ) ) ;
#3802 = CARTESIAN_POINT ( 'NONE',  ( 1.824999999999819700, 1.400000000000089600, 0.1000000000000000100 ) ) ;
#3803 = CIRCLE ( 'NONE', #1153, 0.09999999999990918900 ) ;
#3804 = AXIS2_PLACEMENT_3D ( 'NONE', #3196, #662, #3623 ) ;
#3805 = VERTEX_POINT ( 'NONE', #3456 ) ;
#3807 = CARTESIAN_POINT ( 'NONE',  ( 2.550000000000181900, 0.8750000000000000000, 0.1000000000000000100 ) ) ;
#3806 = CARTESIAN_POINT ( 'NONE',  ( 2.449999999999818100, 0.1000000000001364100, 0.1000000000000000100 ) ) ;
#3808 = DIRECTION ( 'NONE',  ( 1.000000000000000000, 0.0000000000000000000, 0.0000000000000000000 ) ) ;
#3809 = PLANE ( 'NONE',  #4915 ) ;
#3810 = DIRECTION ( 'NONE',  ( 1.000000000000000000, 0.0000000000000000000, 0.0000000000000000000 ) ) ;
#3811 = PLANE ( 'NONE',  #1869 ) ;
#3812 = EDGE_LOOP ( 'NONE', ( #875, #1345, #370, #886 ) ) ;
#3813 = DIRECTION ( 'NONE',  ( -0.0000000000000000000, -0.0000000000000000000, 1.000000000000000000 ) ) ;
#3814 = ORIENTED_EDGE ( 'NONE', *, *, #1772, .T. ) ;
#3815 = VERTEX_POINT ( 'NONE', #1354 ) ;
#3816 = EDGE_CURVE ( 'NONE', #102, #3314, #4401, .T. ) ;
#3817 = VERTEX_POINT ( 'NONE', #931 ) ;
#3819 = LINE ( 'NONE', #1477, #2554 ) ;
#3818 = AXIS2_PLACEMENT_3D ( 'NONE', #3954, #4373, #1843 ) ;
#3820 = ORIENTED_EDGE ( 'NONE', *, *, #49, .F. ) ;
#3821 = ORIENTED_EDGE ( 'NONE', *, *, #1503, .F. ) ;
#3822 = DIRECTION ( 'NONE',  ( 0.0000000000000000000, 0.0000000000000000000, 1.000000000000000000 ) ) ;
#3823 = EDGE_CURVE ( 'NONE', #4135, #208, #3289, .T. ) ;
#3824 = AXIS2_PLACEMENT_3D ( 'NONE', #5304, #3198, #663 ) ;
#3826 = CARTESIAN_POINT ( 'NONE',  ( -0.2500000000000000000, 0.2000000000002728500, 0.0000000000000000000 ) ) ;
#3825 = FILL_AREA_STYLE ('',( #4659 ) ) ;
#3827 = SURFACE_SIDE_STYLE ('',( #723 ) ) ;
#3828 =( LENGTH_UNIT ( ) NAMED_UNIT ( * ) SI_UNIT ( .MILLI., .METRE. ) );
#3829 = DIRECTION ( 'NONE',  ( -0.9230769230746639400, 0.3846153846208068000, 0.0000000000000000000 ) ) ;
#3830 = DIRECTION ( 'NONE',  ( 1.000000000000000000, 0.0000000000000000000, 0.0000000000000000000 ) ) ;
#3831 = DIRECTION ( 'NONE',  ( -1.000000000000000000, 0.0000000000000000000, 0.0000000000000000000 ) ) ;
#3832 = CYLINDRICAL_SURFACE ( 'NONE', #2633, 0.09999999999945426200 ) ;
#3833 = EDGE_CURVE ( 'NONE', #18, #69, #3306, .T. ) ;
#3834 = CIRCLE ( 'NONE', #4322, 0.09999999999945447000 ) ;
#3835 = ORIENTED_EDGE ( 'NONE', *, *, #5271, .F. ) ;
#3836 = FACE_OUTER_BOUND ( 'NONE', #215, .T. ) ;
#3837 = VECTOR ( 'NONE', #974, 1000.000000000000000 ) ;
#3838 = VECTOR ( 'NONE', #2864, 1000.000000000000000 ) ;
#3839 = LINE ( 'NONE', #4891, #317 ) ;
#3840 = AXIS2_PLACEMENT_3D ( 'NONE', #788, #3750, #1192 ) ;
#3841 = DIRECTION ( 'NONE',  ( 0.0000000000000000000, 0.0000000000000000000, -1.000000000000000000 ) ) ;
#3842 = CARTESIAN_POINT ( 'NONE',  ( 1.008333333333212100, 0.0000000000000000000, 0.1000000000000000100 ) ) ;
#3843 = FACE_OUTER_BOUND ( 'NONE', #1182, .T. ) ;
#3844 = FACE_OUTER_BOUND ( 'NONE', #4372, .T. ) ;
#3846 = CARTESIAN_POINT ( 'NONE',  ( 1.724999999999909100, 1.400000000000090900, 0.1000000000000000100 ) ) ;
#3845 = DIRECTION ( 'NONE',  ( 0.08682659386416476100, -0.08682659386424843000, -0.9924325091389744100 ) ) ;
#3847 = SURFACE_STYLE_USAGE ( .BOTH. , #882 ) ;
#3848 = CARTESIAN_POINT ( 'NONE',  ( 2.450000000000045500, 1.200000000000045700, 0.1000000000000000100 ) ) ;
#3849 = LINE ( 'NONE', #3353, #727 ) ;
#3850 = DIRECTION ( 'NONE',  ( 0.0000000000000000000, -1.000000000000000000, 0.0000000000000000000 ) ) ;
#3851 = CYLINDRICAL_SURFACE ( 'NONE', #878, 0.09999999999991331100 ) ;
#3852 = AXIS2_PLACEMENT_3D ( 'NONE', #2660, #3501, #977 ) ;
#3853 = ORIENTED_EDGE ( 'NONE', *, *, #2811, .F. ) ;
#3854 = EDGE_CURVE ( 'NONE', #3130, #3863, #5424, .T. ) ;
#3855 = ORIENTED_EDGE ( 'NONE', *, *, #1403, .F. ) ;
#3856 = EDGE_CURVE ( 'NONE', #1964, #4053, #1053, .T. ) ;
#3857 = DIRECTION ( 'NONE',  ( -1.000000000000000000, 0.0000000000000000000, 0.0000000000000000000 ) ) ;
#3858 = AXIS2_PLACEMENT_3D ( 'NONE', #4250, #2540, #1270 ) ;
#3859 = ORIENTED_EDGE ( 'NONE', *, *, #4817, .F. ) ;
#3860 = ORIENTED_EDGE ( 'NONE', *, *, #5108, .F. ) ;
#3861 = ORIENTED_EDGE ( 'NONE', *, *, #2606, .T. ) ;
#3862 = CARTESIAN_POINT ( 'NONE',  ( 0.3499999999999090500, 1.400000000000090900, 0.1000000000000000100 ) ) ;
#3863 = VERTEX_POINT ( 'NONE', #2656 ) ;
#3864 = EDGE_CURVE ( 'NONE', #4988, #1906, #5294, .T. ) ;
#3865 = DIRECTION ( 'NONE',  ( 1.000000000000000000, 0.0000000000000000000, 0.0000000000000000000 ) ) ;
#3866 = DIRECTION ( 'NONE',  ( -0.0000000000000000000, -0.0000000000000000000, -1.000000000000000000 ) ) ;
#3867 = VERTEX_POINT ( 'NONE', #3077 ) ;
#3868 = CARTESIAN_POINT ( 'NONE',  ( 1.249999999999998700, 0.2999999999999530800, 0.0000000000000000000 ) ) ;
#3869 = ORIENTED_EDGE ( 'NONE', *, *, #992, .T. ) ;
#3870 = CARTESIAN_POINT ( 'NONE',  ( 3.000000000000000000, 0.6249999999995451400, 0.0000000000000000000 ) ) ;
#3871 = PRODUCT_DEFINITION_CONTEXT ( 'detailed design', #74, 'design' ) ;
#3872 = DIRECTION ( 'NONE',  ( 0.08682659386433073900, 0.08682659386425487000, -0.9924325091389592000 ) ) ;
#3873 = CARTESIAN_POINT ( 'NONE',  ( 0.2500000000001165200, 1.108393433459087300E-013, 0.1000000000000000100 ) ) ;
#3874 = ORIENTED_EDGE ( 'NONE', *, *, #4889, .T. ) ;
#3875 = ORIENTED_EDGE ( 'NONE', *, *, #4065, .T. ) ;
#3876 = AXIS2_PLACEMENT_3D ( 'NONE', #3489, #3935, #1391 ) ;
#3877 = CARTESIAN_POINT ( 'NONE',  ( 0.6000000000000256200, 1.108257908187526600E-013, 0.0000000000000000000 ) ) ;
#3878 = ORIENTED_EDGE ( 'NONE', *, *, #2546, .T. ) ;
#3879 = CARTESIAN_POINT ( 'NONE',  ( 0.1500000000005457000, 0.3000000000001819000, 0.0000000000000000000 ) ) ;
#3880 = ORIENTED_EDGE ( 'NONE', *, *, #3480, .F. ) ;
#3881 = VERTEX_POINT ( 'NONE', #972 ) ;
#3882 = VERTEX_POINT ( 'NONE', #1807 ) ;
#3883 = DIRECTION ( 'NONE',  ( 0.08682659386424777800, 0.08682659386424779200, 0.9924325091389669700 ) ) ;
#3884 = CARTESIAN_POINT ( 'NONE',  ( -0.04999999999972715200, 0.2000000000000455000, -0.1000000000000000100 ) ) ;
#3885 = CARTESIAN_POINT ( 'NONE',  ( 2.800000000000181900, 1.100000000000136400, -0.1000000000000000100 ) ) ;
#3886 = VERTEX_POINT ( 'NONE', #1395 ) ;
#3887 = CARTESIAN_POINT ( 'NONE',  ( 1.824999999999818100, 0.1000000000001364200, 0.0000000000000000000 ) ) ;
#3888 = VERTEX_POINT ( 'NONE', #4362 ) ;
#3889 = CARTESIAN_POINT ( 'NONE',  ( 1.825000000000273100, 6.821190205556770800E-013, 0.1000000000000000100 ) ) ;
#3890 = CARTESIAN_POINT ( 'NONE',  ( 0.6583333333333030200, 0.0000000000000000000, 0.1000000000000000100 ) ) ;
#3891 = UNCERTAINTY_MEASURE_WITH_UNIT (LENGTH_MEASURE( 1.000000000000000100E-005 ), #4526, 'distance_accuracy_value', 'NONE');
#3892 = EDGE_CURVE ( 'NONE', #3881, #3591, #796, .T. ) ;
#3893 = DIRECTION ( 'NONE',  ( -0.0000000000000000000, -0.0000000000000000000, -1.000000000000000000 ) ) ;
#3894 = VECTOR ( 'NONE', #2127, 1000.000000000000000 ) ;
#3895 = VERTEX_POINT ( 'NONE', #3940 ) ;
#3896 = EDGE_CURVE ( 'NONE', #3867, #5072, #3179, .T. ) ;
#3897 = VERTEX_POINT ( 'NONE', #2671 ) ;
#3898 = DIRECTION ( 'NONE',  ( -1.000000000000000000, 0.0000000000000000000, 0.0000000000000000000 ) ) ;
#3899 = AXIS2_PLACEMENT_3D ( 'NONE', #3920, #1370, #4343 ) ;
#3900 = EDGE_CURVE ( 'NONE', #2556, #4513, #1934, .T. ) ;
#3901 = CYLINDRICAL_SURFACE ( 'NONE', #3648, 0.2000000000000002100 ) ;
#3902 = VECTOR ( 'NONE', #3211, 1000.000000000000000 ) ;
#3903 = APPLICATION_PROTOCOL_DEFINITION ( 'draft international standard', 'automotive_design', 1998, #932 ) ;
#3904 = DIRECTION ( 'NONE',  ( -1.000000000000000000, 0.0000000000000000000, 0.0000000000000000000 ) ) ;
#3905 = DIRECTION ( 'NONE',  ( 0.0000000000000000000, 0.08715574274765836000, 0.9961946980917455500 ) ) ;
#3906 = CIRCLE ( 'NONE', #2421, 0.09999999999990907800 ) ;
#3907 = LINE ( 'NONE', #5100, #1652 ) ;
#3908 = CYLINDRICAL_SURFACE ( 'NONE', #3415, 0.09999999999990767700 ) ;
#3909 = LINE ( 'NONE', #2961, #525 ) ;
#3910 = AXIS2_PLACEMENT_3D ( 'NONE', #2092, #2932, #400 ) ;
#3911 = DIRECTION ( 'NONE',  ( -5.684268702434480800E-013, 1.000000000000000000, -0.0000000000000000000 ) ) ;
#3912 = LINE ( 'NONE', #4164, #2772 ) ;
#3913 = CIRCLE ( 'NONE', #1979, 0.1000000000001363300 ) ;
#3914 = DIRECTION ( 'NONE',  ( 0.0000000000000000000, -1.000000000000000000, 0.0000000000000000000 ) ) ;
#3915 = LINE ( 'NONE', #3969, #4776 ) ;
#3916 = AXIS2_PLACEMENT_3D ( 'NONE', #2235, #2663, #114 ) ;
#3917 =( NAMED_UNIT ( * ) SI_UNIT ( $, .STERADIAN. ) SOLID_ANGLE_UNIT ( ) );
#3918 = LINE ( 'NONE', #1240, #2777 ) ;
#3919 = LINE ( 'NONE', #2467, #536 ) ;
#3920 = CARTESIAN_POINT ( 'NONE',  ( 0.3000000000002984200, 0.3000000000000710400, -0.1000000000000000100 ) ) ;
#3921 = EDGE_CURVE ( 'NONE', #971, #428, #929, .T. ) ;
#3922 = PLANE ( 'NONE',  #5363 ) ;
#3923 = DIRECTION ( 'NONE',  ( -1.000000000000000000, -3.209939973140663100E-013, 0.0000000000000000000 ) ) ;
#3924 = VERTEX_POINT ( 'NONE', #3513 ) ;
#3925 = DIRECTION ( 'NONE',  ( 5.685285141969571400E-013, 1.000000000000000000, 0.0000000000000000000 ) ) ;
#3926 = ORIENTED_EDGE ( 'NONE', *, *, #838, .T. ) ;
#3927 = FILL_AREA_STYLE ('',( #99 ) ) ;
#3928 = CARTESIAN_POINT ( 'NONE',  ( 0.4499999999998181000, 1.180000000000063700, 0.0000000000000000000 ) ) ;
#3929 = DIRECTION ( 'NONE',  ( 1.000000000000000000, -0.0000000000000000000, -0.0000000000000000000 ) ) ;
#3930 = PLANE ( 'NONE',  #2962 ) ;
#3931 = EDGE_LOOP ( 'NONE', ( #4208, #2074, #3593, #2755 ) ) ;
#3932 = VERTEX_POINT ( 'NONE', #4378 ) ;
#3933 = VERTEX_POINT ( 'NONE', #4222 ) ;
#3934 = EDGE_CURVE ( 'NONE', #220, #2683, #3918, .T. ) ;
#3935 = DIRECTION ( 'NONE',  ( 0.0000000000000000000, -1.000000000000000000, 0.0000000000000000000 ) ) ;
#3936 = ORIENTED_EDGE ( 'NONE', *, *, #3864, .F. ) ;
#3937 = AXIS2_PLACEMENT_3D ( 'NONE', #4384, #1853, #4815 ) ;
#3938 = ORIENTED_EDGE ( 'NONE', *, *, #2501, .F. ) ;
#3939 = ORIENTED_EDGE ( 'NONE', *, *, #2576, .F. ) ;
#3940 = CARTESIAN_POINT ( 'NONE',  ( 0.3000000000001819000, 1.200000000000045500, -0.1000000000000000100 ) ) ;
#3941 = EDGE_CURVE ( 'NONE', #4535, #4521, #666, .T. ) ;
#3942 = CARTESIAN_POINT ( 'NONE',  ( 1.825000000000273100, 6.821190205556770800E-013, 0.0000000000000000000 ) ) ;
#3943 = DIRECTION ( 'NONE',  ( -1.000000000000000000, 0.0000000000000000000, 0.0000000000000000000 ) ) ;
#3944 = CARTESIAN_POINT ( 'NONE',  ( 3.000000000000000000, 1.400000000000090900, 0.4200000000000000400 ) ) ;
#3945 = VECTOR ( 'NONE', #2417, 1000.000000000000000 ) ;
#3946 = CARTESIAN_POINT ( 'NONE',  ( 2.349999999999909100, 0.3000000000001819000, -0.1000000000000000100 ) ) ;
#3947 = CARTESIAN_POINT ( 'NONE',  ( 2.800000000000181900, 1.100000000000136400, 0.0000000000000000000 ) ) ;
#3948 = ORIENTED_EDGE ( 'NONE', *, *, #3252, .T. ) ;
#3949 = CARTESIAN_POINT ( 'NONE',  ( 2.771999999999934500, 0.4272389396183968200, 0.0000000000000000000 ) ) ;
#3950 = EDGE_LOOP ( 'NONE', ( #3653, #1077, #2202, #3721 ) ) ;
#3951 = AXIS2_PLACEMENT_3D ( 'NONE', #4050, #1509, #4476 ) ;
#3952 = EDGE_LOOP ( 'NONE', ( #2463, #3200, #3612, #2783 ) ) ;
#3953 = ORIENTED_EDGE ( 'NONE', *, *, #4422, .F. ) ;
#3954 = CARTESIAN_POINT ( 'NONE',  ( 0.0000000000000000000, 0.0000000000000000000, 0.1000000000000000100 ) ) ;
#3955 = ORIENTED_EDGE ( 'NONE', *, *, #3429, .F. ) ;
#3956 = ORIENTED_EDGE ( 'NONE', *, *, #1206, .T. ) ;
#3957 = VECTOR ( 'NONE', #3759, 1000.000000000000000 ) ;
#3958 = VERTEX_POINT ( 'NONE', #424 ) ;
#3959 = ORIENTED_EDGE ( 'NONE', *, *, #5020, .F. ) ;
#3960 = UNCERTAINTY_MEASURE_WITH_UNIT (LENGTH_MEASURE( 1.000000000000000100E-005 ), #5163, 'distance_accuracy_value', 'NONE');
#3961 = DIRECTION ( 'NONE',  ( -0.0000000000000000000, -0.0000000000000000000, -1.000000000000000000 ) ) ;
#3962 = DIRECTION ( 'NONE',  ( 0.0000000000000000000, 0.0000000000000000000, -1.000000000000000000 ) ) ;
#3963 = DIRECTION ( 'NONE',  ( -0.0000000000000000000, 0.0000000000000000000, -1.000000000000000000 ) ) ;
#3964 = CARTESIAN_POINT ( 'NONE',  ( 0.3992425672903017200, 0.2000036276715576600, 0.4200000000000000400 ) ) ;
#3965 = DIRECTION ( 'NONE',  ( 0.0000000000000000000, -0.0000000000000000000, -1.000000000000000000 ) ) ;
#3966 = CARTESIAN_POINT ( 'NONE',  ( -0.09999999999990903700, 0.1000000000001364400, 0.0000000000000000000 ) ) ;
#3967 = CARTESIAN_POINT ( 'NONE',  ( 0.2500000000001165200, 1.108393433459087300E-013, 0.0000000000000000000 ) ) ;
#3968 = EDGE_CURVE ( 'NONE', #2220, #5329, #4045, .T. ) ;
#3969 = CARTESIAN_POINT ( 'NONE',  ( 0.7666666666668788800, 0.09999999999990905100, 0.1000000000000000100 ) ) ;
#3970 = CARTESIAN_POINT ( 'NONE',  ( 0.3103446128758102200, 1.171999999999570500, 0.0000000000000000000 ) ) ;
#3971 = EDGE_CURVE ( 'NONE', #3657, #2328, #1663, .T. ) ;
#3972 = LINE ( 'NONE', #1237, #2824 ) ;
#3973 = CARTESIAN_POINT ( 'NONE',  ( 0.0000000000000000000, 0.0000000000000000000, 0.0000000000000000000 ) ) ;
#3974 = PRESENTATION_STYLE_ASSIGNMENT (( #4435 ) ) ;
#3975 = VECTOR ( 'NONE', #3831, 1000.000000000000000 ) ;
#3976 = ORIENTED_EDGE ( 'NONE', *, *, #2159, .T. ) ;
#3977 = LINE ( 'NONE', #1057, #313 ) ;
#3978 = EDGE_CURVE ( 'NONE', #1554, #5409, #5042, .T. ) ;
#3979 = FACE_OUTER_BOUND ( 'NONE', #2485, .T. ) ;
#3980 = FACE_OUTER_BOUND ( 'NONE', #1693, .T. ) ;
#3981 = VECTOR ( 'NONE', #1842, 1000.000000000000000 ) ;
#3982 = ADVANCED_FACE ( 'NONE', ( #4911 ), #5088, .F. ) ;
#3983 = CARTESIAN_POINT ( 'NONE',  ( 2.174999999999727600, 1.400000000000090900, 0.1000000000000000100 ) ) ;
#3984 = CARTESIAN_POINT ( 'NONE',  ( 1.825000000000272800, 2.273233142523201100E-013, 0.1000000000000000100 ) ) ;
#3985 = LINE ( 'NONE', #957, #1726 ) ;
#3986 = AXIS2_PLACEMENT_3D ( 'NONE', #3485, #122, #3091 ) ;
#3987 = CARTESIAN_POINT ( 'NONE',  ( 2.771999999999934500, 1.199996372327866600, 0.3200000000000000100 ) ) ;
#3988 = FACE_OUTER_BOUND ( 'NONE', #4524, .T. ) ;
#3989 = LINE ( 'NONE', #5361, #1595 ) ;
#3990 = DIRECTION ( 'NONE',  ( -0.0000000000000000000, -0.0000000000000000000, -1.000000000000000000 ) ) ;
#3991 = DIRECTION ( 'NONE',  ( 1.000000000000000000, 0.0000000000000000000, 0.0000000000000000000 ) ) ;
#3992 = VERTEX_POINT ( 'NONE', #2975 ) ;
#3993 = AXIS2_PLACEMENT_3D ( 'NONE', #4603, #378, #3339 ) ;
#3994 = VERTEX_POINT ( 'NONE', #1719 ) ;
#3995 = EDGE_CURVE ( 'NONE', #3716, #1630, #1522, .T. ) ;
#3996 = ORIENTED_EDGE ( 'NONE', *, *, #4712, .F. ) ;
#3997 = CARTESIAN_POINT ( 'NONE',  ( 1.250000000000000000, 1.200000000000045500, -0.1000000000000000100 ) ) ;
#3998 = ORIENTED_EDGE ( 'NONE', *, *, #1415, .T. ) ;
#3999 = CARTESIAN_POINT ( 'NONE',  ( 3.000000000000000000, 0.7750000000005458100, 0.0000000000000000000 ) ) ;
#4000 = CARTESIAN_POINT ( 'NONE',  ( -0.1499999999999772300, 0.2000000000001591600, 0.1000000000000000100 ) ) ;
#4001 = DIRECTION ( 'NONE',  ( -0.0000000000000000000, -0.0000000000000000000, -1.000000000000000000 ) ) ;
#4002 = ORIENTED_EDGE ( 'NONE', *, *, #2385, .F. ) ;
#4003 = CARTESIAN_POINT ( 'NONE',  ( 0.4499999999998181000, 0.3000000000001819000, 0.1000000000000000100 ) ) ;
#4004 = ORIENTED_EDGE ( 'NONE', *, *, #1536, .T. ) ;
#4005 = AXIS2_PLACEMENT_3D ( 'NONE', #3302, #1458, #4145 ) ;
#4006 = ORIENTED_EDGE ( 'NONE', *, *, #5171, .F. ) ;
#4007 = VERTEX_POINT ( 'NONE', #4683 ) ;
#4008 = ORIENTED_EDGE ( 'NONE', *, *, #3816, .F. ) ;
#4009 = ADVANCED_FACE ( 'NONE', ( #401 ), #1392, .F. ) ;
#4010 = EDGE_CURVE ( 'NONE', #1478, #828, #2651, .T. ) ;
#4011 = ORIENTED_EDGE ( 'NONE', *, *, #5133, .T. ) ;
#4012 = AXIS2_PLACEMENT_3D ( 'NONE', #360, #2491, #5450 ) ;
#4013 = ORIENTED_EDGE ( 'NONE', *, *, #3711, .T. ) ;
#4014 = EDGE_CURVE ( 'NONE', #420, #3197, #2518, .T. ) ;
#4015 = CARTESIAN_POINT ( 'NONE',  ( 0.1500000000000909500, 1.099999999999909100, -0.1000000000000000100 ) ) ;
#4016 = CARTESIAN_POINT ( 'NONE',  ( 2.074999999999818100, 1.400000000000090900, 0.0000000000000000000 ) ) ;
#4017 = ORIENTED_EDGE ( 'NONE', *, *, #3971, .F. ) ;
#4018 = FILL_AREA_STYLE ('',( #3582 ) ) ;
#4019 = DIRECTION ( 'NONE',  ( 1.000000000000000000, -0.0000000000000000000, -0.0000000000000000000 ) ) ;
#4020 = CARTESIAN_POINT ( 'NONE',  ( 2.550000000000181900, 0.5250000000000909500, 0.1000000000000000100 ) ) ;
#4021 = VERTEX_POINT ( 'NONE', #1299 ) ;
#4022 = EDGE_LOOP ( 'NONE', ( #4931, #5325, #4510, #822 ) ) ;
#4023 = ORIENTED_EDGE ( 'NONE', *, *, #2046, .T. ) ;
#4024 = ORIENTED_EDGE ( 'NONE', *, *, #2253, .T. ) ;
#4025 = AXIS2_PLACEMENT_3D ( 'NONE', #2119, #5075, #2532 ) ;
#4026 = SURFACE_STYLE_USAGE ( .BOTH. , #1044 ) ;
#4027 = VECTOR ( 'NONE', #5062, 1000.000000000000000 ) ;
#4028 = DIRECTION ( 'NONE',  ( -0.0000000000000000000, -0.0000000000000000000, -1.000000000000000000 ) ) ;
#4029 = ADVANCED_FACE ( 'NONE', ( #260 ), #2378, .F. ) ;
#4030 = ADVANCED_FACE ( 'NONE', ( #3780 ), #127, .F. ) ;
#4031 = CARTESIAN_POINT ( 'NONE',  ( 3.000000000000000000, 0.0000000000000000000, 0.0000000000000000000 ) ) ;
#4032 = DIRECTION ( 'NONE',  ( 1.000000000000000000, 8.938062131467536700E-014, 0.0000000000000000000 ) ) ;
#4033 = CARTESIAN_POINT ( 'NONE',  ( 2.900000000000090900, 0.5250000000000909500, 0.1000000000000000100 ) ) ;
#4034 = EDGE_CURVE ( 'NONE', #3213, #3933, #1247, .T. ) ;
#4035 = LINE ( 'NONE', #3009, #783 ) ;
#4036 = CIRCLE ( 'NONE', #3572, 0.1000000000003638700 ) ;
#4037 = FACE_OUTER_BOUND ( 'NONE', #4412, .T. ) ;
#4038 = DIRECTION ( 'NONE',  ( -0.0000000000000000000, -0.0000000000000000000, 1.000000000000000000 ) ) ;
#4039 = AXIS2_PLACEMENT_3D ( 'NONE', #5131, #2586, #42 ) ;
#4040 = LINE ( 'NONE', #5316, #1787 ) ;
#4041 = PLANE ( 'NONE',  #3762 ) ;
#4042 = EDGE_CURVE ( 'NONE', #2601, #93, #4780, .T. ) ;
#4043 = CYLINDRICAL_SURFACE ( 'NONE', #4652, 0.1000000000003638800 ) ;
#4044 = LINE ( 'NONE', #5052, #2913 ) ;
#4045 = LINE ( 'NONE', #5071, #534 ) ;
#4046 = CARTESIAN_POINT ( 'NONE',  ( 0.2499999999999999400, 1.300000000000181900, 0.0000000000000000000 ) ) ;
#4047 = CARTESIAN_POINT ( 'NONE',  ( -1.355252715606880500E-017, 0.8750000000000000000, 0.1000000000000000100 ) ) ;
#4048 = VECTOR ( 'NONE', #2845, 1000.000000000000000 ) ;
#4049 = AXIS2_PLACEMENT_3D ( 'NONE', #330, #3287, #763 ) ;
#4050 = CARTESIAN_POINT ( 'NONE',  ( 1.116666666666626300, -1.315950386854281000E-014, 0.0000000000000000000 ) ) ;
#4051 = ORIENTED_EDGE ( 'NONE', *, *, #1104, .F. ) ;
#4052 = CARTESIAN_POINT ( 'NONE',  ( 2.771999999999934500, 0.9727610603812215700, 0.0000000000000000000 ) ) ;
#4053 = VERTEX_POINT ( 'NONE', #3885 ) ;
#4054 = ADVANCED_FACE ( 'NONE', ( #2252 ), #1775, .T. ) ;
#4055 = ORIENTED_EDGE ( 'NONE', *, *, #761, .F. ) ;
#4056 = ADVANCED_FACE ( 'NONE', ( #4114, #3502 ), #4759, .T. ) ;
#4057 = DIRECTION ( 'NONE',  ( -0.0000000000000000000, -0.0000000000000000000, -1.000000000000000000 ) ) ;
#4058 = ORIENTED_EDGE ( 'NONE', *, *, #1179, .T. ) ;
#4059 = ORIENTED_EDGE ( 'NONE', *, *, #291, .F. ) ;
#4060 = ORIENTED_EDGE ( 'NONE', *, *, #230, .F. ) ;
#4061 = EDGE_CURVE ( 'NONE', #1748, #2031, #2983, .T. ) ;
#4062 = ORIENTED_EDGE ( 'NONE', *, *, #4464, .F. ) ;
#4063 = ORIENTED_EDGE ( 'NONE', *, *, #5141, .F. ) ;
#4064 = CARTESIAN_POINT ( 'NONE',  ( 2.689655387124997100, 1.171999999999570700, 0.1000000000000000300 ) ) ;
#4065 = EDGE_CURVE ( 'NONE', #2293, #765, #5105, .T. ) ;
#4066 = ORIENTED_EDGE ( 'NONE', *, *, #3978, .F. ) ;
#4067 = DIRECTION ( 'NONE',  ( 2.841964944626982300E-013, -1.000000000000000000, -0.0000000000000000000 ) ) ;
#4068 = AXIS2_PLACEMENT_3D ( 'NONE', #1374, #4345, #1811 ) ;
#4069 = CARTESIAN_POINT ( 'NONE',  ( 0.6000000000003638000, 0.2999999999999545300, -0.1000000000000000100 ) ) ;
#4070 = VECTOR ( 'NONE', #2381, 1000.000000000000000 ) ;
#4071 =( LENGTH_UNIT ( ) NAMED_UNIT ( * ) SI_UNIT ( .MILLI., .METRE. ) );
#4072 = ORIENTED_EDGE ( 'NONE', *, *, #167, .F. ) ;
#4073 = CARTESIAN_POINT ( 'NONE',  ( 0.8000000000000596600, 1.100000000000031400, 0.1000000000000000100 ) ) ;
#4074 = EDGE_CURVE ( 'NONE', #2661, #2880, #3985, .T. ) ;
#4075 = ORIENTED_EDGE ( 'NONE', *, *, #908, .T. ) ;
#4076 = EDGE_LOOP ( 'NONE', ( #3757, #2728, #5315, #2392, #1539, #3474, #206, #2794, #1708, #1749, #1325, #1012, #623, #47, #760, #32, #4389, #2397, #3820, #4452, #1540, #1560, #1611, #67 ) ) ;
#4077 = SHAPE_REPRESENTATION ( '3020胶体', ( #4565 ), #2190 ) ;
#4078 = PRODUCT_RELATED_PRODUCT_CATEGORY ( 'part', '', ( #2587 ) ) ;
#4079 = ORIENTED_EDGE ( 'NONE', *, *, #4643, .T. ) ;
#4080 = ORIENTED_EDGE ( 'NONE', *, *, #4484, .F. ) ;
#4081 = ORIENTED_EDGE ( 'NONE', *, *, #2789, .T. ) ;
#4082 = ADVANCED_FACE ( 'NONE', ( #597 ), #2712, .F. ) ;
#4083 = AXIS2_PLACEMENT_3D ( 'NONE', #3087, #551, #3504 ) ;
#4084 = ADVANCED_FACE ( 'NONE', ( #2836 ), #3081, .F. ) ;
#4085 = DIRECTION ( 'NONE',  ( -0.0000000000000000000, 1.000000000000000000, -0.0000000000000000000 ) ) ;
#4086 = VECTOR ( 'NONE', #2497, 1000.000000000000000 ) ;
#4087 = DIRECTION ( 'NONE',  ( -0.0000000000000000000, -0.0000000000000000000, 1.000000000000000000 ) ) ;
#4088 = VERTEX_POINT ( 'NONE', #2659 ) ;
#4089 = DIRECTION ( 'NONE',  ( -1.000000000000000000, 0.0000000000000000000, 0.0000000000000000000 ) ) ;
#4090 = DIRECTION ( 'NONE',  ( -1.000000000000000000, 0.0000000000000000000, 0.0000000000000000000 ) ) ;
#4091 = DIRECTION ( 'NONE',  ( -0.0000000000000000000, -0.0000000000000000000, -1.000000000000000000 ) ) ;
#4092 = CARTESIAN_POINT ( 'NONE',  ( 0.2500000000000000000, 0.1000000000001364200, 0.1000000000000000100 ) ) ;
#4093 = CARTESIAN_POINT ( 'NONE',  ( 1.250000000000000000, 1.200000000000045500, 0.0000000000000000000 ) ) ;
#4094 = FACE_OUTER_BOUND ( 'NONE', #2210, .T. ) ;
#4095 = EDGE_CURVE ( 'NONE', #488, #4268, #4970, .T. ) ;
#4096 = CYLINDRICAL_SURFACE ( 'NONE', #980, 0.09999999999991331100 ) ;
#4097 = FACE_BOUND ( 'NONE', #1613, .T. ) ;
#4098 = FACE_OUTER_BOUND ( 'NONE', #1760, .T. ) ;
#4099 = EDGE_LOOP ( 'NONE', ( #1959, #535, #2460, #504 ) ) ;
#4100 = CYLINDRICAL_SURFACE ( 'NONE', #4768, 0.09999999999990896700 ) ;
#4101 = DIRECTION ( 'NONE',  ( 1.000000000000000000, 0.0000000000000000000, 0.0000000000000000000 ) ) ;
#4102 = EDGE_LOOP ( 'NONE', ( #3800, #4209, #3379, #5202 ) ) ;
#4103 = AXIS2_PLACEMENT_3D ( 'NONE', #3553, #1016, #3991 ) ;
#4104 = CARTESIAN_POINT ( 'NONE',  ( 2.075000000000727600, 0.0000000000000000000, 0.1000000000000000100 ) ) ;
#4105 = LINE ( 'NONE', #1336, #1989 ) ;
#4106 = CYLINDRICAL_SURFACE ( 'NONE', #4251, 0.2000000000000000100 ) ;
#4107 = CARTESIAN_POINT ( 'NONE',  ( 1.008333333333212100, 0.0000000000000000000, 0.0000000000000000000 ) ) ;
#4108 = SURFACE_SIDE_STYLE ('',( #2029 ) ) ;
#4109 = VECTOR ( 'NONE', #3929, 1000.000000000000000 ) ;
#4110 = CARTESIAN_POINT ( 'NONE',  ( 1.824999999999818100, 1.400000000000090900, 0.0000000000000000000 ) ) ;
#4111 = EDGE_CURVE ( 'NONE', #2093, #2858, #1590, .T. ) ;
#4112 = DIRECTION ( 'NONE',  ( 0.0000000000000000000, 0.0000000000000000000, 1.000000000000000000 ) ) ;
#4113 = DIRECTION ( 'NONE',  ( 0.0000000000000000000, 0.0000000000000000000, 1.000000000000000000 ) ) ;
#4114 = FACE_BOUND ( 'NONE', #3589, .T. ) ;
#4115 = ADVANCED_FACE ( 'NONE', ( #3844 ), #324, .F. ) ;
#4116 = FACE_BOUND ( 'NONE', #5115, .T. ) ;
#4117 = EDGE_CURVE ( 'NONE', #3994, #2387, #3703, .T. ) ;
#4118 = VERTEX_POINT ( 'NONE', #3519 ) ;
#4119 =( LENGTH_UNIT ( ) NAMED_UNIT ( * ) SI_UNIT ( .MILLI., .METRE. ) );
#4120 = ORIENTED_EDGE ( 'NONE', *, *, #2256, .F. ) ;
#4121 = CARTESIAN_POINT ( 'NONE',  ( -0.2500000000000000000, 0.2000000000002728800, 0.0000000000000000000 ) ) ;
#4122 = AXIS2_PLACEMENT_3D ( 'NONE', #254, #3217, #685 ) ;
#4123 = CARTESIAN_POINT ( 'NONE',  ( 1.725000000000818500, 0.0000000000000000000, 0.1000000000000000100 ) ) ;
#4124 = DIRECTION ( 'NONE',  ( -1.000000000000000000, 0.0000000000000000000, 0.0000000000000000000 ) ) ;
#4125 = VERTEX_POINT ( 'NONE', #3964 ) ;
#4126 = DIRECTION ( 'NONE',  ( 1.000000000000000000, 0.0000000000000000000, 0.0000000000000000000 ) ) ;
#4127 = ORIENTED_EDGE ( 'NONE', *, *, #3679, .F. ) ;
#4128 = CARTESIAN_POINT ( 'NONE',  ( 0.1500000000000909500, 0.0000000000000000000, 0.0000000000000000000 ) ) ;
#4129 = CARTESIAN_POINT ( 'NONE',  ( 0.2500000000000000000, 1.300000000000181900, 0.1000000000000000100 ) ) ;
#4130 = CARTESIAN_POINT ( 'NONE',  ( 0.2500000000004547500, 1.100000000000136400, -0.1000000000000000100 ) ) ;
#4131 = ORIENTED_EDGE ( 'NONE', *, *, #4355, .F. ) ;
#4132 = ORIENTED_EDGE ( 'NONE', *, *, #4677, .T. ) ;
#4133 = ORIENTED_EDGE ( 'NONE', *, *, #5278, .F. ) ;
#4134 = ORIENTED_EDGE ( 'NONE', *, *, #4429, .F. ) ;
#4135 = VERTEX_POINT ( 'NONE', #4813 ) ;
#4136 = ORIENTED_EDGE ( 'NONE', *, *, #2981, .T. ) ;
#4137 = EDGE_CURVE ( 'NONE', #3897, #5323, #4842, .T. ) ;
#4138 = ADVANCED_FACE ( 'NONE', ( #3574 ), #4564, .T. ) ;
#4139 = DIRECTION ( 'NONE',  ( -0.0000000000000000000, -0.0000000000000000000, -1.000000000000000000 ) ) ;
#4140 = EDGE_CURVE ( 'NONE', #1940, #3466, #191, .T. ) ;
#4141 = ORIENTED_EDGE ( 'NONE', *, *, #3029, .F. ) ;
#4142 = CARTESIAN_POINT ( 'NONE',  ( 0.5999999999999090500, 1.300000000000181900, 0.1000000000000000100 ) ) ;
#4143 = DIRECTION ( 'NONE',  ( -0.0000000000000000000, -0.0000000000000000000, 1.000000000000000000 ) ) ;
#4144 = PLANE ( 'NONE',  #2985 ) ;
#4146 = DIRECTION ( 'NONE',  ( -0.0000000000000000000, -0.0000000000000000000, -1.000000000000000000 ) ) ;
#4145 = DIRECTION ( 'NONE',  ( 0.0000000000000000000, 0.0000000000000000000, -1.000000000000000000 ) ) ;
#4147 = VERTEX_POINT ( 'NONE', #1439 ) ;
#4148 = CARTESIAN_POINT ( 'NONE',  ( 0.7999999999997271500, 0.2999999999999545300, -0.1000000000000000100 ) ) ;
#4149 = ORIENTED_EDGE ( 'NONE', *, *, #887, .F. ) ;
#4150 = DIRECTION ( 'NONE',  ( -1.000000000000000000, 0.0000000000000000000, 0.0000000000000000000 ) ) ;
#4151 = EDGE_LOOP ( 'NONE', ( #4136, #3563, #5387, #1432, #2533, #4927, #2494, #4724, #684, #1841, #1888, #1468, #1127, #5136, #4552, #891, #2414, #1263, #4798, #3384, #2739, #641, #1129, #1553, #5240, #4805, #118, #2808 ) ) ;
#4152 = EDGE_CURVE ( 'NONE', #3451, #2944, #1312, .T. ) ;
#4153 = PRESENTATION_STYLE_ASSIGNMENT (( #1562 ) ) ;
#4154 = ORIENTED_EDGE ( 'NONE', *, *, #2538, .F. ) ;
#4155 = ORIENTED_EDGE ( 'NONE', *, *, #5095, .F. ) ;
#4156 = CARTESIAN_POINT ( 'NONE',  ( 1.150000000000090900, 1.100000000000136400, 0.0000000000000000000 ) ) ;
#4157 = VECTOR ( 'NONE', #1229, 1000.000000000000000 ) ;
#4158 = AXIS2_PLACEMENT_3D ( 'NONE', #3313, #782, #3744 ) ;
#4159 = CARTESIAN_POINT ( 'NONE',  ( 1.150000000000090900, 0.2999999999999545300, 0.0000000000000000000 ) ) ;
#4160 = CARTESIAN_POINT ( 'NONE',  ( 0.2499999999999999400, 0.1000000000001364400, 0.1000000000000000100 ) ) ;
#4162 = DIRECTION ( 'NONE',  ( 0.9961946980917455500, -9.597692108297220200E-013, 0.08715574274765836000 ) ) ;
#4161 = DIRECTION ( 'NONE',  ( -1.000000000000000000, 0.0000000000000000000, 0.0000000000000000000 ) ) ;
#4163 = CARTESIAN_POINT ( 'NONE',  ( 0.9000000000001955300, 1.179999999999269600, 0.1000000000000000100 ) ) ;
#4164 = CARTESIAN_POINT ( 'NONE',  ( 0.5000000000000000000, 0.2000000000000455000, 0.0000000000000000000 ) ) ;
#4165 = CARTESIAN_POINT ( 'NONE',  ( 0.2499999999999705800, 1.400000000000120300, 0.1000000000000000100 ) ) ;
#4166 = LINE ( 'NONE', #296, #1918 ) ;
#4167 = ADVANCED_FACE ( 'NONE', ( #1461 ), #57, .T. ) ;
#4168 = CARTESIAN_POINT ( 'NONE',  ( 2.449999999999818100, 1.300000000000181900, 0.1000000000000000100 ) ) ;
#4169 = VECTOR ( 'NONE', #884, 1000.000000000000000 ) ;
#4170 = LINE ( 'NONE', #5061, #3033 ) ;
#4171 = VECTOR ( 'NONE', #1124, 1000.000000000000000 ) ;
#4172 = EDGE_CURVE ( 'NONE', #4088, #1900, #3431, .T. ) ;
#4173 = CARTESIAN_POINT ( 'NONE',  ( 0.6583333333333030200, 0.0000000000000000000, 0.0000000000000000000 ) ) ;
#4174 = EDGE_CURVE ( 'NONE', #4195, #2419, #1165, .T. ) ;
#4175 = LINE ( 'NONE', #4185, #2056 ) ;
#4176 = LINE ( 'NONE', #221, #793 ) ;
#4177 = AXIS2_PLACEMENT_3D ( 'NONE', #1294, #3845, #3386 ) ;
#4178 = LINE ( 'NONE', #3047, #1791 ) ;
#4179 = LINE ( 'NONE', #5036, #3043 ) ;
#4180 = CARTESIAN_POINT ( 'NONE',  ( -0.04999999999972715200, 0.2000000000000455000, 0.0000000000000000000 ) ) ;
#4181 = CARTESIAN_POINT ( 'NONE',  ( 0.1999999999998180700, 0.1000000000001364400, 0.0000000000000000000 ) ) ;
#4182 = VECTOR ( 'NONE', #542, 1000.000000000000000 ) ;
#4183 = DIRECTION ( 'NONE',  ( -0.0000000000000000000, -0.0000000000000000000, -1.000000000000000000 ) ) ;
#4184 = EDGE_CURVE ( 'NONE', #5467, #4589, #4437, .T. ) ;
#4185 = CARTESIAN_POINT ( 'NONE',  ( 1.824999999999818100, 0.1000000000001364200, 0.1000000000000000100 ) ) ;
#4186 = VECTOR ( 'NONE', #1583, 1000.000000000000100 ) ;
#4187 = DIRECTION ( 'NONE',  ( 0.0000000000000000000, 0.0000000000000000000, 1.000000000000000000 ) ) ;
#4188 = CARTESIAN_POINT ( 'NONE',  ( 0.5000000000000000000, 0.0000000000000000000, 0.0000000000000000000 ) ) ;
#4189 = VERTEX_POINT ( 'NONE', #2301 ) ;
#4190 = ORIENTED_EDGE ( 'NONE', *, *, #1972, .F. ) ;
#4191 = ORIENTED_EDGE ( 'NONE', *, *, #3177, .T. ) ;
#4192 = ORIENTED_EDGE ( 'NONE', *, *, #3717, .F. ) ;
#4193 = DIRECTION ( 'NONE',  ( -0.0000000000000000000, 0.0000000000000000000, -1.000000000000000000 ) ) ;
#4194 = CARTESIAN_POINT ( 'NONE',  ( 2.649999999999636200, 0.5250000000000908400, 0.0000000000000000000 ) ) ;
#4195 = VERTEX_POINT ( 'NONE', #2727 ) ;
#4196 = ORIENTED_EDGE ( 'NONE', *, *, #1762, .T. ) ;
#4197 = VERTEX_POINT ( 'NONE', #4016 ) ;
#4198 = VERTEX_POINT ( 'NONE', #4434 ) ;
#4199 = ORIENTED_EDGE ( 'NONE', *, *, #1217, .F. ) ;
#4201 = DIRECTION ( 'NONE',  ( -0.0000000000000000000, -0.0000000000000000000, -1.000000000000000000 ) ) ;
#4200 = CARTESIAN_POINT ( 'NONE',  ( 1.825000000000273100, 6.821190205556770800E-013, 0.1000000000000000100 ) ) ;
#4202 = DIRECTION ( 'NONE',  ( 0.0000000000000000000, 0.0000000000000000000, -1.000000000000000000 ) ) ;
#4203 = CARTESIAN_POINT ( 'NONE',  ( 0.0000000000000000000, 0.6250000000000000000, 0.1000000000000000100 ) ) ;
#4204 = DIRECTION ( 'NONE',  ( 1.000000000000000000, 0.0000000000000000000, 0.0000000000000000000 ) ) ;
#4205 = EDGE_LOOP ( 'NONE', ( #70, #1606, #768, #4191 ) ) ;
#4206 = EDGE_CURVE ( 'NONE', #3805, #2142, #5418, .T. ) ;
#4207 = CYLINDRICAL_SURFACE ( 'NONE', #4975, 0.09999999999990906400 ) ;
#4208 = ORIENTED_EDGE ( 'NONE', *, *, #4858, .T. ) ;
#4209 = ORIENTED_EDGE ( 'NONE', *, *, #3360, .F. ) ;
#4210 = ORIENTED_EDGE ( 'NONE', *, *, #3533, .T. ) ;
#4211 = VERTEX_POINT ( 'NONE', #3581 ) ;
#4212 = ORIENTED_EDGE ( 'NONE', *, *, #2062, .F. ) ;
#4213 = ORIENTED_EDGE ( 'NONE', *, *, #4247, .T. ) ;
#4214 = EDGE_CURVE ( 'NONE', #5270, #5003, #4709, .T. ) ;
#4215 = CARTESIAN_POINT ( 'NONE',  ( 2.700000000000157800, 0.3000000000000697100, 0.0000000000000000000 ) ) ;
#4216 = DIRECTION ( 'NONE',  ( -0.0000000000000000000, -0.0000000000000000000, -1.000000000000000000 ) ) ;
#4217 = AXIS2_PLACEMENT_3D ( 'NONE', #3946, #978, #3085 ) ;
#4219 = CARTESIAN_POINT ( 'NONE',  ( 0.2500000000004547500, 1.100000000000136400, -0.1000000000000000100 ) ) ;
#4218 = CARTESIAN_POINT ( 'NONE',  ( 0.9000000000001955300, 1.179999999999269600, 0.0000000000000000000 ) ) ;
#4220 = PLANE ( 'NONE',  #4344 ) ;
#4221 = LINE ( 'NONE', #1633, #2955 ) ;
#4222 = CARTESIAN_POINT ( 'NONE',  ( 2.799999999999727200, 0.1000000000001364200, 0.1000000000000000100 ) ) ;
#4223 = CARTESIAN_POINT ( 'NONE',  ( 0.8000000000001820100, 1.100000000000136400, 0.0000000000000000000 ) ) ;
#4224 = ORIENTED_EDGE ( 'NONE', *, *, #1033, .F. ) ;
#4225 = CARTESIAN_POINT ( 'NONE',  ( 0.0000000000000000000, 0.7750000000000909500, 0.1000000000000000100 ) ) ;
#4226 = EDGE_CURVE ( 'NONE', #4579, #2781, #3301, .T. ) ;
#4227 = CIRCLE ( 'NONE', #3586, 0.1000000000001364400 ) ;
#4228 = FACE_OUTER_BOUND ( 'NONE', #2747, .T. ) ;
#4229 = AXIS2_PLACEMENT_3D ( 'NONE', #246, #3210, #675 ) ;
#4230 = PLANE ( 'NONE',  #3282 ) ;
#4231 = DIRECTION ( 'NONE',  ( 1.000000000000000000, 0.0000000000000000000, 0.0000000000000000000 ) ) ;
#4232 = LINE ( 'NONE', #2729, #1852 ) ;
#4233 = VECTOR ( 'NONE', #1686, 1000.000000000000000 ) ;
#4234 = FACE_OUTER_BOUND ( 'NONE', #4748, .T. ) ;
#4235 = DIRECTION ( 'NONE',  ( -0.08682659386416473300, 0.08682659386424840300, 0.9924325091389741800 ) ) ;
#4236 = LINE ( 'NONE', #5201, #5479 ) ;
#4237 = CARTESIAN_POINT ( 'NONE',  ( 0.9423076923076223500, 0.1815384615383663900, 0.1000000000000000100 ) ) ;
#4238 = SURFACE_SIDE_STYLE ('',( #3645 ) ) ;
#4239 = DIRECTION ( 'NONE',  ( -1.000000000000000000, 1.568167590513652600E-013, 0.0000000000000000000 ) ) ;
#4240 = DIRECTION ( 'NONE',  ( 1.000000000000000000, 8.938062131467536700E-014, -0.0000000000000000000 ) ) ;
#4241 = CARTESIAN_POINT ( 'NONE',  ( 0.6000000000003638000, 0.2999999999999545300, 0.0000000000000000000 ) ) ;
#4242 = FACE_OUTER_BOUND ( 'NONE', #4102, .T. ) ;
#4243 = DIRECTION ( 'NONE',  ( -0.0000000000000000000, -0.0000000000000000000, 1.000000000000000000 ) ) ;
#4244 = SURFACE_STYLE_FILL_AREA ( #3590 ) ;
#4245 = CARTESIAN_POINT ( 'NONE',  ( 2.600757432709898800, 0.2000036276717544500, 0.3200000000000000100 ) ) ;
#4246 = LINE ( 'NONE', #1801, #1993 ) ;
#4247 = EDGE_CURVE ( 'NONE', #3886, #2281, #3173, .T. ) ;
#4248 = FACE_BOUND ( 'NONE', #4099, .T. ) ;
#4249 = EDGE_CURVE ( 'NONE', #4285, #3466, #1048, .T. ) ;
#4250 = CARTESIAN_POINT ( 'NONE',  ( -0.1500000000000952200, 1.200000000000277300, 0.1000000000000000100 ) ) ;
#4252 = CARTESIAN_POINT ( 'NONE',  ( 0.2264979660460655900, 0.9742630943361324500, 0.01716832666296050700 ) ) ;
#4251 = AXIS2_PLACEMENT_3D ( 'NONE', #3256, #2407, #4972 ) ;
#4253 = EDGE_LOOP ( 'NONE', ( #4475, #505, #1676, #3509 ) ) ;
#4255 = DIRECTION ( 'NONE',  ( -0.0000000000000000000, -0.0000000000000000000, -1.000000000000000000 ) ) ;
#4254 = CARTESIAN_POINT ( 'NONE',  ( 1.249999999999998700, 0.2999999999999530800, 0.0000000000000000000 ) ) ;
#4256 = EDGE_CURVE ( 'NONE', #2093, #1770, #4176, .T. ) ;
#4257 =( LENGTH_UNIT ( ) NAMED_UNIT ( * ) SI_UNIT ( .MILLI., .METRE. ) );
#4258 =( NAMED_UNIT ( * ) SI_UNIT ( $, .STERADIAN. ) SOLID_ANGLE_UNIT ( ) );
#4259 = VERTEX_POINT ( 'NONE', #1928 ) ;
#4260 = CARTESIAN_POINT ( 'NONE',  ( 0.4576923076924686000, 1.218461538461724600, 0.1000000000000000100 ) ) ;
#4261 = CARTESIAN_POINT ( 'NONE',  ( 0.7999999999997271500, 1.180000000000063700, 0.1000000000000000100 ) ) ;
#4262 = CARTESIAN_POINT ( 'NONE',  ( 2.800000000000181900, 1.100000000000136400, -0.1000000000000000100 ) ) ;
#4263 = VERTEX_POINT ( 'NONE', #3189 ) ;
#4264 = ORIENTED_EDGE ( 'NONE', *, *, #1767, .F. ) ;
#4265 = AXIS2_PLACEMENT_3D ( 'NONE', #3879, #1327, #4304 ) ;
#4266 = ORIENTED_EDGE ( 'NONE', *, *, #4455, .T. ) ;
#4267 = ORIENTED_EDGE ( 'NONE', *, *, #5152, .T. ) ;
#4268 = VERTEX_POINT ( 'NONE', #1035 ) ;
#4269 = ORIENTED_EDGE ( 'NONE', *, *, #2924, .T. ) ;
#4270 = PLANE ( 'NONE',  #1491 ) ;
#4271 = ORIENTED_EDGE ( 'NONE', *, *, #3540, .T. ) ;
#4273 = CARTESIAN_POINT ( 'NONE',  ( 0.3000000000001790100, 1.100000000000139300, 0.0000000000000000000 ) ) ;
#4272 = CARTESIAN_POINT ( 'NONE',  ( 0.8999999999996362000, 0.2999999999999545300, -0.1000000000000000100 ) ) ;
#4274 =( NAMED_UNIT ( * ) PLANE_ANGLE_UNIT ( ) SI_UNIT ( $, .RADIAN. ) );
#4275 = DIRECTION ( 'NONE',  ( 1.000000000000000000, 0.0000000000000000000, 0.0000000000000000000 ) ) ;
#4276 = CARTESIAN_POINT ( 'NONE',  ( 1.725000000000818500, 0.0000000000000000000, 0.1000000000000000100 ) ) ;
#4277 = CARTESIAN_POINT ( 'NONE',  ( -0.05000000000018189900, 1.100000000000136400, 0.0000000000000000000 ) ) ;
#4278 = VERTEX_POINT ( 'NONE', #4046 ) ;
#4279 = EDGE_CURVE ( 'NONE', #2858, #3208, #1930, .T. ) ;
#4280 = ORIENTED_EDGE ( 'NONE', *, *, #2082, .T. ) ;
#4281 = ORIENTED_EDGE ( 'NONE', *, *, #1514, .T. ) ;
#4283 = COLOUR_RGB ( '',1.000000000000000000, 1.000000000000000000, 0.5019607843137254800 ) ;
#4282 = AXIS2_PLACEMENT_3D ( 'NONE', #804, #3771, #1215 ) ;
#4284 = ORIENTED_EDGE ( 'NONE', *, *, #1879, .T. ) ;
#4285 = VERTEX_POINT ( 'NONE', #4472 ) ;
#4286 = EDGE_CURVE ( 'NONE', #1739, #2722, #922, .T. ) ;
#4287 = VECTOR ( 'NONE', #1211, 1000.000000000000000 ) ;
#4288 =( GEOMETRIC_REPRESENTATION_CONTEXT ( 3 ) GLOBAL_UNCERTAINTY_ASSIGNED_CONTEXT ( ( #2384 ) ) GLOBAL_UNIT_ASSIGNED_CONTEXT ( ( #5464, #4630, #2953 ) ) REPRESENTATION_CONTEXT ( 'NONE', 'WORKASPACE' ) );
#4289 = DIRECTION ( 'NONE',  ( -1.000000000000000000, 0.0000000000000000000, 0.0000000000000000000 ) ) ;
#4290 = DIRECTION ( 'NONE',  ( 0.0000000000000000000, 0.0000000000000000000, 1.000000000000000000 ) ) ;
#4291 = CARTESIAN_POINT ( 'NONE',  ( 0.8499999999995769800, 0.2199999999996843100, 0.0000000000000000000 ) ) ;
#4292 = DIRECTION ( 'NONE',  ( -0.0000000000000000000, -0.0000000000000000000, -1.000000000000000000 ) ) ;
#4293 = CARTESIAN_POINT ( 'NONE',  ( 2.771999999999934500, 0.9727610603812216800, 0.1000000000000000100 ) ) ;
#4294 = DIRECTION ( 'NONE',  ( 1.000000000000000000, 0.0000000000000000000, -0.0000000000000000000 ) ) ;
#4295 =( BOUNDED_CURVE ( )  B_SPLINE_CURVE ( 3, ( #3949, #5185, #117, #1404 ),
 .UNSPECIFIED., .F., .F. ) 
 B_SPLINE_CURVE_WITH_KNOTS ( ( 4, 4 ),
 ( 2.359992588465670900, 3.923192718713922400 ),
 .UNSPECIFIED. ) 
 CURVE ( )  GEOMETRIC_REPRESENTATION_ITEM ( )  RATIONAL_B_SPLINE_CURVE ( ( 1.000000000000000000, 0.8065248903853673400, 0.8065248903853673400, 1.000000000000000000 ) ) 
 REPRESENTATION_ITEM ( '' )  );
#4296 = DIRECTION ( 'NONE',  ( 1.000000000000000000, 0.0000000000000000000, -0.0000000000000000000 ) ) ;
#4297 = EDGE_CURVE ( 'NONE', #1748, #3017, #4040, .T. ) ;
#4298 = ORIENTED_EDGE ( 'NONE', *, *, #3237, .F. ) ;
#4299 = CIRCLE ( 'NONE', #3511, 0.1000000000003638700 ) ;
#4300 = DIRECTION ( 'NONE',  ( 1.000000000000000000, 0.0000000000000000000, 0.0000000000000000000 ) ) ;
#4301 = LINE ( 'NONE', #461, #4169 ) ;
#4302 = LINE ( 'NONE', #437, #1923 ) ;
#4303 = LINE ( 'NONE', #1110, #3166 ) ;
#4304 = DIRECTION ( 'NONE',  ( -1.000000000000000000, 0.0000000000000000000, 0.0000000000000000000 ) ) ;
#4305 = LINE ( 'NONE', #773, #3172 ) ;
#4306 = VECTOR ( 'NONE', #3601, 1000.000000000000000 ) ;
#4307 = APPLICATION_PROTOCOL_DEFINITION ( 'draft international standard', 'automotive_design', 1998, #1335 ) ;
#4308 = DIRECTION ( 'NONE',  ( -1.000000000000000000, -0.0000000000000000000, -0.0000000000000000000 ) ) ;
#4309 = VECTOR ( 'NONE', #1890, 1000.000000000000000 ) ;
#4310 = CARTESIAN_POINT ( 'NONE',  ( 0.8999999999996362000, 0.2999999999999545300, 0.0000000000000000000 ) ) ;
#4311 = LINE ( 'NONE', #3753, #3305 ) ;
#4312 = PRODUCT_DEFINITION_SHAPE ( 'NONE', 'NONE',  #5485 ) ;
#4313 = DIRECTION ( 'NONE',  ( 1.000000000000000000, 0.0000000000000000000, 0.0000000000000000000 ) ) ;
#4314 = DIRECTION ( 'NONE',  ( 0.0000000000000000000, 0.0000000000000000000, 1.000000000000000000 ) ) ;
#4315 = VECTOR ( 'NONE', #955, 1000.000000000000000 ) ;
#4316 = CIRCLE ( 'NONE', #5067, 0.09999999999990902300 ) ;
#4317 = CARTESIAN_POINT ( 'NONE',  ( 2.773502033954656600, 0.9742630943359433800, 0.1171683266629933400 ) ) ;
#4318 = VERTEX_POINT ( 'NONE', #674 ) ;
#4319 = EDGE_CURVE ( 'NONE', #4876, #4589, #2773, .T. ) ;
#4320 = DIRECTION ( 'NONE',  ( 0.0000000000000000000, 0.9961946980917455500, -0.08715574274765836000 ) ) ;
#4321 = ORIENTED_EDGE ( 'NONE', *, *, #480, .F. ) ;
#4322 = AXIS2_PLACEMENT_3D ( 'NONE', #3889, #1341, #4313 ) ;
#4323 = ORIENTED_EDGE ( 'NONE', *, *, #3856, .T. ) ;
#4324 = ORIENTED_EDGE ( 'NONE', *, *, #2017, .F. ) ;
#4325 = ORIENTED_EDGE ( 'NONE', *, *, #5204, .F. ) ;
#4326 = EDGE_CURVE ( 'NONE', #1764, #4088, #3913, .T. ) ;
#4327 = PRODUCT_CONTEXT ( 'NONE', #913, 'mechanical' ) ;
#4328 = ORIENTED_EDGE ( 'NONE', *, *, #4787, .T. ) ;
#4329 = CARTESIAN_POINT ( 'NONE',  ( 0.0000000000000000000, 0.0000000000000000000, 0.4200000000000000400 ) ) ;
#4330 = EDGE_LOOP ( 'NONE', ( #3063, #3789, #210, #4340 ) ) ;
#4331 = DIRECTION ( 'NONE',  ( 0.08682659386424784700, -0.08682659386424007600, 0.9924325091389677400 ) ) ;
#4332 = CARTESIAN_POINT ( 'NONE',  ( -0.1500000000000952200, 1.200000000000277300, 0.0000000000000000000 ) ) ;
#4333 = CARTESIAN_POINT ( 'NONE',  ( -0.1500000000000909500, 1.100000000000136400, 0.0000000000000000000 ) ) ;
#4334 = ORIENTED_EDGE ( 'NONE', *, *, #3816, .T. ) ;
#4335 = VERTEX_POINT ( 'NONE', #2778 ) ;
#4336 = AXIS2_PLACEMENT_3D ( 'NONE', #3614, #2774, #237 ) ;
#4337 = CARTESIAN_POINT ( 'NONE',  ( 0.1999999999998180700, 0.1000000000001364400, 0.1000000000000000100 ) ) ;
#4338 = CIRCLE ( 'NONE', #4407, 0.2000000000001507000 ) ;
#4339 = CARTESIAN_POINT ( 'NONE',  ( 0.5333333333333030200, 1.400000000000090900, 0.0000000000000000000 ) ) ;
#4340 = ORIENTED_EDGE ( 'NONE', *, *, #1244, .T. ) ;
#4341 = ORIENTED_EDGE ( 'NONE', *, *, #3309, .F. ) ;
#4342 = VERTEX_POINT ( 'NONE', #2367 ) ;
#4344 = AXIS2_PLACEMENT_3D ( 'NONE', #824, #1684, #4645 ) ;
#4343 = DIRECTION ( 'NONE',  ( -1.000000000000000000, 0.0000000000000000000, 0.0000000000000000000 ) ) ;
#4345 = DIRECTION ( 'NONE',  ( 0.0000000000000000000, 0.0000000000000000000, -1.000000000000000000 ) ) ;
#4346 = ORIENTED_EDGE ( 'NONE', *, *, #1623, .F. ) ;
#4347 = CARTESIAN_POINT ( 'NONE',  ( 0.09999999999990910600, 1.200000000000272800, 0.1000000000000000100 ) ) ;
#4348 = ORIENTED_EDGE ( 'NONE', *, *, #3599, .F. ) ;
#4349 = SURFACE_STYLE_USAGE ( .BOTH. , #1377 ) ;
#4350 = CARTESIAN_POINT ( 'NONE',  ( 0.5000000000002273700, 1.099999999999909300, 0.0000000000000000000 ) ) ;
#4351 = EDGE_CURVE ( 'NONE', #3895, #1212, #527, .T. ) ;
#4352 = DIRECTION ( 'NONE',  ( -0.0000000000000000000, -0.0000000000000000000, -1.000000000000000000 ) ) ;
#4353 = VECTOR ( 'NONE', #1956, 1000.000000000000000 ) ;
#4354 = ORIENTED_EDGE ( 'NONE', *, *, #3078, .F. ) ;
#4355 = EDGE_CURVE ( 'NONE', #1819, #2455, #5038, .T. ) ;
#4356 = DIRECTION ( 'NONE',  ( -0.9230769230754696200, 0.3846153846188730700, 0.0000000000000000000 ) ) ;
#4357 = AXIS2_PLACEMENT_3D ( 'NONE', #4329, #1338, #2213 ) ;
#4358 = CARTESIAN_POINT ( 'NONE',  ( 0.0000000000000000000, 0.0000000000000000000, -0.1000000000000000100 ) ) ;
#4359 = EDGE_CURVE ( 'NONE', #1253, #3958, #3778, .T. ) ;
#4360 = LINE ( 'NONE', #1195, #2117 ) ;
#4361 = UNCERTAINTY_MEASURE_WITH_UNIT (LENGTH_MEASURE( 1.000000000000000100E-005 ), #4662, 'distance_accuracy_value', 'NONE');
#4362 = CARTESIAN_POINT ( 'NONE',  ( 2.572761060381585400, 1.171999999999570700, 0.0000000000000000000 ) ) ;
#4363 = PLANE ( 'NONE',  #446 ) ;
#4364 = CARTESIAN_POINT ( 'NONE',  ( -0.3499999999999090500, 0.8750000000000000000, 0.1000000000000000100 ) ) ;
#4365 = CARTESIAN_POINT ( 'NONE',  ( 0.9000000000000909500, 0.2000000000000454700, 0.0000000000000000000 ) ) ;
#4366 = LINE ( 'NONE', #155, #4491 ) ;
#4367 = DIRECTION ( 'NONE',  ( -0.0000000000000000000, -0.0000000000000000000, -1.000000000000000000 ) ) ;
#4368 = LINE ( 'NONE', #3358, #4233 ) ;
#4369 = VECTOR ( 'NONE', #5480, 1000.000000000000000 ) ;
#4370 = VECTOR ( 'NONE', #4779, 1000.000000000000000 ) ;
#4371 = AXIS2_PLACEMENT_3D ( 'NONE', #1382, #4352, #1818 ) ;
#4372 = EDGE_LOOP ( 'NONE', ( #5007, #4006, #966, #3617 ) ) ;
#4373 = DIRECTION ( 'NONE',  ( -0.0000000000000000000, 0.0000000000000000000, 1.000000000000000000 ) ) ;
#4374 = CYLINDRICAL_SURFACE ( 'NONE', #2553, 0.1999999999999317900 ) ;
#4375 = DIRECTION ( 'NONE',  ( -0.0000000000000000000, -0.0000000000000000000, -1.000000000000000000 ) ) ;
#4376 = LINE ( 'NONE', #319, #3241 ) ;
#4377 = CYLINDRICAL_SURFACE ( 'NONE', #3824, 0.09999999999993843000 ) ;
#4378 = CARTESIAN_POINT ( 'NONE',  ( 0.5999999999999090500, 0.2200000000000273400, 0.1000000000000000100 ) ) ;
#4379 = EDGE_CURVE ( 'NONE', #1410, #4676, #1517, .T. ) ;
#4380 = CARTESIAN_POINT ( 'NONE',  ( 0.2499999999999999400, 0.1000000000001364400, 0.0000000000000000000 ) ) ;
#4381 = CARTESIAN_POINT ( 'NONE',  ( 2.799996372328230200, 0.0000000000000000000, 0.4200000000000000400 ) ) ;
#4382 = DIRECTION ( 'NONE',  ( 1.000000000000000000, 8.938062131467536700E-014, -0.0000000000000000000 ) ) ;
#4383 = VERTEX_POINT ( 'NONE', #692 ) ;
#4384 = CARTESIAN_POINT ( 'NONE',  ( 1.474999999999910600, 1.400000000000089600, 0.1000000000000000100 ) ) ;
#4385 = DIRECTION ( 'NONE',  ( 0.0000000000000000000, 0.0000000000000000000, -1.000000000000000000 ) ) ;
#4386 = AXIS2_PLACEMENT_3D ( 'NONE', #2259, #3113, #1431 ) ;
#4387 = DIRECTION ( 'NONE',  ( -0.0000000000000000000, -0.0000000000000000000, 1.000000000000000000 ) ) ;
#4388 = DIRECTION ( 'NONE',  ( -0.0000000000000000000, 1.000000000000000000, -0.0000000000000000000 ) ) ;
#4389 = ORIENTED_EDGE ( 'NONE', *, *, #2924, .F. ) ;
#4390 = ADVANCED_FACE ( 'NONE', ( #5168 ), #4633, .F. ) ;
#4391 = EDGE_LOOP ( 'NONE', ( #2344, #3445, #613, #5269 ) ) ;
#4392 = EDGE_CURVE ( 'NONE', #2398, #1904, #2513, .T. ) ;
#4393 = ORIENTED_EDGE ( 'NONE', *, *, #5346, .T. ) ;
#4394 = PRESENTATION_LAYER_ASSIGNMENT (  '', '', ( #3535 ) ) ;
#4395 = ORIENTED_EDGE ( 'NONE', *, *, #3565, .F. ) ;
#4396 = VERTEX_POINT ( 'NONE', #3240 ) ;
#4397 = EDGE_LOOP ( 'NONE', ( #1428, #3082, #3062, #950, #2884, #3998, #2209, #2354 ) ) ;
#4398 = EDGE_CURVE ( 'NONE', #2997, #236, #1385, .T. ) ;
#4399 = CARTESIAN_POINT ( 'NONE',  ( 0.8666666666667879300, 0.0000000000000000000, 0.1000000000000000100 ) ) ;
#4400 = CARTESIAN_POINT ( 'NONE',  ( 2.174999999999727200, 1.300000000000181900, 0.1000000000000000100 ) ) ;
#4401 = LINE ( 'NONE', #3040, #4443 ) ;
#4402 = CARTESIAN_POINT ( 'NONE',  ( 1.474999999999910600, 1.400000000000089600, 0.0000000000000000000 ) ) ;
#4403 = DIRECTION ( 'NONE',  ( 1.000000000000000000, 0.0000000000000000000, 0.0000000000000000000 ) ) ;
#4404 = ORIENTED_EDGE ( 'NONE', *, *, #1130, .F. ) ;
#4405 = CARTESIAN_POINT ( 'NONE',  ( 2.550000000000181900, 0.5250000000000909500, 0.1000000000000000100 ) ) ;
#4406 = CARTESIAN_POINT ( 'NONE',  ( 1.824999999999818100, 1.300000000000182100, 0.1000000000000000100 ) ) ;
#4407 = AXIS2_PLACEMENT_3D ( 'NONE', #4073, #1535, #4499 ) ;
#4408 = ORIENTED_EDGE ( 'NONE', *, *, #4930, .T. ) ;
#4409 = CARTESIAN_POINT ( 'NONE',  ( 2.572761060381603100, 0.2280000000000476900, 0.1000000000000000100 ) ) ;
#4410 = ORIENTED_EDGE ( 'NONE', *, *, #3207, .T. ) ;
#4411 = LINE ( 'NONE', #5319, #3275 ) ;
#4412 = EDGE_LOOP ( 'NONE', ( #1082, #1631, #2791, #4650 ) ) ;
#4413 = EDGE_LOOP ( 'NONE', ( #3018, #5305, #4608, #5008 ) ) ;
#4414 = DIRECTION ( 'NONE',  ( 0.0000000000000000000, 0.0000000000000000000, 1.000000000000000000 ) ) ;
#4415 = ADVANCED_FACE ( 'NONE', ( #1242 ), #4106, .T. ) ;
#4416 = CARTESIAN_POINT ( 'NONE',  ( 0.0000000000000000000, 1.400000000000090900, 0.4200000000000000400 ) ) ;
#4417 = LINE ( 'NONE', #5027, #4287 ) ;
#4418 = DIRECTION ( 'NONE',  ( -1.000000000000000000, 0.0000000000000000000, 0.0000000000000000000 ) ) ;
#4419 = CARTESIAN_POINT ( 'NONE',  ( 0.9499999999998181000, 1.100000000000136400, 0.1000000000000000100 ) ) ;
#4420 = EDGE_CURVE ( 'NONE', #4922, #4211, #3111, .T. ) ;
#4421 = DIRECTION ( 'NONE',  ( -0.0000000000000000000, -0.0000000000000000000, -1.000000000000000000 ) ) ;
#4422 = EDGE_CURVE ( 'NONE', #5117, #2999, #5232, .T. ) ;
#4423 = AXIS2_PLACEMENT_3D ( 'NONE', #3401, #4150, #4113 ) ;
#4424 = CIRCLE ( 'NONE', #1367, 0.1000000000002410600 ) ;
#4425 = VECTOR ( 'NONE', #3883, 1000.000000000000100 ) ;
#4426 = ORIENTED_EDGE ( 'NONE', *, *, #4741, .T. ) ;
#4427 = LINE ( 'NONE', #3655, #5411 ) ;
#4428 = DIRECTION ( 'NONE',  ( -1.000000000000000000, 0.0000000000000000000, 0.0000000000000000000 ) ) ;
#4429 = EDGE_CURVE ( 'NONE', #4924, #3526, #1990, .T. ) ;
#4430 = VECTOR ( 'NONE', #1260, 1000.000000000000000 ) ;
#4431 = VECTOR ( 'NONE', #5342, 1000.000000000000000 ) ;
#4432 = PLANE ( 'NONE',  #3797 ) ;
#4433 = PRESENTATION_STYLE_ASSIGNMENT (( #3035 ) ) ;
#4434 = CARTESIAN_POINT ( 'NONE',  ( 2.075000000000727600, 0.0000000000000000000, 0.1000000000000000100 ) ) ;
#4435 = SURFACE_STYLE_USAGE ( .BOTH. , #1474 ) ;
#4436 = SURFACE_STYLE_FILL_AREA ( #3405 ) ;
#4437 = LINE ( 'NONE', #3997, #2181 ) ;
#4438 = AXIS2_PLACEMENT_3D ( 'NONE', #2484, #5441, #2911 ) ;
#4439 = CARTESIAN_POINT ( 'NONE',  ( 2.717651759453301600, 0.2000036276717648800, 0.4200000000000000400 ) ) ;
#4440 = FACE_OUTER_BOUND ( 'NONE', #902, .T. ) ;
#4441 = CIRCLE ( 'NONE', #2298, 0.1000000000004684200 ) ;
#4442 = ADVANCED_FACE ( 'NONE', ( #2832 ), #4554, .T. ) ;
#4443 = VECTOR ( 'NONE', #4756, 1000.000000000000100 ) ;
#4444 =( NAMED_UNIT ( * ) PLANE_ANGLE_UNIT ( ) SI_UNIT ( $, .RADIAN. ) );
#4445 = ADVANCED_FACE ( 'NONE', ( #3980 ), #5386, .F. ) ;
#4446 = LINE ( 'NONE', #4031, #2189 ) ;
#4447 = ORIENTED_EDGE ( 'NONE', *, *, #3781, .T. ) ;
#4448 = ORIENTED_EDGE ( 'NONE', *, *, #973, .T. ) ;
#4449 = EDGE_CURVE ( 'NONE', #298, #750, #2979, .T. ) ;
#4450 = ORIENTED_EDGE ( 'NONE', *, *, #2925, .T. ) ;
#4451 = CARTESIAN_POINT ( 'NONE',  ( 2.900000000000090900, 0.2000000000002728500, 0.0000000000000000000 ) ) ;
#4452 = ORIENTED_EDGE ( 'NONE', *, *, #5022, .F. ) ;
#4453 = CARTESIAN_POINT ( 'NONE',  ( 2.799996372328230200, 0.3992425672901036000, 0.3200000000000000100 ) ) ;
#4454 = DIRECTION ( 'NONE',  ( -0.0000000000000000000, -0.0000000000000000000, -1.000000000000000000 ) ) ;
#4455 = EDGE_CURVE ( 'NONE', #1466, #1478, #591, .T. ) ;
#4456 = CARTESIAN_POINT ( 'NONE',  ( -0.2500000000000000000, 0.2000000000002728800, 0.1000000000000000100 ) ) ;
#4457 = ORIENTED_EDGE ( 'NONE', *, *, #2936, .F. ) ;
#4458 = AXIS2_PLACEMENT_3D ( 'NONE', #896, #5145, #4289 ) ;
#4459 = ORIENTED_EDGE ( 'NONE', *, *, #2459, .F. ) ;
#4460 = ORIENTED_EDGE ( 'NONE', *, *, #1075, .T. ) ;
#4461 =( BOUNDED_CURVE ( )  B_SPLINE_CURVE ( 3, ( #1073, #5302, #2338, #4052 ),
 .UNSPECIFIED., .F., .F. ) 
 B_SPLINE_CURVE_WITH_KNOTS ( ( 4, 4 ),
 ( 2.359992588465626100, 3.923192718713960100 ),
 .UNSPECIFIED. ) 
 CURVE ( )  GEOMETRIC_REPRESENTATION_ITEM ( )  RATIONAL_B_SPLINE_CURVE ( ( 1.000000000000000000, 0.8065248903853481400, 0.8065248903853481400, 1.000000000000000000 ) ) 
 REPRESENTATION_ITEM ( '' )  );
#4462 = DIRECTION ( 'NONE',  ( 0.0000000000000000000, 0.0000000000000000000, 1.000000000000000000 ) ) ;
#4463 = ORIENTED_EDGE ( 'NONE', *, *, #838, .F. ) ;
#4464 = EDGE_CURVE ( 'NONE', #1322, #813, #4966, .T. ) ;
#4465 = VERTEX_POINT ( 'NONE', #4573 ) ;
#4467 = DIRECTION ( 'NONE',  ( 0.9230769230746634900, -0.3846153846208078000, 0.0000000000000000000 ) ) ;
#4466 = AXIS2_PLACEMENT_3D ( 'NONE', #39, #3006, #475 ) ;
#4468 = CIRCLE ( 'NONE', #3261, 0.2000000000001505900 ) ;
#4469 = ADVANCED_FACE ( 'NONE', ( #2705 ), #2573, .T. ) ;
#4470 = ORIENTED_EDGE ( 'NONE', *, *, #549, .T. ) ;
#4471 = ADVANCED_FACE ( 'NONE', ( #4837 ), #4594, .F. ) ;
#4472 = CARTESIAN_POINT ( 'NONE',  ( 1.924999999999727400, 1.400000000000090900, 0.1000000000000000100 ) ) ;
#4473 = DIRECTION ( 'NONE',  ( 1.000000000000000000, 0.0000000000000000000, 0.0000000000000000000 ) ) ;
#4474 = ORIENTED_EDGE ( 'NONE', *, *, #1844, .T. ) ;
#4475 = ORIENTED_EDGE ( 'NONE', *, *, #4174, .T. ) ;
#4476 = DIRECTION ( 'NONE',  ( 1.000000000000000000, 0.0000000000000000000, 0.0000000000000000000 ) ) ;
#4477 = ORIENTED_EDGE ( 'NONE', *, *, #5265, .F. ) ;
#4478 = ORIENTED_EDGE ( 'NONE', *, *, #2996, .F. ) ;
#4479 = AXIS2_PLACEMENT_3D ( 'NONE', #4350, #979, #548 ) ;
#4480 = CARTESIAN_POINT ( 'NONE',  ( -0.1500000000000909500, 0.1000000000001364200, 0.1000000000000000100 ) ) ;
#4481 = CARTESIAN_POINT ( 'NONE',  ( 0.2500000000000000000, 1.300000000000181900, 0.1000000000000000100 ) ) ;
#4482 = FACE_OUTER_BOUND ( 'NONE', #4151, .T. ) ;
#4483 = ORIENTED_EDGE ( 'NONE', *, *, #2901, .T. ) ;
#4484 = EDGE_CURVE ( 'NONE', #4924, #196, #3699, .T. ) ;
#4485 = DIRECTION ( 'NONE',  ( -0.0000000000000000000, -0.0000000000000000000, -1.000000000000000000 ) ) ;
#4486 = LINE ( 'NONE', #621, #1368 ) ;
#4487 = CYLINDRICAL_SURFACE ( 'NONE', #2560, 0.09999999999990907800 ) ;
#4488 = CARTESIAN_POINT ( 'NONE',  ( 0.2500000000000000000, 1.300000000000181900, 0.1000000000000000100 ) ) ;
#4489 = EDGE_CURVE ( 'NONE', #75, #2285, #721, .T. ) ;
#4490 =( NAMED_UNIT ( * ) SI_UNIT ( $, .STERADIAN. ) SOLID_ANGLE_UNIT ( ) );
#4491 = VECTOR ( 'NONE', #3119, 1000.000000000000000 ) ;
#4492 = CIRCLE ( 'NONE', #910, 0.1000000000004683100 ) ;
#4493 = ADVANCED_FACE ( 'NONE', ( #1453 ), #1308, .T. ) ;
#4494 = VECTOR ( 'NONE', #3355, 1000.000000000000000 ) ;
#4495 = FACE_OUTER_BOUND ( 'NONE', #229, .T. ) ;
#4496 = AXIS2_PLACEMENT_3D ( 'NONE', #4402, #1875, #4829 ) ;
#4497 = ADVANCED_FACE ( 'NONE', ( #316 ), #2500, .F. ) ;
#4498 = EDGE_LOOP ( 'NONE', ( #1282, #1837, #2995, #1193 ) ) ;
#4499 = DIRECTION ( 'NONE',  ( 1.000000000000000000, 0.0000000000000000000, 0.0000000000000000000 ) ) ;
#4500 = CONTEXT_DEPENDENT_SHAPE_REPRESENTATION ( #3059, #1922 ) ;
#4501 = LINE ( 'NONE', #163, #5483 ) ;
#4502 = EDGE_CURVE ( 'NONE', #1267, #3066, #918, .T. ) ;
#4503 = VECTOR ( 'NONE', #2271, 1000.000000000000000 ) ;
#4504 = VECTOR ( 'NONE', #4721, 1000.000000000000100 ) ;
#4505 = LINE ( 'NONE', #1600, #2133 ) ;
#4506 = DIRECTION ( 'NONE',  ( -0.0000000000000000000, -0.0000000000000000000, -1.000000000000000000 ) ) ;
#4507 = LINE ( 'NONE', #2526, #3377 ) ;
#4508 = DIRECTION ( 'NONE',  ( -0.0000000000000000000, -0.0000000000000000000, -1.000000000000000000 ) ) ;
#4509 = DIRECTION ( 'NONE',  ( -0.0000000000000000000, -0.0000000000000000000, -1.000000000000000000 ) ) ;
#4510 = ORIENTED_EDGE ( 'NONE', *, *, #261, .F. ) ;
#4511 = CARTESIAN_POINT ( 'NONE',  ( 1.250000000000000000, 0.2000000000000454700, 0.0000000000000000000 ) ) ;
#4512 = AXIS2_PLACEMENT_3D ( 'NONE', #933, #1356, #2193 ) ;
#4513 = VERTEX_POINT ( 'NONE', #5472 ) ;
#4514 = EDGE_LOOP ( 'NONE', ( #1015, #2548, #734, #3534 ) ) ;
#4515 = EDGE_CURVE ( 'NONE', #2285, #5048, #4170, .T. ) ;
#4516 = ORIENTED_EDGE ( 'NONE', *, *, #5308, .F. ) ;
#4517 = ADVANCED_FACE ( 'NONE', ( #5285 ), #4230, .F. ) ;
#4518 = CARTESIAN_POINT ( 'NONE',  ( 0.9000000000000909500, 1.200000000000045500, -0.1000000000000000100 ) ) ;
#4519 = ORIENTED_EDGE ( 'NONE', *, *, #2329, .F. ) ;
#4520 = DIRECTION ( 'NONE',  ( -0.0000000000000000000, -0.0000000000000000000, -1.000000000000000000 ) ) ;
#4521 = VERTEX_POINT ( 'NONE', #3368 ) ;
#4522 = EDGE_CURVE ( 'NONE', #3888, #5018, #2050, .T. ) ;
#4523 = UNCERTAINTY_MEASURE_WITH_UNIT (LENGTH_MEASURE( 1.000000000000000100E-005 ), #5160, 'distance_accuracy_value', 'NONE');
#4524 = EDGE_LOOP ( 'NONE', ( #4582, #1680, #573, #616 ) ) ;
#4525 = DIRECTION ( 'NONE',  ( 0.0000000000000000000, 0.0000000000000000000, 1.000000000000000000 ) ) ;
#4526 =( LENGTH_UNIT ( ) NAMED_UNIT ( * ) SI_UNIT ( .MILLI., .METRE. ) );
#4527 = AXIS2_PLACEMENT_3D ( 'NONE', #2028, #2443, #5399 ) ;
#4528 = DIRECTION ( 'NONE',  ( 1.000000000000000000, 0.0000000000000000000, 0.0000000000000000000 ) ) ;
#4529 = COLOUR_RGB ( '',0.7921568627450980000, 0.8196078431372548800, 0.9333333333333333500 ) ;
#4530 = CARTESIAN_POINT ( 'NONE',  ( 2.700000000000272800, 1.200000000000045700, -0.1000000000000000100 ) ) ;
#4531 = ORIENTED_EDGE ( 'NONE', *, *, #4226, .F. ) ;
#4532 = DIRECTION ( 'NONE',  ( -0.0000000000000000000, -0.0000000000000000000, -1.000000000000000000 ) ) ;
#4533 = EDGE_CURVE ( 'NONE', #196, #3314, #4302, .T. ) ;
#4534 = ORIENTED_EDGE ( 'NONE', *, *, #2925, .F. ) ;
#4535 = VERTEX_POINT ( 'NONE', #858 ) ;
#4536 = ORIENTED_EDGE ( 'NONE', *, *, #4631, .F. ) ;
#4537 = AXIS2_PLACEMENT_3D ( 'NONE', #982, #2258, #2239 ) ;
#4538 =( NAMED_UNIT ( * ) SI_UNIT ( $, .STERADIAN. ) SOLID_ANGLE_UNIT ( ) );
#4539 = CIRCLE ( 'NONE', #4801, 0.1999999999999317900 ) ;
#4540 = ORIENTED_EDGE ( 'NONE', *, *, #3036, .T. ) ;
#4541 = CARTESIAN_POINT ( 'NONE',  ( 0.3916666666668789400, 1.400000000000090900, 0.0000000000000000000 ) ) ;
#4542 = EDGE_LOOP ( 'NONE', ( #277, #4686, #4729, #3184 ) ) ;
#4543 = CARTESIAN_POINT ( 'NONE',  ( 0.2000000000002728500, 1.100000000000136400, -0.1000000000000000100 ) ) ;
#4544 = DIRECTION ( 'NONE',  ( -0.0000000000000000000, -0.0000000000000000000, -1.000000000000000000 ) ) ;
#4545 = CARTESIAN_POINT ( 'NONE',  ( 3.000000000000000000, 0.6249999999995452500, 0.1000000000000000100 ) ) ;
#4546 = VECTOR ( 'NONE', #4375, 1000.000000000000000 ) ;
#4547 = CARTESIAN_POINT ( 'NONE',  ( 0.5923076923077134100, 0.1815384615383663900, 0.0000000000000000000 ) ) ;
#4548 = DIRECTION ( 'NONE',  ( -0.0000000000000000000, -0.0000000000000000000, 1.000000000000000000 ) ) ;
#4549 = ADVANCED_FACE ( 'NONE', ( #2903 ), #5029, .T. ) ;
#4550 = EDGE_CURVE ( 'NONE', #1904, #5132, #784, .T. ) ;
#4551 = CYLINDRICAL_SURFACE ( 'NONE', #4458, 0.1000000000000241100 ) ;
#4552 = ORIENTED_EDGE ( 'NONE', *, *, #2723, .F. ) ;
#4553 = LINE ( 'NONE', #1071, #1159 ) ;
#4554 = PLANE ( 'NONE',  #4527 ) ;
#4555 = AXIS2_PLACEMENT_3D ( 'NONE', #2448, #5404, #2870 ) ;
#4556 = VECTOR ( 'NONE', #2673, 1000.000000000000000 ) ;
#4557 = LINE ( 'NONE', #2357, #3427 ) ;
#4558 = DIRECTION ( 'NONE',  ( 0.0000000000000000000, 0.0000000000000000000, -1.000000000000000000 ) ) ;
#4559 = CARTESIAN_POINT ( 'NONE',  ( 0.4272389396191322300, 1.171999999999570700, 0.1000000000000000100 ) ) ;
#4560 = CARTESIAN_POINT ( 'NONE',  ( 0.09999999999990905100, 0.8750000000000000000, 0.0000000000000000000 ) ) ;
#4561 = CYLINDRICAL_SURFACE ( 'NONE', #469, 0.2000000000001505900 ) ;
#4562 = EDGE_CURVE ( 'NONE', #3524, #2454, #4036, .T. ) ;
#4563 = CARTESIAN_POINT ( 'NONE',  ( 0.3000000000001819000, 0.2000000000000455000, 0.0000000000000000000 ) ) ;
#4564 = CYLINDRICAL_SURFACE ( 'NONE', #839, 0.1000000000000227400 ) ;
#4565 = AXIS2_PLACEMENT_3D ( 'NONE', #3373, #845, #3808 ) ;
#4566 = CARTESIAN_POINT ( 'NONE',  ( 2.350000000000363800, 1.100000000000136400, 0.0000000000000000000 ) ) ;
#4567 = FACE_OUTER_BOUND ( 'NONE', #1525, .T. ) ;
#4568 = LINE ( 'NONE', #755, #1318 ) ;
#4569 = PRODUCT_DEFINITION_CONTEXT ( 'detailed design', #1789, 'design' ) ;
#4570 = EDGE_CURVE ( 'NONE', #1490, #18, #3907, .T. ) ;
#4571 = ORIENTED_EDGE ( 'NONE', *, *, #1010, .T. ) ;
#4572 = ADVANCED_FACE ( 'NONE', ( #649 ), #4693, .F. ) ;
#4573 = CARTESIAN_POINT ( 'NONE',  ( 0.09999999999990905100, 0.2000000000002728500, 0.0000000000000000000 ) ) ;
#4574 = DIRECTION ( 'NONE',  ( 0.0000000000000000000, 0.0000000000000000000, 1.000000000000000000 ) ) ;
#4575 = ORIENTED_EDGE ( 'NONE', *, *, #1661, .F. ) ;
#4576 = CARTESIAN_POINT ( 'NONE',  ( 0.2833333333333030200, 1.300000000000181900, 0.1000000000000000100 ) ) ;
#4577 = CARTESIAN_POINT ( 'NONE',  ( 3.000000000000000000, 1.400000000000090900, -0.1000000000000000100 ) ) ;
#4578 = ORIENTED_EDGE ( 'NONE', *, *, #5241, .F. ) ;
#4579 = VERTEX_POINT ( 'NONE', #2001 ) ;
#4581 = CARTESIAN_POINT ( 'NONE',  ( 2.999999999999545300, 0.8750000000000001100, 0.1000000000000000100 ) ) ;
#4580 = DIRECTION ( 'NONE',  ( 1.000000000000000000, -0.0000000000000000000, -0.0000000000000000000 ) ) ;
#4582 = ORIENTED_EDGE ( 'NONE', *, *, #3599, .T. ) ;
#4583 = DIRECTION ( 'NONE',  ( 1.000000000000000000, 0.0000000000000000000, 0.0000000000000000000 ) ) ;
#4584 = CARTESIAN_POINT ( 'NONE',  ( 0.2000000000002728800, 1.100000000000136400, 0.0000000000000000000 ) ) ;
#4585 = DIRECTION ( 'NONE',  ( 1.000000000000000000, 0.0000000000000000000, 0.0000000000000000000 ) ) ;
#4586 = EDGE_LOOP ( 'NONE', ( #3209, #366, #1538, #2015 ) ) ;
#4587 = CARTESIAN_POINT ( 'NONE',  ( -0.1499999999996362000, 0.3000000000001819000, -0.1000000000000000100 ) ) ;
#4588 = ORIENTED_EDGE ( 'NONE', *, *, #549, .F. ) ;
#4589 = VERTEX_POINT ( 'NONE', #4530 ) ;
#4590 = ORIENTED_EDGE ( 'NONE', *, *, #912, .T. ) ;
#4591 = ORIENTED_EDGE ( 'NONE', *, *, #2960, .F. ) ;
#4592 = CARTESIAN_POINT ( 'NONE',  ( 0.5166666666668788800, 0.0000000000000000000, 0.1000000000000000100 ) ) ;
#4593 = ORIENTED_EDGE ( 'NONE', *, *, #2179, .F. ) ;
#4594 = PLANE ( 'NONE',  #453 ) ;
#4595 = DIRECTION ( 'NONE',  ( 0.0000000000000000000, -1.000000000000000000, 0.0000000000000000000 ) ) ;
#4596 = LINE ( 'NONE', #752, #3605 ) ;
#4597 = EDGE_CURVE ( 'NONE', #3992, #1940, #4898, .T. ) ;
#4598 = VERTEX_POINT ( 'NONE', #5376 ) ;
#4599 = DIRECTION ( 'NONE',  ( -1.000000000000000000, -0.0000000000000000000, -0.0000000000000000000 ) ) ;
#4600 = DIRECTION ( 'NONE',  ( 1.000000000000000000, 0.0000000000000000000, 0.0000000000000000000 ) ) ;
#4601 = AXIS2_PLACEMENT_3D ( 'NONE', #1300, #4294, #1757 ) ;
#4603 = CARTESIAN_POINT ( 'NONE',  ( 1.250000000000000000, 1.200000000000045500, 0.0000000000000000000 ) ) ;
#4602 = DIRECTION ( 'NONE',  ( -0.0000000000000000000, -0.0000000000000000000, -1.000000000000000000 ) ) ;
#4604 = EDGE_LOOP ( 'NONE', ( #2724, #2400, #5257, #4695 ) ) ;
#4605 = DIRECTION ( 'NONE',  ( 1.000000000000000000, -0.0000000000000000000, -0.0000000000000000000 ) ) ;
#4606 = CARTESIAN_POINT ( 'NONE',  ( 0.4272389396186244100, 0.2279999999998559300, 0.1000000000000000100 ) ) ;
#4607 = ORIENTED_EDGE ( 'NONE', *, *, #4822, .F. ) ;
#4608 = ORIENTED_EDGE ( 'NONE', *, *, #1514, .F. ) ;
#4609 = ADVANCED_FACE ( 'NONE', ( #2639 ), #2415, .F. ) ;
#4610 = FILL_AREA_STYLE ('',( #1201 ) ) ;
#4611 = EDGE_CURVE ( 'NONE', #706, #3882, #387, .T. ) ;
#4612 = EDGE_LOOP ( 'NONE', ( #2409, #3853, #4531, #3976 ) ) ;
#4613 = VERTEX_POINT ( 'NONE', #4129 ) ;
#4614 = FACE_OUTER_BOUND ( 'NONE', #2788, .T. ) ;
#4615 = ORIENTED_EDGE ( 'NONE', *, *, #332, .F. ) ;
#4616 = ORIENTED_EDGE ( 'NONE', *, *, #669, .T. ) ;
#4617 = DIRECTION ( 'NONE',  ( 1.000000000000000000, 0.0000000000000000000, 0.0000000000000000000 ) ) ;
#4619 = DIRECTION ( 'NONE',  ( -1.000000000000000000, -0.0000000000000000000, -0.0000000000000000000 ) ) ;
#4618 = DIRECTION ( 'NONE',  ( -0.0000000000000000000, -0.0000000000000000000, -1.000000000000000000 ) ) ;
#4620 = FACE_OUTER_BOUND ( 'NONE', #3950, .T. ) ;
#4621 = CARTESIAN_POINT ( 'NONE',  ( 2.799996372328230200, 1.117651759452928700, 0.4200000000000000400 ) ) ;
#4622 = VECTOR ( 'NONE', #789, 1000.000000000000100 ) ;
#4623 = STYLED_ITEM ( 'NONE', ( #392 ), #2725 ) ;
#4624 = CARTESIAN_POINT ( 'NONE',  ( 0.2280000000001450000, 0.3103446128748875700, 0.0000000000000000000 ) ) ;
#4625 = VECTOR ( 'NONE', #1813, 1000.000000000000000 ) ;
#4626 = VECTOR ( 'NONE', #2474, 1000.000000000000200 ) ;
#4627 = CYLINDRICAL_SURFACE ( 'NONE', #5137, 0.09999999999968174600 ) ;
#4628 = VECTOR ( 'NONE', #44, 1000.000000000000000 ) ;
#4629 = EDGE_CURVE ( 'NONE', #813, #3994, #1991, .T. ) ;
#4630 =( NAMED_UNIT ( * ) PLANE_ANGLE_UNIT ( ) SI_UNIT ( $, .RADIAN. ) );
#4631 = EDGE_CURVE ( 'NONE', #3729, #2327, #3632, .T. ) ;
#4632 = SURFACE_STYLE_FILL_AREA ( #441 ) ;
#4633 = CYLINDRICAL_SURFACE ( 'NONE', #2818, 0.09999999999991049400 ) ;
#4634 = LINE ( 'NONE', #143, #2372 ) ;
#4635 = DIRECTION ( 'NONE',  ( 0.0000000000000000000, -0.0000000000000000000, 1.000000000000000000 ) ) ;
#4637 = CARTESIAN_POINT ( 'NONE',  ( 0.4272389396186244100, 0.2279999999998559300, 0.0000000000000000000 ) ) ;
#4636 = AXIS2_PLACEMENT_3D ( 'NONE', #1872, #4827, #2284 ) ;
#4638 = VECTOR ( 'NONE', #1444, 1000.000000000000000 ) ;
#4639 = DIRECTION ( 'NONE',  ( -1.000000000000000000, 0.0000000000000000000, 0.0000000000000000000 ) ) ;
#4640 = SURFACE_STYLE_FILL_AREA ( #3025 ) ;
#4642 = CARTESIAN_POINT ( 'NONE',  ( 0.2500000000001165200, 1.108393433459087300E-013, 0.1000000000000000100 ) ) ;
#4641 = DIRECTION ( 'NONE',  ( 1.000000000000000000, 0.0000000000000000000, 0.0000000000000000000 ) ) ;
#4643 = EDGE_CURVE ( 'NONE', #1471, #1907, #2766, .T. ) ;
#4644 = FILL_AREA_STYLE_COLOUR ( '', #664 ) ;
#4645 = DIRECTION ( 'NONE',  ( 0.0000000000000000000, 0.0000000000000000000, 1.000000000000000000 ) ) ;
#4646 = LINE ( 'NONE', #5370, #2382 ) ;
#4647 = CARTESIAN_POINT ( 'NONE',  ( -0.3499999999999090500, 0.6250000000000000000, 0.1000000000000000100 ) ) ;
#4648 = LINE ( 'NONE', #419, #3506 ) ;
#4649 = CARTESIAN_POINT ( 'NONE',  ( 2.650000000000090900, 0.7750000000005458100, 0.1000000000000000100 ) ) ;
#4650 = ORIENTED_EDGE ( 'NONE', *, *, #2515, .T. ) ;
#4651 = VERTEX_POINT ( 'NONE', #341 ) ;
#4652 = AXIS2_PLACEMENT_3D ( 'NONE', #4015, #2201, #5166 ) ;
#4653 = DIRECTION ( 'NONE',  ( 0.0000000000000000000, 0.0000000000000000000, -1.000000000000000000 ) ) ;
#4654 = DIRECTION ( 'NONE',  ( 1.000000000000000000, 0.0000000000000000000, 0.0000000000000000000 ) ) ;
#4655 = ORIENTED_EDGE ( 'NONE', *, *, #3514, .T. ) ;
#4656 = EDGE_LOOP ( 'NONE', ( #1007, #349, #509, #2009 ) ) ;
#4657 = ORIENTED_EDGE ( 'NONE', *, *, #1702, .F. ) ;
#4658 = ORIENTED_EDGE ( 'NONE', *, *, #835, .F. ) ;
#4660 = CARTESIAN_POINT ( 'NONE',  ( 0.0000000000000000000, 0.0000000000000000000, 0.4200000000000000400 ) ) ;
#4659 = FILL_AREA_STYLE_COLOUR ( '', #3105 ) ;
#4661 = ORIENTED_EDGE ( 'NONE', *, *, #2318, .F. ) ;
#4662 =( LENGTH_UNIT ( ) NAMED_UNIT ( * ) SI_UNIT ( .MILLI., .METRE. ) );
#4663 = PLANE ( 'NONE',  #1096 ) ;
#4664 = CARTESIAN_POINT ( 'NONE',  ( 0.7416666666667879300, 1.400000000000090900, 0.1000000000000000100 ) ) ;
#4665 = DIRECTION ( 'NONE',  ( 1.000000000000000000, 0.0000000000000000000, 0.0000000000000000000 ) ) ;
#4666 = VERTEX_POINT ( 'NONE', #5410 ) ;
#4667 = EDGE_CURVE ( 'NONE', #428, #4007, #250, .T. ) ;
#4668 = DIRECTION ( 'NONE',  ( 0.0000000000000000000, 0.0000000000000000000, 1.000000000000000000 ) ) ;
#4669 = VECTOR ( 'NONE', #2453, 1000.000000000000000 ) ;
#4670 = ORIENTED_EDGE ( 'NONE', *, *, #4611, .F. ) ;
#4671 = STYLED_ITEM ( 'NONE', ( #5356 ), #3326 ) ;
#4672 = EDGE_LOOP ( 'NONE', ( #365, #346, #696, #98, #3520, #4994, #5055, #2275 ) ) ;
#4673 = ORIENTED_EDGE ( 'NONE', *, *, #2024, .F. ) ;
#4674 = ORIENTED_EDGE ( 'NONE', *, *, #3492, .T. ) ;
#4675 = DIRECTION ( 'NONE',  ( -1.000000000000000000, -0.0000000000000000000, -0.0000000000000000000 ) ) ;
#4676 = VERTEX_POINT ( 'NONE', #775 ) ;
#4677 = EDGE_CURVE ( 'NONE', #5205, #2552, #3487, .T. ) ;
#4678 = MECHANICAL_DESIGN_GEOMETRIC_PRESENTATION_REPRESENTATION (  '', ( #3535 ), #4963 ) ;
#4679 = DIRECTION ( 'NONE',  ( -1.000000000000000000, 0.0000000000000000000, 0.0000000000000000000 ) ) ;
#4680 =( NAMED_UNIT ( * ) SI_UNIT ( $, .STERADIAN. ) SOLID_ANGLE_UNIT ( ) );
#4681 = CARTESIAN_POINT ( 'NONE',  ( -0.04999999999972715200, 0.2000000000000455000, -0.1000000000000000100 ) ) ;
#4682 = LINE ( 'NONE', #4456, #1434 ) ;
#4683 = CARTESIAN_POINT ( 'NONE',  ( 0.3499999999999090500, 1.400000000000090900, 0.1000000000000000100 ) ) ;
#4684 = ORIENTED_EDGE ( 'NONE', *, *, #1593, .T. ) ;
#4685 = CARTESIAN_POINT ( 'NONE',  ( -0.09999999999990905100, 1.300000000000181900, 0.0000000000000000000 ) ) ;
#4686 = ORIENTED_EDGE ( 'NONE', *, *, #202, .F. ) ;
#4687 = DIRECTION ( 'NONE',  ( -1.000000000000000000, 0.0000000000000000000, 0.0000000000000000000 ) ) ;
#4688 = CARTESIAN_POINT ( 'NONE',  ( 1.824999999999818100, 1.300000000000181900, 0.0000000000000000000 ) ) ;
#4689 = EDGE_CURVE ( 'NONE', #3924, #1121, #4766, .T. ) ;
#4690 = LINE ( 'NONE', #1412, #1293 ) ;
#4691 = CIRCLE ( 'NONE', #2347, 0.09999999999990615000 ) ;
#4692 = AXIS2_PLACEMENT_3D ( 'NONE', #3317, #4183, #1642 ) ;
#4693 = PLANE ( 'NONE',  #4423 ) ;
#4694 = VECTOR ( 'NONE', #474, 1000.000000000000000 ) ;
#4695 = ORIENTED_EDGE ( 'NONE', *, *, #4422, .T. ) ;
#4696 = CIRCLE ( 'NONE', #104, 0.09999999999990907800 ) ;
#4698 = DIRECTION ( 'NONE',  ( -1.000000000000000000, 0.0000000000000000000, 0.0000000000000000000 ) ) ;
#4697 = DIRECTION ( 'NONE',  ( -1.000000000000000000, 0.0000000000000000000, 0.0000000000000000000 ) ) ;
#4699 = DIRECTION ( 'NONE',  ( 0.0000000000000000000, -0.0000000000000000000, 1.000000000000000000 ) ) ;
#4700 = CARTESIAN_POINT ( 'NONE',  ( 0.2499999999998862900, 1.137124791029953100E-013, 0.0000000000000000000 ) ) ;
#4701 = CARTESIAN_POINT ( 'NONE',  ( 1.116666666666788200, 0.09999999999990906400, 0.1000000000000000100 ) ) ;
#4702 = CIRCLE ( 'NONE', #1004, 0.09999999999990788500 ) ;
#4703 = DIRECTION ( 'NONE',  ( -1.000000000000000000, 0.0000000000000000000, 0.0000000000000000000 ) ) ;
#4704 = COLOUR_RGB ( '',1.000000000000000000, 1.000000000000000000, 0.5019607843137254800 ) ;
#4705 = CIRCLE ( 'NONE', #1134, 0.1000000000003636900 ) ;
#4706 = AXIS2_PLACEMENT_3D ( 'NONE', #3478, #995, #3965 ) ;
#4707 = CARTESIAN_POINT ( 'NONE',  ( 2.449999999999931800, 0.2000000000003864800, 0.1000000000000000100 ) ) ;
#4708 = VECTOR ( 'NONE', #36, 1000.000000000000000 ) ;
#4709 = LINE ( 'NONE', #638, #4306 ) ;
#4710 = EDGE_CURVE ( 'NONE', #2861, #3066, #1231, .T. ) ;
#4711 = LINE ( 'NONE', #4381, #193 ) ;
#4712 = EDGE_CURVE ( 'NONE', #1622, #3657, #113, .T. ) ;
#4713 = FACE_OUTER_BOUND ( 'NONE', #2760, .T. ) ;
#4714 = AXIS2_PLACEMENT_3D ( 'NONE', #2041, #4997, #2451 ) ;
#4715 = ORIENTED_EDGE ( 'NONE', *, *, #2129, .F. ) ;
#4716 = DIRECTION ( 'NONE',  ( -0.0000000000000000000, -0.0000000000000000000, -1.000000000000000000 ) ) ;
#4717 = EDGE_CURVE ( 'NONE', #1907, #1554, #2503, .T. ) ;
#4718 =( LENGTH_UNIT ( ) NAMED_UNIT ( * ) SI_UNIT ( .MILLI., .METRE. ) );
#4719 = DIRECTION ( 'NONE',  ( 1.000000000000000000, 0.0000000000000000000, 0.0000000000000000000 ) ) ;
#4720 = ORIENTED_EDGE ( 'NONE', *, *, #5299, .F. ) ;
#4721 = DIRECTION ( 'NONE',  ( 0.08682659386416473300, -0.08682659386424840300, -0.9924325091389741800 ) ) ;
#4722 = ORIENTED_EDGE ( 'NONE', *, *, #624, .F. ) ;
#4723 = EDGE_LOOP ( 'NONE', ( #540, #224, #4917, #4470 ) ) ;
#4724 = ORIENTED_EDGE ( 'NONE', *, *, #2179, .T. ) ;
#4725 = AXIS2_PLACEMENT_3D ( 'NONE', #5458, #2929, #396 ) ;
#4726 = ORIENTED_EDGE ( 'NONE', *, *, #3447, .T. ) ;
#4727 = EDGE_LOOP ( 'NONE', ( #2346, #2756, #5057, #267 ) ) ;
#4728 = VERTEX_POINT ( 'NONE', #792 ) ;
#4729 = ORIENTED_EDGE ( 'NONE', *, *, #4677, .F. ) ;
#4730 = ORIENTED_EDGE ( 'NONE', *, *, #2816, .F. ) ;
#4731 = ORIENTED_EDGE ( 'NONE', *, *, #2017, .T. ) ;
#4732 = CARTESIAN_POINT ( 'NONE',  ( 0.9423076923076223500, 0.1815384615383663900, 0.0000000000000000000 ) ) ;
#4733 = APPLICATION_CONTEXT ( 'automotive_design' ) ;
#4734 = CARTESIAN_POINT ( 'NONE',  ( 0.3992425672903017200, 0.2000036276715576600, 0.4200000000000000400 ) ) ;
#4735 = SURFACE_SIDE_STYLE ('',( #4640 ) ) ;
#4736 = DIRECTION ( 'NONE',  ( -1.000000000000000000, 0.0000000000000000000, 0.0000000000000000000 ) ) ;
#4737 = FACE_OUTER_BOUND ( 'NONE', #3666, .T. ) ;
#4738 = SURFACE_SIDE_STYLE ('',( #1713 ) ) ;
#4739 = CARTESIAN_POINT ( 'NONE',  ( 0.09999999999990910600, 1.200000000000272800, 0.1000000000000000100 ) ) ;
#4740 = EDGE_LOOP ( 'NONE', ( #2740, #2170, #1758, #1024 ) ) ;
#4741 = EDGE_CURVE ( 'NONE', #2726, #3716, #4492, .T. ) ;
#4742 = DIRECTION ( 'NONE',  ( 1.000000000000000000, 0.0000000000000000000, 0.0000000000000000000 ) ) ;
#4743 = ORIENTED_EDGE ( 'NONE', *, *, #2282, .T. ) ;
#4744 = EDGE_CURVE ( 'NONE', #4259, #803, #2964, .T. ) ;
#4745 = ORIENTED_EDGE ( 'NONE', *, *, #656, .T. ) ;
#4746 = ORIENTED_EDGE ( 'NONE', *, *, #4297, .F. ) ;
#4747 = AXIS2_PLACEMENT_3D ( 'NONE', #3376, #847, #3810 ) ;
#4748 = EDGE_LOOP ( 'NONE', ( #615, #3076, #2486, #4795 ) ) ;
#4749 = VERTEX_POINT ( 'NONE', #409 ) ;
#4750 = CARTESIAN_POINT ( 'NONE',  ( 1.824999999999818100, 0.1000000000001364200, 0.0000000000000000000 ) ) ;
#4751 = EDGE_CURVE ( 'NONE', #756, #2880, #2121, .T. ) ;
#4752 = FACE_BOUND ( 'NONE', #4672, .T. ) ;
#4753 = VERTEX_POINT ( 'NONE', #2939 ) ;
#4754 = ORIENTED_EDGE ( 'NONE', *, *, #4111, .F. ) ;
#4755 = AXIS2_PLACEMENT_3D ( 'NONE', #3422, #897, #3865 ) ;
#4756 = DIRECTION ( 'NONE',  ( -0.08682659386424784700, 0.08682659386424007600, -0.9924325091389677400 ) ) ;
#4757 = APPLICATION_PROTOCOL_DEFINITION ( 'draft international standard', 'automotive_design', 1998, #1789 ) ;
#4758 = CARTESIAN_POINT ( 'NONE',  ( -0.09999999999990905100, 1.300000000000181900, 0.1000000000000000100 ) ) ;
#4759 = PLANE ( 'NONE',  #4357 ) ;
#4760 = CARTESIAN_POINT ( 'NONE',  ( 2.800000000000181900, 0.3000000000001819000, 0.0000000000000000000 ) ) ;
#4761 = DIRECTION ( 'NONE',  ( -0.0000000000000000000, 0.0000000000000000000, -1.000000000000000000 ) ) ;
#4762 = DIRECTION ( 'NONE',  ( 1.000000000000000000, 0.0000000000000000000, 0.0000000000000000000 ) ) ;
#4763 = LINE ( 'NONE', #604, #3627 ) ;
#4764 = LINE ( 'NONE', #3709, #2499 ) ;
#4765 = VECTOR ( 'NONE', #4331, 1000.000000000000100 ) ;
#4766 = LINE ( 'NONE', #2057, #4626 ) ;
#4767 = LINE ( 'NONE', #3298, #3634 ) ;
#4768 = AXIS2_PLACEMENT_3D ( 'NONE', #5220, #138, #3104 ) ;
#4769 = VECTOR ( 'NONE', #2151, 1000.000000000000000 ) ;
#4770 = VECTOR ( 'NONE', #3374, 1000.000000000000000 ) ;
#4771 = VECTOR ( 'NONE', #4950, 1000.000000000000000 ) ;
#4772 = UNCERTAINTY_MEASURE_WITH_UNIT (LENGTH_MEASURE( 1.000000000000000100E-005 ), #1297, 'distance_accuracy_value', 'NONE');
#4773 = LINE ( 'NONE', #5208, #2514 ) ;
#4774 = EDGE_CURVE ( 'NONE', #3733, #2328, #4368, .T. ) ;
#4775 = DIRECTION ( 'NONE',  ( -1.000000000000000000, 0.0000000000000000000, 0.0000000000000000000 ) ) ;
#4776 = VECTOR ( 'NONE', #2236, 1000.000000000000000 ) ;
#4777 = CARTESIAN_POINT ( 'NONE',  ( 0.9423076923076223500, 0.1815384615383663900, 0.1000000000000000100 ) ) ;
#4778 =( NAMED_UNIT ( * ) PLANE_ANGLE_UNIT ( ) SI_UNIT ( $, .RADIAN. ) );
#4779 = DIRECTION ( 'NONE',  ( 1.000000000000000000, 1.137328078938328500E-012, -0.0000000000000000000 ) ) ;
#4780 = LINE ( 'NONE', #2174, #4504 ) ;
#4781 = CARTESIAN_POINT ( 'NONE',  ( 0.2499999999999999400, 1.300000000000181900, 0.1000000000000000100 ) ) ;
#4782 = CIRCLE ( 'NONE', #1054, 0.1999999999999317900 ) ;
#4783 = CIRCLE ( 'NONE', #1550, 0.09999999999991333900 ) ;
#4784 = DIRECTION ( 'NONE',  ( 0.08715574274765836000, 0.0000000000000000000, 0.9961946980917455500 ) ) ;
#4785 = ORIENTED_EDGE ( 'NONE', *, *, #632, .F. ) ;
#4786 = VERTEX_POINT ( 'NONE', #808 ) ;
#4787 = EDGE_CURVE ( 'NONE', #3595, #1487, #3228, .T. ) ;
#4788 = AXIS2_PLACEMENT_3D ( 'NONE', #3522, #1423, #2268 ) ;
#4789 = DIRECTION ( 'NONE',  ( 1.000000000000000000, -0.0000000000000000000, -0.0000000000000000000 ) ) ;
#4790 = EDGE_CURVE ( 'NONE', #5140, #2455, #5476, .T. ) ;
#4791 = DIRECTION ( 'NONE',  ( 0.0000000000000000000, 0.0000000000000000000, 1.000000000000000000 ) ) ;
#4792 = DIRECTION ( 'NONE',  ( 0.0000000000000000000, 0.0000000000000000000, 1.000000000000000000 ) ) ;
#4793 = ORIENTED_EDGE ( 'NONE', *, *, #197, .F. ) ;
#4794 = DIRECTION ( 'NONE',  ( 1.000000000000000000, -0.0000000000000000000, -0.0000000000000000000 ) ) ;
#4795 = ORIENTED_EDGE ( 'NONE', *, *, #4921, .T. ) ;
#4796 = DIRECTION ( 'NONE',  ( -0.0000000000000000000, -0.0000000000000000000, -1.000000000000000000 ) ) ;
#4797 = CARTESIAN_POINT ( 'NONE',  ( 2.900000000000090900, 1.200000000000272800, 0.0000000000000000000 ) ) ;
#4798 = ORIENTED_EDGE ( 'NONE', *, *, #3921, .T. ) ;
#4799 = ORIENTED_EDGE ( 'NONE', *, *, #2230, .T. ) ;
#4800 = VERTEX_POINT ( 'NONE', #119 ) ;
#4801 = AXIS2_PLACEMENT_3D ( 'NONE', #697, #3656, #1106 ) ;
#4802 = DIRECTION ( 'NONE',  ( 1.000000000000000000, 0.0000000000000000000, 0.0000000000000000000 ) ) ;
#4803 = CARTESIAN_POINT ( 'NONE',  ( 1.474999999999909100, 0.1000000000001364100, 0.1000000000000000100 ) ) ;
#4804 = VECTOR ( 'NONE', #1146, 1000.000000000000100 ) ;
#4805 = ORIENTED_EDGE ( 'NONE', *, *, #2775, .F. ) ;
#4806 = ORIENTED_EDGE ( 'NONE', *, *, #3416, .T. ) ;
#4807 = ORIENTED_EDGE ( 'NONE', *, *, #2024, .T. ) ;
#4808 = ORIENTED_EDGE ( 'NONE', *, *, #2589, .T. ) ;
#4809 = AXIS2_PLACEMENT_3D ( 'NONE', #4758, #3440, #95 ) ;
#4810 = CARTESIAN_POINT ( 'NONE',  ( 1.574999999999818300, 1.400000000000090900, 0.1000000000000000100 ) ) ;
#4811 = DIRECTION ( 'NONE',  ( 0.0000000000000000000, 0.0000000000000000000, -1.000000000000000000 ) ) ;
#4812 = ADVANCED_FACE ( 'NONE', ( #852 ), #1854, .T. ) ;
#4813 = CARTESIAN_POINT ( 'NONE',  ( -0.04999999999972718600, 1.200000000000045700, 0.0000000000000000000 ) ) ;
#4814 = ORIENTED_EDGE ( 'NONE', *, *, #4256, .T. ) ;
#4815 = DIRECTION ( 'NONE',  ( 1.000000000000000000, 0.0000000000000000000, 0.0000000000000000000 ) ) ;
#4816 = DIRECTION ( 'NONE',  ( -0.0000000000000000000, -0.0000000000000000000, -1.000000000000000000 ) ) ;
#4817 = EDGE_CURVE ( 'NONE', #1466, #544, #2967, .T. ) ;
#4818 = DIRECTION ( 'NONE',  ( 0.0000000000000000000, -1.000000000000000000, 0.0000000000000000000 ) ) ;
#4819 = CARTESIAN_POINT ( 'NONE',  ( 0.2280000000007830200, 0.9727610603814135200, 0.0000000000000000000 ) ) ;
#4820 = EDGE_LOOP ( 'NONE', ( #2412, #2951, #4127, #2332 ) ) ;
#4821 = EDGE_LOOP ( 'NONE', ( #626, #5390, #2007, #3385 ) ) ;
#4822 = EDGE_CURVE ( 'NONE', #2293, #90, #5225, .T. ) ;
#4823 = AXIS2_PLACEMENT_3D ( 'NONE', #4194, #1658, #4617 ) ;
#4824 = VECTOR ( 'NONE', #541, 1000.000000000000000 ) ;
#4825 = EDGE_CURVE ( 'NONE', #1080, #686, #3103, .T. ) ;
#4826 = VECTOR ( 'NONE', #1274, 1000.000000000000000 ) ;
#4827 = DIRECTION ( 'NONE',  ( 0.0000000000000000000, 0.0000000000000000000, 1.000000000000000000 ) ) ;
#4828 = DIRECTION ( 'NONE',  ( 0.0000000000000000000, 0.0000000000000000000, -1.000000000000000000 ) ) ;
#4829 = DIRECTION ( 'NONE',  ( 1.000000000000000000, 0.0000000000000000000, 0.0000000000000000000 ) ) ;
#4830 = FACE_OUTER_BOUND ( 'NONE', #2143, .T. ) ;
#4831 = CIRCLE ( 'NONE', #3312, 0.09999999999990907800 ) ;
#4832 = ORIENTED_EDGE ( 'NONE', *, *, #1486, .T. ) ;
#4833 = CIRCLE ( 'NONE', #969, 0.1000000000001364400 ) ;
#4834 = AXIS2_PLACEMENT_3D ( 'NONE', #5222, #142, #4802 ) ;
#4835 = DIRECTION ( 'NONE',  ( -0.0000000000000000000, -0.0000000000000000000, -1.000000000000000000 ) ) ;
#4836 = LINE ( 'NONE', #3079, #1452 ) ;
#4837 = FACE_OUTER_BOUND ( 'NONE', #2025, .T. ) ;
#4838 = LINE ( 'NONE', #214, #3700 ) ;
#4839 = DIRECTION ( 'NONE',  ( 0.0000000000000000000, 0.0000000000000000000, 1.000000000000000000 ) ) ;
#4840 = LINE ( 'NONE', #3002, #2440 ) ;
#4841 = ADVANCED_FACE ( 'NONE', ( #4097, #5092 ), #1280, .F. ) ;
#4842 = LINE ( 'NONE', #1850, #2441 ) ;
#4843 = FACE_OUTER_BOUND ( 'NONE', #4498, .T. ) ;
#4844 = LINE ( 'NONE', #3265, #3577 ) ;
#4845 = EDGE_CURVE ( 'NONE', #4278, #488, #583, .T. ) ;
#4846 = CARTESIAN_POINT ( 'NONE',  ( 0.8833333333332120700, 1.400000000000090900, 0.1000000000000000100 ) ) ;
#4847 = DIRECTION ( 'NONE',  ( -0.0000000000000000000, -0.0000000000000000000, -1.000000000000000000 ) ) ;
#4848 = CARTESIAN_POINT ( 'NONE',  ( 2.550000000000181900, 0.2000000000002728500, 0.1000000000000000100 ) ) ;
#4849 = ORIENTED_EDGE ( 'NONE', *, *, #2652, .T. ) ;
#4850 = DIRECTION ( 'NONE',  ( -0.0000000000000000000, -0.0000000000000000000, -1.000000000000000000 ) ) ;
#4851 = DIRECTION ( 'NONE',  ( -1.000000000000000000, 0.0000000000000000000, 0.0000000000000000000 ) ) ;
#4852 = CARTESIAN_POINT ( 'NONE',  ( 2.350000000000363800, 1.200000000000045300, 0.0000000000000000000 ) ) ;
#4853 = AXIS2_PLACEMENT_3D ( 'NONE', #4218, #1681, #4641 ) ;
#4854 = ORIENTED_EDGE ( 'NONE', *, *, #367, .T. ) ;
#4855 = DIRECTION ( 'NONE',  ( -5.684268702434480800E-013, 1.000000000000000000, -0.0000000000000000000 ) ) ;
#4856 = ORIENTED_EDGE ( 'NONE', *, *, #2751, .F. ) ;
#4857 = ORIENTED_EDGE ( 'NONE', *, *, #4751, .F. ) ;
#4858 = EDGE_CURVE ( 'NONE', #3863, #4135, #2825, .T. ) ;
#4859 = ORIENTED_EDGE ( 'NONE', *, *, #707, .T. ) ;
#4860 = STYLED_ITEM ( 'NONE', ( #2517 ), #3366 ) ;
#4861 = VERTEX_POINT ( 'NONE', #28 ) ;
#4862 = EDGE_LOOP ( 'NONE', ( #945, #5182, #2612, #2593 ) ) ;
#4863 = VERTEX_POINT ( 'NONE', #5114 ) ;
#4864 = ADVANCED_FACE ( 'NONE', ( #2700 ), #2991, .F. ) ;
#4865 = EDGE_CURVE ( 'NONE', #3994, #961, #1572, .T. ) ;
#4866 = DIRECTION ( 'NONE',  ( 0.0000000000000000000, -0.0000000000000000000, -1.000000000000000000 ) ) ;
#4867 = EDGE_LOOP ( 'NONE', ( #2349, #274, #5135, #4058 ) ) ;
#4868 = ADVANCED_FACE ( 'NONE', ( #4830 ), #3426, .F. ) ;
#4869 = CARTESIAN_POINT ( 'NONE',  ( 1.924999999999727400, 1.400000000000090900, 0.1000000000000000100 ) ) ;
#4870 =( NAMED_UNIT ( * ) PLANE_ANGLE_UNIT ( ) SI_UNIT ( $, .RADIAN. ) );
#4871 = CARTESIAN_POINT ( 'NONE',  ( 3.000000000000000000, 1.400000000000090900, 0.0000000000000000000 ) ) ;
#4872 = DIRECTION ( 'NONE',  ( 1.000000000000000000, 0.0000000000000000000, 0.0000000000000000000 ) ) ;
#4873 = ORIENTED_EDGE ( 'NONE', *, *, #492, .T. ) ;
#4874 =( BOUNDED_CURVE ( )  B_SPLINE_CURVE ( 3, ( #3587, #3156, #4439, #1914 ),
 .UNSPECIFIED., .F., .F. ) 
 B_SPLINE_CURVE_WITH_KNOTS ( ( 4, 4 ),
 ( 2.359992588465670900, 3.923192718713915700 ),
 .UNSPECIFIED. ) 
 CURVE ( )  GEOMETRIC_REPRESENTATION_ITEM ( )  RATIONAL_B_SPLINE_CURVE ( ( 1.000000000000000000, 0.8065248903853690100, 0.8065248903853690100, 1.000000000000000000 ) ) 
 REPRESENTATION_ITEM ( '' )  );
#4875 = AXIS2_PLACEMENT_3D ( 'NONE', #1710, #4668, #2137 ) ;
#4876 = VERTEX_POINT ( 'NONE', #3010 ) ;
#4877 = ORIENTED_EDGE ( 'NONE', *, *, #3934, .F. ) ;
#4878 = VERTEX_POINT ( 'NONE', #2603 ) ;
#4879 = PLANE ( 'NONE',  #4336 ) ;
#4880 = VERTEX_POINT ( 'NONE', #1319 ) ;
#4881 = ORIENTED_EDGE ( 'NONE', *, *, #4449, .F. ) ;
#4882 = VERTEX_POINT ( 'NONE', #2177 ) ;
#4883 = DIRECTION ( 'NONE',  ( -0.0000000000000000000, -1.000000000000000000, -0.0000000000000000000 ) ) ;
#4884 = FACE_OUTER_BOUND ( 'NONE', #4937, .T. ) ;
#4885 = DIRECTION ( 'NONE',  ( 1.000000000000000000, 0.0000000000000000000, 0.0000000000000000000 ) ) ;
#4886 = CARTESIAN_POINT ( 'NONE',  ( 0.5500000000002864800, 1.179999999999269600, 0.0000000000000000000 ) ) ;
#4887 = ORIENTED_EDGE ( 'NONE', *, *, #5203, .T. ) ;
#4888 = ORIENTED_EDGE ( 'NONE', *, *, #345, .F. ) ;
#4889 = EDGE_CURVE ( 'NONE', #5117, #947, #3834, .T. ) ;
#4890 = ADVANCED_FACE ( 'NONE', ( #3692 ), #3443, .T. ) ;
#4891 = CARTESIAN_POINT ( 'NONE',  ( 0.4499999999998181000, 1.180000000000063700, 0.0000000000000000000 ) ) ;
#4892 = STYLED_ITEM ( 'NONE', ( #2567 ), #4890 ) ;
#4893 = ADVANCED_FACE ( 'NONE', ( #45 ), #917, .F. ) ;
#4894 = LINE ( 'NONE', #1442, #2498 ) ;
#4895 = CIRCLE ( 'NONE', #285, 0.09999999999990918900 ) ;
#4896 = EDGE_CURVE ( 'NONE', #3932, #4598, #4424, .T. ) ;
#4897 = VECTOR ( 'NONE', #1359, 1000.000000000000000 ) ;
#4898 = LINE ( 'NONE', #452, #521 ) ;
#4899 = FACE_OUTER_BOUND ( 'NONE', #2948, .T. ) ;
#4900 = VECTOR ( 'NONE', #5090, 1000.000000000000000 ) ;
#4901 = DIRECTION ( 'NONE',  ( -1.000000000000000000, -0.0000000000000000000, -0.0000000000000000000 ) ) ;
#4902 = SHAPE_DEFINITION_REPRESENTATION ( #2881, #1830 ) ;
#4903 = CARTESIAN_POINT ( 'NONE',  ( 2.771999999999934500, 1.089655387124633100, 0.1000000000000000300 ) ) ;
#4904 = FACE_OUTER_BOUND ( 'NONE', #1882, .T. ) ;
#4905 = VECTOR ( 'NONE', #1102, 1000.000000000000000 ) ;
#4906 = AXIS2_PLACEMENT_3D ( 'NONE', #2882, #350, #3308 ) ;
#4907 = CARTESIAN_POINT ( 'NONE',  ( 0.7666666666668788800, 0.09999999999990905100, 0.0000000000000000000 ) ) ;
#4908 = CIRCLE ( 'NONE', #4083, 0.09999999999990466500 ) ;
#4909 = DIRECTION ( 'NONE',  ( 1.000000000000000000, 8.938062131467536700E-014, 0.0000000000000000000 ) ) ;
#4910 = CARTESIAN_POINT ( 'NONE',  ( 2.771999999999934500, 0.4272389396183968700, 0.1000000000000000100 ) ) ;
#4911 = FACE_OUTER_BOUND ( 'NONE', #297, .T. ) ;
#4912 = ORIENTED_EDGE ( 'NONE', *, *, #738, .T. ) ;
#4913 = LINE ( 'NONE', #2091, #3650 ) ;
#4914 = DIRECTION ( 'NONE',  ( -1.000000000000000000, 0.0000000000000000000, 0.0000000000000000000 ) ) ;
#4915 = AXIS2_PLACEMENT_3D ( 'NONE', #5465, #1259, #4239 ) ;
#4916 = ORIENTED_EDGE ( 'NONE', *, *, #2318, .T. ) ;
#4917 = ORIENTED_EDGE ( 'NONE', *, *, #1262, .F. ) ;
#4918 = ADVANCED_FACE ( 'NONE', ( #3288 ), #3901, .T. ) ;
#4919 = EDGE_CURVE ( 'NONE', #5353, #2861, #5021, .T. ) ;
#4920 = ADVANCED_FACE ( 'NONE', ( #1779 ), #516, .T. ) ;
#4921 = EDGE_CURVE ( 'NONE', #286, #4135, #645, .T. ) ;
#4922 = VERTEX_POINT ( 'NONE', #2251 ) ;
#4923 = CARTESIAN_POINT ( 'NONE',  ( 2.650000000000090900, 0.6249999999995452500, 0.0000000000000000000 ) ) ;
#4924 = VERTEX_POINT ( 'NONE', #2676 ) ;
#4925 = CARTESIAN_POINT ( 'NONE',  ( 0.2280000000000655100, 0.2279999999998381100, 0.0000000000000000000 ) ) ;
#4926 = DIRECTION ( 'NONE',  ( 0.0000000000000000000, 0.0000000000000000000, -1.000000000000000000 ) ) ;
#4927 = ORIENTED_EDGE ( 'NONE', *, *, #3968, .T. ) ;
#4928 = ORIENTED_EDGE ( 'NONE', *, *, #3029, .T. ) ;
#4929 = DIRECTION ( 'NONE',  ( 0.0000000000000000000, 0.0000000000000000000, 1.000000000000000000 ) ) ;
#4930 = EDGE_CURVE ( 'NONE', #2872, #4922, #3760, .T. ) ;
#4931 = ORIENTED_EDGE ( 'NONE', *, *, #5213, .T. ) ;
#4932 = LINE ( 'NONE', #5379, #3945 ) ;
#4933 = VERTEX_POINT ( 'NONE', #3966 ) ;
#4934 = AXIS2_PLACEMENT_3D ( 'NONE', #569, #3525, #996 ) ;
#4935 = ORIENTED_EDGE ( 'NONE', *, *, #1481, .T. ) ;
#4936 = UNCERTAINTY_MEASURE_WITH_UNIT (LENGTH_MEASURE( 1.000000000000000100E-005 ), #1814, 'distance_accuracy_value', 'NONE');
#4937 = EDGE_LOOP ( 'NONE', ( #1238, #2681, #4346, #4328 ) ) ;
#4938 = EDGE_LOOP ( 'NONE', ( #2921, #486, #85, #502, #4190, #3737, #4856, #4131, #34, #3444, #1629, #3149, #5443, #5047, #344, #1072, #362, #673, #2480, #2457, #4002, #5394, #2199 ) ) ;
#4939 = CARTESIAN_POINT ( 'NONE',  ( 2.550000000000181900, 1.200000000000272800, 0.1000000000000000100 ) ) ;
#4940 = CARTESIAN_POINT ( 'NONE',  ( 3.000000000000000000, 0.6249999999995452500, 0.1000000000000000100 ) ) ;
#4941 = ORIENTED_EDGE ( 'NONE', *, *, #3218, .T. ) ;
#4942 = CARTESIAN_POINT ( 'NONE',  ( 2.550000000000181900, 1.200000000000272800, 0.0000000000000000000 ) ) ;
#4943 = AXIS2_PLACEMENT_3D ( 'NONE', #1545, #4509, #1980 ) ;
#4944 = CARTESIAN_POINT ( 'NONE',  ( 2.449999999999818100, 0.1000000000001364100, 0.1000000000000000100 ) ) ;
#4945 = ADVANCED_FACE ( 'NONE', ( #1647 ), #381, .F. ) ;
#4946 = DIRECTION ( 'NONE',  ( 0.0000000000000000000, 1.000000000000000000, -0.0000000000000000000 ) ) ;
#4947 = ORIENTED_EDGE ( 'NONE', *, *, #2436, .F. ) ;
#4948 = ORIENTED_EDGE ( 'NONE', *, *, #2355, .T. ) ;
#4949 = EDGE_CURVE ( 'NONE', #2142, #550, #2630, .T. ) ;
#4950 = DIRECTION ( 'NONE',  ( -9.634353732941982200E-013, -1.000000000000000000, -0.0000000000000000000 ) ) ;
#4951 = AXIS2_PLACEMENT_3D ( 'NONE', #594, #4839, #2295 ) ;
#4952 = CARTESIAN_POINT ( 'NONE',  ( 0.2500000000000000000, 1.300000000000181900, 0.0000000000000000000 ) ) ;
#4953 = LINE ( 'NONE', #5085, #5089 ) ;
#4954 =( NAMED_UNIT ( * ) SI_UNIT ( $, .STERADIAN. ) SOLID_ANGLE_UNIT ( ) );
#4955 = DIRECTION ( 'NONE',  ( 0.0000000000000000000, 0.0000000000000000000, 1.000000000000000000 ) ) ;
#4956 = EDGE_CURVE ( 'NONE', #359, #869, #1505, .T. ) ;
#4957 = CARTESIAN_POINT ( 'NONE',  ( 0.6000000000003638000, 0.2999999999999545300, 0.0000000000000000000 ) ) ;
#4958 = VECTOR ( 'NONE', #3872, 1000.000000000000100 ) ;
#4959 = ORIENTED_EDGE ( 'NONE', *, *, #1083, .F. ) ;
#4960 = DIRECTION ( 'NONE',  ( -0.0000000000000000000, -0.0000000000000000000, -1.000000000000000000 ) ) ;
#4961 = VECTOR ( 'NONE', #3561, 1000.000000000000000 ) ;
#4962 = PLANE ( 'NONE',  #2571 ) ;
#4963 =( GEOMETRIC_REPRESENTATION_CONTEXT ( 3 ) GLOBAL_UNCERTAINTY_ASSIGNED_CONTEXT ( ( #1406 ) ) GLOBAL_UNIT_ASSIGNED_CONTEXT ( ( #4071, #1532, #4490 ) ) REPRESENTATION_CONTEXT ( 'NONE', 'WORKASPACE' ) );
#4964 = CLOSED_SHELL ( 'NONE', ( #3215, #4054, #4890, #5293, #1470, #4497, #4918, #744, #4415, #3326 ) ) ;
#4965 = CYLINDRICAL_SURFACE ( 'NONE', #4512, 0.1000000000002500600 ) ;
#4966 = LINE ( 'NONE', #2886, #1581 ) ;
#4967 = CIRCLE ( 'NONE', #1445, 0.09999999999968171800 ) ;
#4968 = EDGE_CURVE ( 'NONE', #1968, #69, #4894, .T. ) ;
#4969 = CYLINDRICAL_SURFACE ( 'NONE', #4537, 0.09999999999990788500 ) ;
#4970 = LINE ( 'NONE', #545, #468 ) ;
#4971 = ADVANCED_FACE ( 'NONE', ( #242 ), #3482, .F. ) ;
#4972 = DIRECTION ( 'NONE',  ( -0.9961946980917382200, 0.0000000000000000000, -0.08715574274774168200 ) ) ;
#4973 = CARTESIAN_POINT ( 'NONE',  ( 0.3000000000001819000, 0.2000000000000455000, -0.1000000000000000100 ) ) ;
#4974 = FACE_OUTER_BOUND ( 'NONE', #4987, .T. ) ;
#4975 = AXIS2_PLACEMENT_3D ( 'NONE', #2073, #2489, #4600 ) ;
#4976 = DIRECTION ( 'NONE',  ( 0.0000000000000000000, 0.0000000000000000000, -1.000000000000000000 ) ) ;
#4977 = ORIENTED_EDGE ( 'NONE', *, *, #5482, .T. ) ;
#4978 = DIRECTION ( 'NONE',  ( -0.0000000000000000000, -1.000000000000000000, -0.0000000000000000000 ) ) ;
#4979 = DIRECTION ( 'NONE',  ( -0.0000000000000000000, 0.0000000000000000000, -1.000000000000000000 ) ) ;
#4980 = ORIENTED_EDGE ( 'NONE', *, *, #4392, .T. ) ;
#4981 = AXIS2_PLACEMENT_3D ( 'NONE', #1873, #4828, #2286 ) ;
#4982 = EDGE_LOOP ( 'NONE', ( #1671, #1203, #1183, #3861 ) ) ;
#4983 = ORIENTED_EDGE ( 'NONE', *, *, #4865, .F. ) ;
#4984 = EDGE_CURVE ( 'NONE', #268, #1754, #4763, .T. ) ;
#4985 = ORIENTED_EDGE ( 'NONE', *, *, #1507, .F. ) ;
#4986 = CARTESIAN_POINT ( 'NONE',  ( 2.450000000000272800, 1.100000000000136400, -0.1000000000000000100 ) ) ;
#4987 = EDGE_LOOP ( 'NONE', ( #539, #1334, #2087, #2481 ) ) ;
#4988 = VERTEX_POINT ( 'NONE', #2710 ) ;
#4989 = ORIENTED_EDGE ( 'NONE', *, *, #625, .F. ) ;
#4990 = EDGE_CURVE ( 'NONE', #3607, #4197, #1226, .T. ) ;
#4991 = CARTESIAN_POINT ( 'NONE',  ( 0.2280000000002574700, 0.4272389396183969800, 0.1000000000000000100 ) ) ;
#4992 = CARTESIAN_POINT ( 'NONE',  ( 0.6583333333333030200, 0.0000000000000000000, 0.0000000000000000000 ) ) ;
#4993 = AXIS2_PLACEMENT_3D ( 'NONE', #305, #736, #3696 ) ;
#4994 = ORIENTED_EDGE ( 'NONE', *, *, #4351, .F. ) ;
#4995 = PLANE ( 'NONE',  #4555 ) ;
#4996 = PLANE ( 'NONE',  #2578 ) ;
#4997 = DIRECTION ( 'NONE',  ( 0.0000000000000000000, 0.0000000000000000000, 1.000000000000000000 ) ) ;
#4998 = ORIENTED_EDGE ( 'NONE', *, *, #3237, .T. ) ;
#4999 = ADVANCED_FACE ( 'NONE', ( #4620 ), #2237, .T. ) ;
#5000 = DIRECTION ( 'NONE',  ( -1.000000000000000000, 0.0000000000000000000, 0.0000000000000000000 ) ) ;
#5001 = EDGE_CURVE ( 'NONE', #2466, #2093, #4486, .T. ) ;
#5002 = ORIENTED_EDGE ( 'NONE', *, *, #4502, .T. ) ;
#5003 = VERTEX_POINT ( 'NONE', #3155 ) ;
#5004 = VERTEX_POINT ( 'NONE', #1036 ) ;
#5005 = AXIS2_PLACEMENT_3D ( 'NONE', #3802, #1252, #4231 ) ;
#5006 = EDGE_LOOP ( 'NONE', ( #2266, #491, #5016, #3260 ) ) ;
#5007 = ORIENTED_EDGE ( 'NONE', *, *, #2299, .T. ) ;
#5008 = ORIENTED_EDGE ( 'NONE', *, *, #4968, .T. ) ;
#5009 = DIRECTION ( 'NONE',  ( -0.0000000000000000000, -0.0000000000000000000, -1.000000000000000000 ) ) ;
#5010 = CARTESIAN_POINT ( 'NONE',  ( 0.7666666666668788800, 0.09999999999990905100, 0.1000000000000000100 ) ) ;
#5011 = DIRECTION ( 'NONE',  ( -0.0000000000000000000, 1.000000000000000000, -0.0000000000000000000 ) ) ;
#5012 = CARTESIAN_POINT ( 'NONE',  ( 2.450000000000272800, 1.100000000000136400, -0.1000000000000000100 ) ) ;
#5013 = CARTESIAN_POINT ( 'NONE',  ( 0.5333333333333030200, 1.400000000000090900, 0.1000000000000000100 ) ) ;
#5014 = CARTESIAN_POINT ( 'NONE',  ( 0.09999999999990905100, 0.5250000000000909500, 0.1000000000000000100 ) ) ;
#5015 = CYLINDRICAL_SURFACE ( 'NONE', #352, 0.09999999999990875900 ) ;
#5016 = ORIENTED_EDGE ( 'NONE', *, *, #519, .F. ) ;
#5017 = DIRECTION ( 'NONE',  ( -1.000000000000000000, -0.0000000000000000000, -0.0000000000000000000 ) ) ;
#5018 = VERTEX_POINT ( 'NONE', #2730 ) ;
#5019 = CARTESIAN_POINT ( 'NONE',  ( 0.0000000000000000000, 0.0000000000000000000, 0.1000000000000000100 ) ) ;
#5020 = EDGE_CURVE ( 'NONE', #5266, #566, #46, .T. ) ;
#5021 = CIRCLE ( 'NONE', #3354, 0.1000000000000255800 ) ;
#5022 = EDGE_CURVE ( 'NONE', #3199, #3055, #1178, .T. ) ;
#5023 = CIRCLE ( 'NONE', #4943, 0.1000000000000252500 ) ;
#5024 = ADVANCED_FACE ( 'NONE', ( #3310 ), #5429, .F. ) ;
#5025 = DIRECTION ( 'NONE',  ( 0.0000000000000000000, 0.0000000000000000000, 1.000000000000000000 ) ) ;
#5027 = CARTESIAN_POINT ( 'NONE',  ( 0.7999999999997271500, 0.3000000000001819000, 0.1000000000000000100 ) ) ;
#5026 = AXIS2_PLACEMENT_3D ( 'NONE', #443, #3391, #866 ) ;
#5028 = LINE ( 'NONE', #1340, #3765 ) ;
#5029 = CYLINDRICAL_SURFACE ( 'NONE', #3858, 0.09999999999990472100 ) ;
#5030 = LINE ( 'NONE', #3712, #5165 ) ;
#5031 = CARTESIAN_POINT ( 'NONE',  ( 1.008333333333212100, 0.0000000000000000000, 0.1000000000000000100 ) ) ;
#5032 = CIRCLE ( 'NONE', #4875, 0.2000000000001507000 ) ;
#5034 = DIRECTION ( 'NONE',  ( -1.000000000000000000, -3.209939973140664100E-013, -0.0000000000000000000 ) ) ;
#5033 = DIRECTION ( 'NONE',  ( -1.000000000000000000, 0.0000000000000000000, 0.0000000000000000000 ) ) ;
#5035 = EDGE_CURVE ( 'NONE', #1754, #1478, #4446, .T. ) ;
#5036 = CARTESIAN_POINT ( 'NONE',  ( -0.09999999999990903700, 0.1000000000001364400, 0.1000000000000000100 ) ) ;
#5037 = LINE ( 'NONE', #2511, #1656 ) ;
#5038 = LINE ( 'NONE', #1524, #2647 ) ;
#5039 = AXIS2_PLACEMENT_3D ( 'NONE', #1314, #4290, #1755 ) ;
#5040 = VECTOR ( 'NONE', #3911, 1000.000000000000000 ) ;
#5041 = SHAPE_REPRESENTATION_RELATIONSHIP ( 'NONE' , 'NONE' ,  #4077, #3785 ) ;
#5042 = CIRCLE ( 'NONE', #5026, 0.09999999999993844400 ) ;
#5043 = AXIS2_PLACEMENT_3D ( 'NONE', #3477, #956, #3923 ) ;
#5044 = CARTESIAN_POINT ( 'NONE',  ( 0.2500000000006821200, 0.2999999999999545300, 0.0000000000000000000 ) ) ;
#5045 = VECTOR ( 'NONE', #3748, 1000.000000000000000 ) ;
#5046 = CARTESIAN_POINT ( 'NONE',  ( 0.1999999999998181000, 1.300000000000181900, 0.1000000000000000100 ) ) ;
#5047 = ORIENTED_EDGE ( 'NONE', *, *, #5035, .F. ) ;
#5048 = VERTEX_POINT ( 'NONE', #1056 ) ;
#5049 = AXIS2_PLACEMENT_3D ( 'NONE', #3984, #1443, #4403 ) ;
#5050 = DIRECTION ( 'NONE',  ( -0.0000000000000000000, -0.0000000000000000000, -1.000000000000000000 ) ) ;
#5051 = CARTESIAN_POINT ( 'NONE',  ( 1.149999999999968800, 1.100000000000031400, 0.1000000000000000100 ) ) ;
#5052 = CARTESIAN_POINT ( 'NONE',  ( 0.5000000000000000000, 1.200000000000045700, 0.0000000000000000000 ) ) ;
#5053 = DIRECTION ( 'NONE',  ( -0.0000000000000000000, -0.0000000000000000000, -1.000000000000000000 ) ) ;
#5054 = EDGE_CURVE ( 'NONE', #4882, #4198, #3181, .T. ) ;
#5055 = ORIENTED_EDGE ( 'NONE', *, *, #158, .F. ) ;
#5056 = ORIENTED_EDGE ( 'NONE', *, *, #2690, .F. ) ;
#5057 = ORIENTED_EDGE ( 'NONE', *, *, #2006, .F. ) ;
#5058 = ORIENTED_EDGE ( 'NONE', *, *, #1976, .T. ) ;
#5059 = ORIENTED_EDGE ( 'NONE', *, *, #940, .F. ) ;
#5060 = VERTEX_POINT ( 'NONE', #4453 ) ;
#5061 = CARTESIAN_POINT ( 'NONE',  ( 2.650000000000090900, 0.7750000000005458100, 0.0000000000000000000 ) ) ;
#5062 = DIRECTION ( 'NONE',  ( -0.0000000000000000000, -0.0000000000000000000, -1.000000000000000000 ) ) ;
#5063 = VECTOR ( 'NONE', #720, 1000.000000000000000 ) ;
#5064 = EDGE_CURVE ( 'NONE', #422, #3186, #4316, .T. ) ;
#5065 = DIRECTION ( 'NONE',  ( 0.0000000000000000000, 0.0000000000000000000, 1.000000000000000000 ) ) ;
#5066 = ORIENTED_EDGE ( 'NONE', *, *, #738, .F. ) ;
#5067 = AXIS2_PLACEMENT_3D ( 'NONE', #654, #3619, #1137 ) ;
#5069 = DIRECTION ( 'NONE',  ( 1.000000000000000000, 0.0000000000000000000, 0.0000000000000000000 ) ) ;
#5068 = DIRECTION ( 'NONE',  ( -8.904050106582565600E-014, 0.9961946980917455500, 0.08715574274765837400 ) ) ;
#5070 = CARTESIAN_POINT ( 'NONE',  ( 2.799996372328230200, 0.2280000000000655100, 0.3200000000000000100 ) ) ;
#5071 = CARTESIAN_POINT ( 'NONE',  ( -2.037878165972969400E-014, 0.2279999999998177400, 0.1000000000000000100 ) ) ;
#5072 = VERTEX_POINT ( 'NONE', #2334 ) ;
#5073 = EDGE_LOOP ( 'NONE', ( #4059, #3065, #2761, #1745 ) ) ;
#5074 = EDGE_LOOP ( 'NONE', ( #1285, #144, #3662, #5080 ) ) ;
#5075 = DIRECTION ( 'NONE',  ( 0.0000000000000000000, 0.0000000000000000000, -1.000000000000000000 ) ) ;
#5076 = EDGE_CURVE ( 'NONE', #4786, #5210, #5300, .T. ) ;
#5077 = ORIENTED_EDGE ( 'NONE', *, *, #1019, .F. ) ;
#5078 = ORIENTED_EDGE ( 'NONE', *, *, #2320, .F. ) ;
#5079 = CIRCLE ( 'NONE', #2521, 0.1000000000000252500 ) ;
#5080 = ORIENTED_EDGE ( 'NONE', *, *, #5453, .T. ) ;
#5081 = ORIENTED_EDGE ( 'NONE', *, *, #1101, .T. ) ;
#5082 = AXIS2_PLACEMENT_3D ( 'NONE', #3641, #1089, #1528 ) ;
#5083 = DIRECTION ( 'NONE',  ( 1.000000000000000000, 8.938062131467536700E-014, -0.0000000000000000000 ) ) ;
#5085 = CARTESIAN_POINT ( 'NONE',  ( 0.4499999999998181000, 1.180000000000063700, 0.1000000000000000100 ) ) ;
#5084 = PLANE ( 'NONE',  #1915 ) ;
#5086 =( NAMED_UNIT ( * ) SI_UNIT ( $, .STERADIAN. ) SOLID_ANGLE_UNIT ( ) );
#5087 = PLANE ( 'NONE',  #1969 ) ;
#5088 = PLANE ( 'NONE',  #374 ) ;
#5089 = VECTOR ( 'NONE', #2131, 1000.000000000000000 ) ;
#5090 = DIRECTION ( 'NONE',  ( 0.0000000000000000000, -1.000000000000000000, 0.0000000000000000000 ) ) ;
#5091 = COLOUR_RGB ( '',1.000000000000000000, 1.000000000000000000, 0.5019607843137254800 ) ;
#5092 = FACE_OUTER_BOUND ( 'NONE', #4938, .T. ) ;
#5093 = ORIENTED_EDGE ( 'NONE', *, *, #2180, .F. ) ;
#5094 = VECTOR ( 'NONE', #3122, 1000.000000000000000 ) ;
#5095 = EDGE_CURVE ( 'NONE', #5460, #422, #2317, .T. ) ;
#5096 = ORIENTED_EDGE ( 'NONE', *, *, #1772, .F. ) ;
#5097 = EDGE_CURVE ( 'NONE', #2927, #1819, #3048, .T. ) ;
#5098 = FACE_OUTER_BOUND ( 'NONE', #2987, .T. ) ;
#5099 = VECTOR ( 'NONE', #4139, 1000.000000000000000 ) ;
#5100 = CARTESIAN_POINT ( 'NONE',  ( 0.3000000000001819000, 0.2000000000000455000, -0.1000000000000000100 ) ) ;
#5102 = PLANE ( 'NONE',  #923 ) ;
#5101 = AXIS2_PLACEMENT_3D ( 'NONE', #4986, #766, #3722 ) ;
#5103 = FACE_OUTER_BOUND ( 'NONE', #3931, .T. ) ;
#5104 = PRESENTATION_STYLE_ASSIGNMENT (( #1275 ) ) ;
#5105 = CIRCLE ( 'NONE', #4068, 0.1000000000003636900 ) ;
#5107 = DIRECTION ( 'NONE',  ( -0.0000000000000000000, -0.0000000000000000000, -1.000000000000000000 ) ) ;
#5106 = SURFACE_STYLE_USAGE ( .BOTH. , #2144 ) ;
#5108 = EDGE_CURVE ( 'NONE', #2880, #3539, #1936, .T. ) ;
#5109 =( LENGTH_UNIT ( ) NAMED_UNIT ( * ) SI_UNIT ( .MILLI., .METRE. ) );
#5110 = DIRECTION ( 'NONE',  ( 0.0000000000000000000, 0.0000000000000000000, -1.000000000000000000 ) ) ;
#5111 = LINE ( 'NONE', #3080, #470 ) ;
#5112 = CARTESIAN_POINT ( 'NONE',  ( 2.700000000000272800, 0.2000000000000455000, 0.0000000000000000000 ) ) ;
#5113 = VECTOR ( 'NONE', #3660, 1000.000000000000200 ) ;
#5114 = CARTESIAN_POINT ( 'NONE',  ( 2.350000000000363800, 0.1999999999998181000, 0.0000000000000000000 ) ) ;
#5115 = EDGE_LOOP ( 'NONE', ( #2023, #3543, #4655, #2668 ) ) ;
#5116 = AXIS2_PLACEMENT_3D ( 'NONE', #54, #3020, #490 ) ;
#5117 = VERTEX_POINT ( 'NONE', #4123 ) ;
#5118 = CARTESIAN_POINT ( 'NONE',  ( 1.824999999999818100, 0.1000000000001364200, 0.1000000000000000100 ) ) ;
#5119 = DIRECTION ( 'NONE',  ( 0.3846153846188730100, 0.9230769230754695100, 0.0000000000000000000 ) ) ;
#5120 = ORIENTED_EDGE ( 'NONE', *, *, #2981, .F. ) ;
#5121 = ORIENTED_EDGE ( 'NONE', *, *, #4522, .F. ) ;
#5122 = ORIENTED_EDGE ( 'NONE', *, *, #5346, .F. ) ;
#5124 = DIRECTION ( 'NONE',  ( -0.0000000000000000000, -0.0000000000000000000, -1.000000000000000000 ) ) ;
#5123 = CARTESIAN_POINT ( 'NONE',  ( 0.4576923076924686000, 1.218461538461724600, 0.1000000000000000100 ) ) ;
#5125 = ORIENTED_EDGE ( 'NONE', *, *, #5381, .F. ) ;
#5126 = DIRECTION ( 'NONE',  ( 0.0000000000000000000, 0.0000000000000000000, 1.000000000000000000 ) ) ;
#5127 = PLANE ( 'NONE',  #3097 ) ;
#5128 = ORIENTED_EDGE ( 'NONE', *, *, #458, .T. ) ;
#5129 = DIRECTION ( 'NONE',  ( 1.000000000000000000, 0.0000000000000000000, 0.0000000000000000000 ) ) ;
#5130 = ORIENTED_EDGE ( 'NONE', *, *, #652, .F. ) ;
#5131 = CARTESIAN_POINT ( 'NONE',  ( 2.900000000000090900, 0.2000000000002728500, 0.1000000000000000100 ) ) ;
#5132 = VERTEX_POINT ( 'NONE', #4991 ) ;
#5133 = EDGE_CURVE ( 'NONE', #629, #3881, #797, .T. ) ;
#5134 = DIRECTION ( 'NONE',  ( 1.000000000000000000, 0.0000000000000000000, 0.0000000000000000000 ) ) ;
#5135 = ORIENTED_EDGE ( 'NONE', *, *, #4014, .F. ) ;
#5136 = ORIENTED_EDGE ( 'NONE', *, *, #5241, .T. ) ;
#5137 = AXIS2_PLACEMENT_3D ( 'NONE', #1620, #2894, #4161 ) ;
#5138 = ORIENTED_EDGE ( 'NONE', *, *, #2153, .T. ) ;
#5139 = DIRECTION ( 'NONE',  ( 0.0000000000000000000, 1.000000000000000000, 0.0000000000000000000 ) ) ;
#5140 = VERTEX_POINT ( 'NONE', #2867 ) ;
#5141 = EDGE_CURVE ( 'NONE', #3208, #2466, #1800, .T. ) ;
#5142 = EDGE_LOOP ( 'NONE', ( #4948, #4989, #4575, #2010 ) ) ;
#5143 = PRESENTATION_LAYER_ASSIGNMENT (  '', '', ( #4860 ) ) ;
#5144 = VERTEX_POINT ( 'NONE', #3296 ) ;
#5145 = DIRECTION ( 'NONE',  ( -0.0000000000000000000, -0.0000000000000000000, -1.000000000000000000 ) ) ;
#5146 =( NAMED_UNIT ( * ) SI_UNIT ( $, .STERADIAN. ) SOLID_ANGLE_UNIT ( ) );
#5147 = DIRECTION ( 'NONE',  ( 0.0000000000000000000, -0.0000000000000000000, -1.000000000000000000 ) ) ;
#5148 = ORIENTED_EDGE ( 'NONE', *, *, #4206, .T. ) ;
#5149 = CARTESIAN_POINT ( 'NONE',  ( 0.7256410256409254700, 1.361538461538657400, 0.1000000000000000100 ) ) ;
#5150 = ORIENTED_EDGE ( 'NONE', *, *, #1876, .F. ) ;
#5151 = FILL_AREA_STYLE_COLOUR ( '', #455 ) ;
#5152 = EDGE_CURVE ( 'NONE', #2393, #4263, #930, .T. ) ;
#5153 = LINE ( 'NONE', #2523, #4027 ) ;
#5154 = CARTESIAN_POINT ( 'NONE',  ( 0.2280000000008956800, 1.089655387124735400, 0.09999999999999997800 ) ) ;
#5155 = FILL_AREA_STYLE_COLOUR ( '', #3430 ) ;
#5156 = VECTOR ( 'NONE', #4909, 1000.000000000000000 ) ;
#5157 = CARTESIAN_POINT ( 'NONE',  ( -0.1500000000000952200, 1.200000000000277300, 0.1000000000000000100 ) ) ;
#5158 = APPLICATION_PROTOCOL_DEFINITION ( 'draft international standard', 'automotive_design', 1998, #496 ) ;
#5159 = CARTESIAN_POINT ( 'NONE',  ( 0.2000036276718221700, 0.2823482405465893000, 0.4200000000000000400 ) ) ;
#5160 =( LENGTH_UNIT ( ) NAMED_UNIT ( * ) SI_UNIT ( .MILLI., .METRE. ) );
#5161 = CARTESIAN_POINT ( 'NONE',  ( 0.1999999999998180700, 0.1000000000001364400, 0.1000000000000000100 ) ) ;
#5162 = VECTOR ( 'NONE', #3409, 1000.000000000000000 ) ;
#5163 =( LENGTH_UNIT ( ) NAMED_UNIT ( * ) SI_UNIT ( .MILLI., .METRE. ) );
#5164 = VECTOR ( 'NONE', #2522, 1000.000000000000000 ) ;
#5165 = VECTOR ( 'NONE', #2854, 1000.000000000000000 ) ;
#5166 = DIRECTION ( 'NONE',  ( 1.000000000000000000, 0.0000000000000000000, 0.0000000000000000000 ) ) ;
#5167 = VECTOR ( 'NONE', #790, 1000.000000000000000 ) ;
#5168 = FACE_OUTER_BOUND ( 'NONE', #4022, .T. ) ;
#5169 = DIRECTION ( 'NONE',  ( -0.08682659386424777800, -0.08682659386424779200, -0.9924325091389669700 ) ) ;
#5170 = LINE ( 'NONE', #2625, #795 ) ;
#5171 = EDGE_CURVE ( 'NONE', #1831, #3454, #2918, .T. ) ;
#5172 = LINE ( 'NONE', #404, #5292 ) ;
#5173 = CARTESIAN_POINT ( 'NONE',  ( 1.150000000000090900, 1.100000000000136400, 0.0000000000000000000 ) ) ;
#5174 = VECTOR ( 'NONE', #4789, 1000.000000000000000 ) ;
#5175 = PRESENTATION_LAYER_ASSIGNMENT (  '', '', ( #4892 ) ) ;
#5176 = VECTOR ( 'NONE', #1619, 1000.000000000000000 ) ;
#5177 = CARTESIAN_POINT ( 'NONE',  ( 0.1500000000000909500, 1.200000000000272800, 0.0000000000000000000 ) ) ;
#5178 = EDGE_CURVE ( 'NONE', #971, #2341, #3919, .T. ) ;
#5179 = CARTESIAN_POINT ( 'NONE',  ( 0.8076923076923776500, 1.218461538461724600, 0.1000000000000000100 ) ) ;
#5180 = VERTEX_POINT ( 'NONE', #4160 ) ;
#5181 = DIRECTION ( 'NONE',  ( -0.0000000000000000000, -0.0000000000000000000, -1.000000000000000000 ) ) ;
#5182 = ORIENTED_EDGE ( 'NONE', *, *, #2717, .F. ) ;
#5183 = DIRECTION ( 'NONE',  ( 0.0000000000000000000, -0.0000000000000000000, -1.000000000000000000 ) ) ;
#5184 = ORIENTED_EDGE ( 'NONE', *, *, #5453, .F. ) ;
#5185 = CARTESIAN_POINT ( 'NONE',  ( 2.771999999999934100, 0.3103446128749931000, 0.0000000000000000000 ) ) ;
#5186 = AXIS2_PLACEMENT_3D ( 'NONE', #1519, #3720, #1164 ) ;
#5187 = DIRECTION ( 'NONE',  ( -0.0000000000000000000, -0.0000000000000000000, -1.000000000000000000 ) ) ;
#5188 = ORIENTED_EDGE ( 'NONE', *, *, #2006, .T. ) ;
#5189 = ORIENTED_EDGE ( 'NONE', *, *, #984, .T. ) ;
#5190 = ORIENTED_EDGE ( 'NONE', *, *, #5152, .F. ) ;
#5191 = CARTESIAN_POINT ( 'NONE',  ( 2.350000000000363800, 0.1999999999998181000, -0.1000000000000000100 ) ) ;
#5192 = VERTEX_POINT ( 'NONE', #3315 ) ;
#5193 = ORIENTED_EDGE ( 'NONE', *, *, #5178, .F. ) ;
#5194 = ORIENTED_EDGE ( 'NONE', *, *, #2359, .F. ) ;
#5196 = PRESENTATION_LAYER_ASSIGNMENT (  '', '', ( #4623 ) ) ;
#5195 = CARTESIAN_POINT ( 'NONE',  ( 0.09999999999990905100, 1.200000000000272800, 0.1000000000000000100 ) ) ;
#5197 = DIRECTION ( 'NONE',  ( 3.209939973140664600E-013, -1.000000000000000000, 0.0000000000000000000 ) ) ;
#5198 = DIRECTION ( 'NONE',  ( -0.0000000000000000000, -0.0000000000000000000, -1.000000000000000000 ) ) ;
#5199 = DIRECTION ( 'NONE',  ( -1.000000000000000000, 0.0000000000000000000, 0.0000000000000000000 ) ) ;
#5200 = LINE ( 'NONE', #5344, #4070 ) ;
#5201 = CARTESIAN_POINT ( 'NONE',  ( 0.7999999999997271500, 1.180000000000063700, 0.1000000000000000100 ) ) ;
#5202 = ORIENTED_EDGE ( 'NONE', *, *, #1296, .T. ) ;
#5203 = EDGE_CURVE ( 'NONE', #1413, #3886, #1667, .T. ) ;
#5204 = EDGE_CURVE ( 'NONE', #3455, #4195, #3784, .T. ) ;
#5205 = VERTEX_POINT ( 'NONE', #356 ) ;
#5206 = ORIENTED_EDGE ( 'NONE', *, *, #2456, .F. ) ;
#5207 = ORIENTED_EDGE ( 'NONE', *, *, #1876, .T. ) ;
#5208 = CARTESIAN_POINT ( 'NONE',  ( 0.4499999999998181000, 1.180000000000063700, 0.1000000000000000100 ) ) ;
#5209 = AXIS2_PLACEMENT_3D ( 'NONE', #2232, #1357, #5199 ) ;
#5210 = VERTEX_POINT ( 'NONE', #2488 ) ;
#5211 = EDGE_LOOP ( 'NONE', ( #2280, #1715, #4673, #4080, #276 ) ) ;
#5212 = DIRECTION ( 'NONE',  ( -1.000000000000000000, 1.568167590513652400E-013, 0.0000000000000000000 ) ) ;
#5213 = EDGE_CURVE ( 'NONE', #3517, #5467, #2654, .T. ) ;
#5214 = VECTOR ( 'NONE', #3738, 1000.000000000000100 ) ;
#5215 = ORIENTED_EDGE ( 'NONE', *, *, #669, .F. ) ;
#5216 = CARTESIAN_POINT ( 'NONE',  ( 0.6743589743591657000, 0.03846153846166088700, 0.1000000000000000100 ) ) ;
#5217 = CARTESIAN_POINT ( 'NONE',  ( 2.175000000000181900, 6.822274407729256300E-013, 0.1000000000000000100 ) ) ;
#5218 = DIRECTION ( 'NONE',  ( -1.000000000000000000, 0.0000000000000000000, 0.0000000000000000000 ) ) ;
#5219 = PRESENTATION_STYLE_ASSIGNMENT (( #524 ) ) ;
#5220 = CARTESIAN_POINT ( 'NONE',  ( 1.475000000000363800, 2.274249582059906200E-013, 0.1000000000000000100 ) ) ;
#5221 = VECTOR ( 'NONE', #4619, 1000.000000000000000 ) ;
#5222 = CARTESIAN_POINT ( 'NONE',  ( -0.05000000000018189900, 1.100000000000136400, -0.1000000000000000100 ) ) ;
#5223 = ADVANCED_FACE ( 'NONE', ( #408 ), #1394, .F. ) ;
#5224 = FACE_OUTER_BOUND ( 'NONE', #894, .T. ) ;
#5225 = LINE ( 'NONE', #1709, #715 ) ;
#5226 = CIRCLE ( 'NONE', #1617, 0.09999999999990767700 ) ;
#5227 = AXIS2_PLACEMENT_3D ( 'NONE', #247, #3642, #1090 ) ;
#5228 = CARTESIAN_POINT ( 'NONE',  ( 2.174999999999727200, 0.1000000000001364200, 0.1000000000000000100 ) ) ;
#5229 = FACE_OUTER_BOUND ( 'NONE', #690, .T. ) ;
#5230 = EDGE_LOOP ( 'NONE', ( #5256, #3058, #2539, #4075 ) ) ;
#5231 = VECTOR ( 'NONE', #3904, 1000.000000000000000 ) ;
#5232 = LINE ( 'NONE', #5366, #1861 ) ;
#5233 = EDGE_CURVE ( 'NONE', #3897, #3992, #4913, .T. ) ;
#5234 = FACE_OUTER_BOUND ( 'NONE', #937, .T. ) ;
#5235 = CARTESIAN_POINT ( 'NONE',  ( 0.2499999999998862900, 1.137124791029953100E-013, 0.1000000000000000100 ) ) ;
#5236 = DIRECTION ( 'NONE',  ( 1.000000000000000000, -0.0000000000000000000, -0.0000000000000000000 ) ) ;
#5237 = DIRECTION ( 'NONE',  ( 0.0000000000000000000, 0.0000000000000000000, 1.000000000000000000 ) ) ;
#5238 = VECTOR ( 'NONE', #2868, 1000.000000000000000 ) ;
#5239 = DIRECTION ( 'NONE',  ( 1.000000000000000000, -0.0000000000000000000, -0.0000000000000000000 ) ) ;
#5240 = ORIENTED_EDGE ( 'NONE', *, *, #5369, .T. ) ;
#5241 = EDGE_CURVE ( 'NONE', #2683, #2670, #4783, .T. ) ;
#5242 = ORIENTED_EDGE ( 'NONE', *, *, #4489, .F. ) ;
#5243 = EDGE_CURVE ( 'NONE', #1555, #1945, #2520, .T. ) ;
#5244 = ORIENTED_EDGE ( 'NONE', *, *, #3995, .F. ) ;
#5245 = ADVANCED_FACE ( 'NONE', ( #265 ), #5461, .F. ) ;
#5246 = ORIENTED_EDGE ( 'NONE', *, *, #3492, .F. ) ;
#5247 = DIRECTION ( 'NONE',  ( 0.0000000000000000000, 1.000000000000000000, 0.0000000000000000000 ) ) ;
#5248 = DIRECTION ( 'NONE',  ( -1.000000000000000000, 0.0000000000000000000, 0.0000000000000000000 ) ) ;
#5249 = ORIENTED_EDGE ( 'NONE', *, *, #5097, .T. ) ;
#5250 = CARTESIAN_POINT ( 'NONE',  ( 0.2500000000000000000, 0.1000000000001364200, 0.1000000000000000100 ) ) ;
#5251 = CARTESIAN_POINT ( 'NONE',  ( 0.3000000000001819000, 1.200000000000045500, 0.0000000000000000000 ) ) ;
#5252 = ORIENTED_EDGE ( 'NONE', *, *, #3380, .T. ) ;
#5253 = ORIENTED_EDGE ( 'NONE', *, *, #1988, .F. ) ;
#5254 = ORIENTED_EDGE ( 'NONE', *, *, #4533, .T. ) ;
#5255 = CARTESIAN_POINT ( 'NONE',  ( 0.2823482405475416500, 1.199996372327866600, 0.3200000000000000100 ) ) ;
#5256 = ORIENTED_EDGE ( 'NONE', *, *, #2225, .T. ) ;
#5257 = ORIENTED_EDGE ( 'NONE', *, *, #4889, .F. ) ;
#5258 = ORIENTED_EDGE ( 'NONE', *, *, #3388, .T. ) ;
#5259 = AXIS2_PLACEMENT_3D ( 'NONE', #1421, #135, #5218 ) ;
#5260 = ORIENTED_EDGE ( 'NONE', *, *, #2359, .T. ) ;
#5261 = DIRECTION ( 'NONE',  ( 0.0000000000000000000, 1.000000000000000000, 0.0000000000000000000 ) ) ;
#5262 = CARTESIAN_POINT ( 'NONE',  ( 1.824999999999818100, 1.400000000000090900, 0.1000000000000000100 ) ) ;
#5263 = DIRECTION ( 'NONE',  ( 1.000000000000000000, -0.0000000000000000000, -0.0000000000000000000 ) ) ;
#5264 = ORIENTED_EDGE ( 'NONE', *, *, #2616, .T. ) ;
#5265 = EDGE_CURVE ( 'NONE', #4259, #2601, #4648, .T. ) ;
#5266 = VERTEX_POINT ( 'NONE', #5478 ) ;
#5267 = CARTESIAN_POINT ( 'NONE',  ( 2.649999999999636200, 0.5250000000000908400, 0.1000000000000000100 ) ) ;
#5268 = FACE_OUTER_BOUND ( 'NONE', #3718, .T. ) ;
#5269 = ORIENTED_EDGE ( 'NONE', *, *, #371, .T. ) ;
#5270 = VERTEX_POINT ( 'NONE', #5445 ) ;
#5271 = EDGE_CURVE ( 'NONE', #5018, #5301, #4507, .T. ) ;
#5272 =( BOUNDED_CURVE ( )  B_SPLINE_CURVE ( 3, ( #1235, #821, #1214, #1678 ),
 .UNSPECIFIED., .F., .F. ) 
 B_SPLINE_CURVE_WITH_KNOTS ( ( 4, 4 ),
 ( 2.359992588466105300, 3.923192718713481900 ),
 .UNSPECIFIED. ) 
 CURVE ( )  GEOMETRIC_REPRESENTATION_ITEM ( )  RATIONAL_B_SPLINE_CURVE ( ( 1.000000000000000000, 0.8065248903855728500, 0.8065248903855728500, 1.000000000000000000 ) ) 
 REPRESENTATION_ITEM ( '' )  );
#5273 = ADVANCED_FACE ( 'NONE', ( #1250 ), #1255, .T. ) ;
#5274 = DIRECTION ( 'NONE',  ( -0.3846153846147275500, -0.9230769230771968000, 0.0000000000000000000 ) ) ;
#5275 = ADVANCED_FACE ( 'NONE', ( #2257 ), #4377, .F. ) ;
#5276 = LINE ( 'NONE', #4252, #1634 ) ;
#5277 = CARTESIAN_POINT ( 'NONE',  ( 0.09999999999990905100, 0.8750000000000000000, 0.1000000000000000100 ) ) ;
#5278 = EDGE_CURVE ( 'NONE', #3314, #4786, #427, .T. ) ;
#5279 = PRODUCT_DEFINITION_CONTEXT ( 'detailed design', #4733, 'design' ) ;
#5280 = CARTESIAN_POINT ( 'NONE',  ( -0.04999999999972715200, 0.2000000000000455000, -0.1000000000000000100 ) ) ;
#5281 = DIRECTION ( 'NONE',  ( 0.0000000000000000000, -1.000000000000000000, 0.0000000000000000000 ) ) ;
#5282 = DIRECTION ( 'NONE',  ( -0.0000000000000000000, -0.0000000000000000000, -1.000000000000000000 ) ) ;
#5283 = VECTOR ( 'NONE', #4520, 1000.000000000000000 ) ;
#5284 = LINE ( 'NONE', #4276, #5162 ) ;
#5285 = FACE_OUTER_BOUND ( 'NONE', #2613, .T. ) ;
#5286 = VECTOR ( 'NONE', #4548, 1000.000000000000000 ) ;
#5287 = CARTESIAN_POINT ( 'NONE',  ( 2.900000000000090900, 1.200000000000272800, 0.1000000000000000100 ) ) ;
#5288 = VECTOR ( 'NONE', #3732, 1000.000000000000000 ) ;
#5289 = VECTOR ( 'NONE', #4883, 1000.000000000000000 ) ;
#5290 = CARTESIAN_POINT ( 'NONE',  ( 2.771999999999934500, 0.0000000000000000000, 0.1000000000000000100 ) ) ;
#5291 = VECTOR ( 'NONE', #3167, 1000.000000000000000 ) ;
#5292 = VECTOR ( 'NONE', #3793, 1000.000000000000000 ) ;
#5293 = ADVANCED_FACE ( 'NONE', ( #130 ), #231, .T. ) ;
#5294 = LINE ( 'NONE', #5195, #4182 ) ;
#5295 = EDGE_CURVE ( 'NONE', #2420, #2398, #2839, .T. ) ;
#5296 = ADVANCED_FACE ( 'NONE', ( #599 ), #3851, .F. ) ;
#5297 = CARTESIAN_POINT ( 'NONE',  ( -0.2500000000000000000, 0.8750000000000000000, 0.1000000000000000100 ) ) ;
#5298 = DIRECTION ( 'NONE',  ( 1.000000000000000000, 0.0000000000000000000, 0.0000000000000000000 ) ) ;
#5299 = EDGE_CURVE ( 'NONE', #433, #2859, #1729, .T. ) ;
#5300 = LINE ( 'NONE', #223, #4186 ) ;
#5301 = VERTEX_POINT ( 'NONE', #1548 ) ;
#5302 = CARTESIAN_POINT ( 'NONE',  ( 2.689655387124997100, 1.171999999999570700, 0.0000000000000000000 ) ) ;
#5303 = ORIENTED_EDGE ( 'NONE', *, *, #2608, .F. ) ;
#5304 = CARTESIAN_POINT ( 'NONE',  ( -0.09999999999993843000, 1.400000000000120300, 0.1000000000000000100 ) ) ;
#5305 = ORIENTED_EDGE ( 'NONE', *, *, #2606, .F. ) ;
#5306 = CARTESIAN_POINT ( 'NONE',  ( 2.350000000000363800, 1.200000000000045300, -0.1000000000000000100 ) ) ;
#5307 = EDGE_LOOP ( 'NONE', ( #1364, #2458, #5059, #5081 ) ) ;
#5308 = EDGE_CURVE ( 'NONE', #3337, #1962, #3989, .T. ) ;
#5309 =( GEOMETRIC_REPRESENTATION_CONTEXT ( 3 ) GLOBAL_UNCERTAINTY_ASSIGNED_CONTEXT ( ( #245 ) ) GLOBAL_UNIT_ASSIGNED_CONTEXT ( ( #4718, #2172, #5146 ) ) REPRESENTATION_CONTEXT ( 'NONE', 'WORKASPACE' ) );
#5310 = ORIENTED_EDGE ( 'NONE', *, *, #3611, .F. ) ;
#5311 = ORIENTED_EDGE ( 'NONE', *, *, #4956, .F. ) ;
#5312 = ORIENTED_EDGE ( 'NONE', *, *, #1010, .F. ) ;
#5313 = AXIS2_PLACEMENT_3D ( 'NONE', #1834, #4792, #2248 ) ;
#5314 = ORIENTED_EDGE ( 'NONE', *, *, #3483, .F. ) ;
#5315 = ORIENTED_EDGE ( 'NONE', *, *, #4140, .F. ) ;
#5316 = CARTESIAN_POINT ( 'NONE',  ( 1.824999999999818100, 1.300000000000181900, 0.1000000000000000100 ) ) ;
#5317 = CARTESIAN_POINT ( 'NONE',  ( 2.350000000000363800, 1.100000000000136400, -0.1000000000000000100 ) ) ;
#5318 = VERTEX_POINT ( 'NONE', #2819 ) ;
#5319 = CARTESIAN_POINT ( 'NONE',  ( 0.2500000000006821200, 0.2999999999999545300, -0.1000000000000000100 ) ) ;
#5320 = VECTOR ( 'NONE', #1111, 1000.000000000000000 ) ;
#5321 = ADVANCED_FACE ( 'NONE', ( #4974 ), #284, .F. ) ;
#5322 = AXIS2_PLACEMENT_3D ( 'NONE', #3967, #5237, #2696 ) ;
#5323 = VERTEX_POINT ( 'NONE', #1981 ) ;
#5324 = ADVANCED_FACE ( 'NONE', ( #2585 ), #1465, .F. ) ;
#5325 = ORIENTED_EDGE ( 'NONE', *, *, #125, .F. ) ;
#5326 = ORIENTED_EDGE ( 'NONE', *, *, #4717, .T. ) ;
#5327 = SHAPE_REPRESENTATION ( '3020TP', ( #4565 ), #4288 ) ;
#5328 = PLANE ( 'NONE',  #5186 ) ;
#5329 = VERTEX_POINT ( 'NONE', #303 ) ;
#5330 = EDGE_CURVE ( 'NONE', #4749, #93, #2718, .T. ) ;
#5331 = ORIENTED_EDGE ( 'NONE', *, *, #772, .F. ) ;
#5332 = ORIENTED_EDGE ( 'NONE', *, *, #4822, .T. ) ;
#5333 = CARTESIAN_POINT ( 'NONE',  ( 0.5000000000000000000, 1.200000000000045500, -0.1000000000000000100 ) ) ;
#5334 = LINE ( 'NONE', #4156, #3219 ) ;
#5335 = CARTESIAN_POINT ( 'NONE',  ( 0.7416666666667879300, 1.400000000000090900, 0.0000000000000000000 ) ) ;
#5336 = VERTEX_POINT ( 'NONE', #1142 ) ;
#5337 = UNCERTAINTY_MEASURE_WITH_UNIT (LENGTH_MEASURE( 1.000000000000000100E-005 ), #2114, 'distance_accuracy_value', 'NONE');
#5338 = CARTESIAN_POINT ( 'NONE',  ( 2.450000000000272800, 0.3000000000001819000, -0.1000000000000000100 ) ) ;
#5339 = EDGE_CURVE ( 'NONE', #740, #1687, #4844, .T. ) ;
#5340 = DIRECTION ( 'NONE',  ( 0.0000000000000000000, 0.08715574274765837400, -0.9961946980917455500 ) ) ;
#5341 = LINE ( 'NONE', #105, #4824 ) ;
#5342 = DIRECTION ( 'NONE',  ( -0.0000000000000000000, -0.0000000000000000000, -1.000000000000000000 ) ) ;
#5343 = AXIS2_PLACEMENT_3D ( 'NONE', #1008, #2287, #5248 ) ;
#5344 = CARTESIAN_POINT ( 'NONE',  ( 0.2833333333333030200, 1.300000000000181900, 0.0000000000000000000 ) ) ;
#5345 = VECTOR ( 'NONE', #1644, 1000.000000000000000 ) ;
#5346 = EDGE_CURVE ( 'NONE', #4088, #4666, #3705, .T. ) ;
#5347 = VECTOR ( 'NONE', #3544, 1000.000000000000000 ) ;
#5348 = VECTOR ( 'NONE', #426, 1000.000000000000000 ) ;
#5349 = VECTOR ( 'NONE', #843, 1000.000000000000000 ) ;
#5350 = LINE ( 'NONE', #1009, #5094 ) ;
#5351 = ADVANCED_FACE ( 'NONE', ( #194, #4713 ), #5391, .F. ) ;
#5352 = CARTESIAN_POINT ( 'NONE',  ( 0.7666666666668788800, 0.09999999999990905100, 0.0000000000000000000 ) ) ;
#5353 = VERTEX_POINT ( 'NONE', #4128 ) ;
#5354 = DIRECTION ( 'NONE',  ( 0.0000000000000000000, 1.000000000000000000, 0.0000000000000000000 ) ) ;
#5355 = CIRCLE ( 'NONE', #831, 0.1000000000001364400 ) ;
#5356 = PRESENTATION_STYLE_ASSIGNMENT (( #4026 ) ) ;
#5357 = STYLED_ITEM ( 'NONE', ( #4153 ), #1470 ) ;
#5358 = DIRECTION ( 'NONE',  ( -0.0000000000000000000, 1.000000000000000000, -0.0000000000000000000 ) ) ;
#5359 = VECTOR ( 'NONE', #2221, 1000.000000000000000 ) ;
#5360 = CARTESIAN_POINT ( 'NONE',  ( 0.1999999999998181000, 1.300000000000181900, 0.0000000000000000000 ) ) ;
#5361 = CARTESIAN_POINT ( 'NONE',  ( 2.900000000000090900, 1.200000000000272800, 0.1000000000000000100 ) ) ;
#5362 = LINE ( 'NONE', #4992, #3118 ) ;
#5363 = AXIS2_PLACEMENT_3D ( 'NONE', #1790, #5197, #2657 ) ;
#5364 = ORIENTED_EDGE ( 'NONE', *, *, #4550, .F. ) ;
#5365 = EDGE_CURVE ( 'NONE', #2478, #3817, #2445, .T. ) ;
#5366 = CARTESIAN_POINT ( 'NONE',  ( 1.725000000000818500, 0.0000000000000000000, 0.1000000000000000100 ) ) ;
#5367 = ORIENTED_EDGE ( 'NONE', *, *, #5278, .T. ) ;
#5368 = CARTESIAN_POINT ( 'NONE',  ( 0.2280000000000655100, 0.2279999999998381100, 0.09999999999999999200 ) ) ;
#5369 = EDGE_CURVE ( 'NONE', #2327, #1695, #4568, .T. ) ;
#5370 = CARTESIAN_POINT ( 'NONE',  ( 0.9000000000000909500, 0.2000000000000454700, -0.1000000000000000100 ) ) ;
#5371 = CARTESIAN_POINT ( 'NONE',  ( 0.0000000000000000000, 0.0000000000000000000, 0.3200000000000000100 ) ) ;
#5372 = ORIENTED_EDGE ( 'NONE', *, *, #2048, .T. ) ;
#5373 = DIRECTION ( 'NONE',  ( -1.000000000000000000, 0.0000000000000000000, 0.0000000000000000000 ) ) ;
#5374 = ORIENTED_EDGE ( 'NONE', *, *, #1799, .F. ) ;
#5375 = CARTESIAN_POINT ( 'NONE',  ( -0.0000000000000000000, 1.171999999999570700, 0.1000000000000000100 ) ) ;
#5376 = CARTESIAN_POINT ( 'NONE',  ( 0.5923076923077134100, 0.1815384615383663900, 0.1000000000000000100 ) ) ;
#5377 = EDGE_LOOP ( 'NONE', ( #5254, #5367, #473, #3397, #2826, #289, #1963, #5189, #5314, #642, #2850, #1069, #4483, #150, #739, #4571, #5384, #456, #1136, #4941, #3795, #5058, #1500, #483, #1953, #4224, #3131, #1598, #149 ) ) ;
#5378 = ADVANCED_FACE ( 'NONE', ( #1171 ), #4996, .F. ) ;
#5379 = CARTESIAN_POINT ( 'NONE',  ( 2.174999999999727200, 0.1000000000001364200, 0.0000000000000000000 ) ) ;
#5380 = ORIENTED_EDGE ( 'NONE', *, *, #31, .T. ) ;
#5381 = EDGE_CURVE ( 'NONE', #212, #1253, #4441, .T. ) ;
#5382 = ORIENTED_EDGE ( 'NONE', *, *, #4379, .T. ) ;
#5383 = EDGE_LOOP ( 'NONE', ( #1473, #4063, #5215, #5253 ) ) ;
#5384 = ORIENTED_EDGE ( 'NONE', *, *, #2816, .T. ) ;
#5385 = AXIS2_PLACEMENT_3D ( 'NONE', #2699, #574, #2276 ) ;
#5386 = PLANE ( 'NONE',  #5101 ) ;
#5387 = ORIENTED_EDGE ( 'NONE', *, *, #578, .T. ) ;
#5388 = CARTESIAN_POINT ( 'NONE',  ( 1.024358974359074600, 0.03846153846166089400, 0.0000000000000000000 ) ) ;
#5389 = CARTESIAN_POINT ( 'NONE',  ( 0.6333333333332104000, 1.400000000000207100, 0.1000000000000000100 ) ) ;
#5390 = ORIENTED_EDGE ( 'NONE', *, *, #4249, .F. ) ;
#5391 = PLANE ( 'NONE',  #2021 ) ;
#5392 = CARTESIAN_POINT ( 'NONE',  ( 0.1500000000005457000, 1.400000000000090900, 0.1000000000000000100 ) ) ;
#5393 = CYLINDRICAL_SURFACE ( 'NONE', #5082, 0.09999999999945426200 ) ;
#5394 = ORIENTED_EDGE ( 'NONE', *, *, #3133, .F. ) ;
#5395 = ORIENTED_EDGE ( 'NONE', *, *, #51, .T. ) ;
#5396 = EDGE_CURVE ( 'NONE', #1706, #2419, #3434, .T. ) ;
#5397 = LINE ( 'NONE', #2089, #905 ) ;
#5398 = ADVANCED_FACE ( 'NONE', ( #5421 ), #2055, .F. ) ;
#5399 = DIRECTION ( 'NONE',  ( -1.000000000000000000, 0.0000000000000000000, -0.0000000000000000000 ) ) ;
#5400 = AXIS2_PLACEMENT_3D ( 'NONE', #357, #3751, #5426 ) ;
#5401 = CARTESIAN_POINT ( 'NONE',  ( 0.0000000000000000000, 1.400000000000090900, 0.4200000000000000400 ) ) ;
#5402 = DIRECTION ( 'NONE',  ( -0.0000000000000000000, -0.0000000000000000000, -1.000000000000000000 ) ) ;
#5403 = DIRECTION ( 'NONE',  ( -1.000000000000000000, 0.0000000000000000000, 0.0000000000000000000 ) ) ;
#5405 = CARTESIAN_POINT ( 'NONE',  ( -0.2500000000000000000, 0.2000000000002728500, 0.1000000000000000100 ) ) ;
#5404 = DIRECTION ( 'NONE',  ( 0.0000000000000000000, 1.000000000000000000, -0.0000000000000000000 ) ) ;
#5406 = EDGE_CURVE ( 'NONE', #1557, #3867, #4311, .T. ) ;
#5407 = DIRECTION ( 'NONE',  ( 1.000000000000000000, -5.685285141969572400E-013, 0.0000000000000000000 ) ) ;
#5408 = PRESENTATION_STYLE_ASSIGNMENT (( #4349 ) ) ;
#5409 = VERTEX_POINT ( 'NONE', #3323 ) ;
#5410 = CARTESIAN_POINT ( 'NONE',  ( 0.6000000000003638000, 0.2999999999999545800, 0.0000000000000000000 ) ) ;
#5411 = VECTOR ( 'NONE', #4087, 1000.000000000000000 ) ;
#5412 = MECHANICAL_DESIGN_GEOMETRIC_PRESENTATION_REPRESENTATION (  '', ( #4860 ), #198 ) ;
#5413 = VECTOR ( 'NONE', #8, 1000.000000000000200 ) ;
#5414 = LINE ( 'NONE', #4511, #4171 ) ;
#5415 = EDGE_CURVE ( 'NONE', #2146, #3924, #63, .T. ) ;
#5416 = CARTESIAN_POINT ( 'NONE',  ( 0.6000000000001364200, 1.399999999999863600, 0.1000000000000000100 ) ) ;
#5417 = LINE ( 'NONE', #5014, #3037 ) ;
#5418 = CIRCLE ( 'NONE', #1107, 0.1000000000000227400 ) ;
#5419 = CARTESIAN_POINT ( 'NONE',  ( -1.355252715606880500E-017, 0.8750000000000000000, 0.1000000000000000100 ) ) ;
#5420 = LINE ( 'NONE', #4846, #4309 ) ;
#5421 = FACE_OUTER_BOUND ( 'NONE', #3120, .T. ) ;
#5422 = CARTESIAN_POINT ( 'NONE',  ( 2.900000000000090900, 0.5250000000000909500, 0.1000000000000000100 ) ) ;
#5423 = DIRECTION ( 'NONE',  ( 0.0000000000000000000, 0.0000000000000000000, -1.000000000000000000 ) ) ;
#5424 = LINE ( 'NONE', #3475, #4315 ) ;
#5425 = DIRECTION ( 'NONE',  ( -0.0000000000000000000, -0.0000000000000000000, -1.000000000000000000 ) ) ;
#5426 = DIRECTION ( 'NONE',  ( -1.000000000000000000, 0.0000000000000000000, 0.0000000000000000000 ) ) ;
#5427 = DIRECTION ( 'NONE',  ( -0.9230769230771969100, 0.3846153846147276600, 0.0000000000000000000 ) ) ;
#5428 = DIRECTION ( 'NONE',  ( -0.0000000000000000000, -0.0000000000000000000, -1.000000000000000000 ) ) ;
#5429 = CYLINDRICAL_SURFACE ( 'NONE', #421, 0.09999999999990918900 ) ;
#5430 = DIRECTION ( 'NONE',  ( -0.3846153846208078000, -0.9230769230746634900, 0.0000000000000000000 ) ) ;
#5431 = ADVANCED_FACE ( 'NONE', ( #2064 ), #1645, .F. ) ;
#5432 = CARTESIAN_POINT ( 'NONE',  ( 2.350000000000363800, 0.1999999999998181000, 0.0000000000000000000 ) ) ;
#5433 = ORIENTED_EDGE ( 'NONE', *, *, #4359, .F. ) ;
#5434 =( BOUNDED_CURVE ( )  B_SPLINE_CURVE ( 3, ( #3206, #4903, #4064, #1526 ),
 .UNSPECIFIED., .F., .F. ) 
 B_SPLINE_CURVE_WITH_KNOTS ( ( 4, 4 ),
 ( 2.359992588465626500, 3.923192718713960100 ),
 .UNSPECIFIED. ) 
 CURVE ( )  GEOMETRIC_REPRESENTATION_ITEM ( )  RATIONAL_B_SPLINE_CURVE ( ( 1.000000000000000000, 0.8065248903853481400, 0.8065248903853481400, 1.000000000000000000 ) ) 
 REPRESENTATION_ITEM ( '' )  );
#5435 = ORIENTED_EDGE ( 'NONE', *, *, #1130, .T. ) ;
#5436 = ORIENTED_EDGE ( 'NONE', *, *, #3351, .T. ) ;
#5437 = ORIENTED_EDGE ( 'NONE', *, *, #2965, .T. ) ;
#5438 = CARTESIAN_POINT ( 'NONE',  ( 0.5999999999999090500, 1.100000000000136400, 0.1000000000000000100 ) ) ;
#5439 = DIRECTION ( 'NONE',  ( -1.000000000000000000, 0.0000000000000000000, 0.0000000000000000000 ) ) ;
#5440 = ORIENTED_EDGE ( 'NONE', *, *, #379, .T. ) ;
#5441 = DIRECTION ( 'NONE',  ( 0.0000000000000000000, 0.0000000000000000000, -1.000000000000000000 ) ) ;
#5442 = ORIENTED_EDGE ( 'NONE', *, *, #3701, .F. ) ;
#5443 = ORIENTED_EDGE ( 'NONE', *, *, #4010, .F. ) ;
#5444 = EDGE_CURVE ( 'NONE', #166, #562, #3178, .T. ) ;
#5445 = CARTESIAN_POINT ( 'NONE',  ( -0.2500000000000000000, 0.5250000000000909500, 0.1000000000000000100 ) ) ;
#5446 = CARTESIAN_POINT ( 'NONE',  ( 0.2500000000002274800, 1.399999999999863600, 0.1000000000000000100 ) ) ;
#5447 = MECHANICAL_DESIGN_GEOMETRIC_PRESENTATION_REPRESENTATION (  '', ( #4892 ), #233 ) ;
#5448 = ORIENTED_EDGE ( 'NONE', *, *, #3670, .T. ) ;
#5449 = CARTESIAN_POINT ( 'NONE',  ( 0.2280000000007830200, 0.9727610603814136300, 0.1000000000000000100 ) ) ;
#5450 = DIRECTION ( 'NONE',  ( 0.0000000000000000000, 0.0000000000000000000, 1.000000000000000000 ) ) ;
#5451 = ORIENTED_EDGE ( 'NONE', *, *, #5365, .F. ) ;
#5452 = SURFACE_STYLE_USAGE ( .BOTH. , #2496 ) ;
#5453 = EDGE_CURVE ( 'NONE', #3805, #4933, #4179, .T. ) ;
#5454 = VECTOR ( 'NONE', #5011, 1000.000000000000000 ) ;
#5455 = ORIENTED_EDGE ( 'NONE', *, *, #1556, .F. ) ;
#5456 = ORIENTED_EDGE ( 'NONE', *, *, #4420, .F. ) ;
#5457 = ORIENTED_EDGE ( 'NONE', *, *, #4319, .T. ) ;
#5458 = CARTESIAN_POINT ( 'NONE',  ( 0.6000000000001364200, 1.399999999999863600, 0.1000000000000000100 ) ) ;
#5459 = VERTEX_POINT ( 'NONE', #2097 ) ;
#5460 = VERTEX_POINT ( 'NONE', #2917 ) ;
#5461 = PLANE ( 'NONE',  #2686 ) ;
#5462 = DIRECTION ( 'NONE',  ( 1.000000000000000000, 0.0000000000000000000, 0.0000000000000000000 ) ) ;
#5463 = PLANE ( 'NONE',  #1788 ) ;
#5464 =( LENGTH_UNIT ( ) NAMED_UNIT ( * ) SI_UNIT ( .MILLI., .METRE. ) );
#5465 = CARTESIAN_POINT ( 'NONE',  ( 2.350000000000363800, 0.1999999999998181000, -0.1000000000000000100 ) ) ;
#5466 = LINE ( 'NONE', #3201, #4353 ) ;
#5467 = VERTEX_POINT ( 'NONE', #2509 ) ;
#5468 = MECHANICAL_DESIGN_GEOMETRIC_PRESENTATION_REPRESENTATION (  '', ( #4623 ), #258 ) ;
#5469 = EDGE_CURVE ( 'NONE', #1764, #1212, #4044, .T. ) ;
#5470 = EDGE_CURVE ( 'NONE', #4318, #4521, #5172, .T. ) ;
#5471 = LINE ( 'NONE', #3320, #4622 ) ;
#5472 = CARTESIAN_POINT ( 'NONE',  ( 1.724999999999909100, 1.400000000000090900, 0.0000000000000000000 ) ) ;
#5474 = DIRECTION ( 'NONE',  ( -0.0000000000000000000, -0.0000000000000000000, -1.000000000000000000 ) ) ;
#5473 = AXIS2_PLACEMENT_3D ( 'NONE', #4777, #3500, #976 ) ;
#5475 = CIRCLE ( 'NONE', #4981, 0.1000000000001364200 ) ;
#5476 = LINE ( 'NONE', #4225, #5348 ) ;
#5477 = CYLINDRICAL_SURFACE ( 'NONE', #767, 0.09999999999945447000 ) ;
#5478 = CARTESIAN_POINT ( 'NONE',  ( 0.0000000000000000000, 1.400000000000090900, -0.1000000000000000100 ) ) ;
#5479 = VECTOR ( 'NONE', #3086, 1000.000000000000000 ) ;
#5481 = DIRECTION ( 'NONE',  ( -1.000000000000000000, 0.0000000000000000000, 0.0000000000000000000 ) ) ;
#5480 = DIRECTION ( 'NONE',  ( -0.0000000000000000000, -0.0000000000000000000, -1.000000000000000000 ) ) ;
#5482 = EDGE_CURVE ( 'NONE', #2848, #813, #1793, .T. ) ;
#5483 = VECTOR ( 'NONE', #5239, 1000.000000000000000 ) ;
#5484 = NEXT_ASSEMBLY_USAGE_OCCURRENCE ( 'NAUO1', ' ', ' ', #1806, #1223, $ ) ;
#5485 = NEXT_ASSEMBLY_USAGE_OCCURRENCE ( 'NAUO2', ' ', ' ', #1806, #954, $ ) ;
#5486 = NEXT_ASSEMBLY_USAGE_OCCURRENCE ( 'NAUO3', ' ', ' ', #1806, #671, $ ) ;
ENDSEC;
END-ISO-10303-21;

