  0
SECTION
  2
HEADER
  9
$ACADVER
  1
AC1027
  9
$ACADMAINTVER
 70
     8
  9
$DWGCODEPAGE
  3
ANSI_949
  9
$LASTSAVEDBY
  1
USER
  9
$REQUIREDVERSIONS
160
                 0
  9
$INSBASE
 10
0.0
 20
0.0
 30
0.0
  9
$EXTMIN
 10
-247.8625589519528
 20
35.79641767065644
 30
0.0
  9
$EXTMAX
 10
385.7024985522067
 20
245.7555584044817
 30
0.0
  9
$LIMMIN
 10
0.0
 20
0.0
  9
$LIMMAX
 10
210.0
 20
297.0
  9
$ORTHOMODE
 70
     0
  9
$REGENMODE
 70
     1
  9
$FILLMODE
 70
     1
  9
$QTEXTMODE
 70
     0
  9
$MIRRTEXT
 70
     1
  9
$LTSCALE
 40
1.0
  9
$ATTMODE
 70
     1
  9
$TEXTSIZE
 40
3.5
  9
$TRACEWID
 40
1.0
  9
$TEXTSTYLE
  7
Standard
  9
$CLAYER
  8
0
  9
$CELTYPE
  6
ByLayer
  9
$CECOLOR
 62
   256
  9
$CELTSCALE
 40
1.0
  9
$DISPSILH
 70
     0
  9
$DIMSCALE
 40
1.0
  9
$DIMASZ
 40
3.302
  9
$DIMEXO
 40
1.0
  9
$DIMDLI
 40
3.75
  9
$DIMRND
 40
0.0
  9
$DIMDLE
 40
0.0
  9
$DIMEXE
 40
1.0
  9
$DIMTP
 40
0.0
  9
$DIMTM
 40
0.0
  9
$DIMTXT
 40
3.5
  9
$DIMCEN
 40
2.5
  9
$DIMTSZ
 40
0.0
  9
$DIMTOL
 70
     0
  9
$DIMLIM
 70
     0
  9
$DIMTIH
 70
     1
  9
$DIMTOH
 70
     1
  9
$DIMSE1
 70
     0
  9
$DIMSE2
 70
     0
  9
$DIMTAD
 70
     1
  9
$DIMZIN
 70
     1
  9
$DIMBLK
  1

  9
$DIMASO
 70
     1
  9
$DIMSHO
 70
     1
  9
$DIMPOST
  1

  9
$DIMAPOST
  1

  9
$DIMALT
 70
     0
  9
$DIMALTD
 70
     3
  9
$DIMALTF
 40
0.0393700787
  9
$DIMLFAC
 40
1.0
  9
$DIMTOFL
 70
     1
  9
$DIMTVP
 40
0.0
  9
$DIMTIX
 70
     0
  9
$DIMSOXD
 70
     0
  9
$DIMSAH
 70
     0
  9
$DIMBLK1
  1

  9
$DIMBLK2
  1

  9
$DIMSTYLE
  2
ISO-25
  9
$DIMCLRD
 70
     0
  9
$DIMCLRE
 70
     0
  9
$DIMCLRT
 70
     0
  9
$DIMTFAC
 40
1.0
  9
$DIMGAP
 40
1.524
  9
$DIMJUST
 70
     0
  9
$DIMSD1
 70
     0
  9
$DIMSD2
 70
     0
  9
$DIMTOLJ
 70
     0
  9
$DIMTZIN
 70
     1
  9
$DIMALTZ
 70
     0
  9
$DIMALTTZ
 70
     0
  9
$DIMUPT
 70
     0
  9
$DIMDEC
 70
     2
  9
$DIMTDEC
 70
     2
  9
$DIMALTU
 70
     2
  9
$DIMALTTD
 70
     3
  9
$DIMTXSTY
  7
Standard
  9
$DIMAUNIT
 70
     0
  9
$DIMADEC
 70
     2
  9
$DIMALTRND
 40
0.0
  9
$DIMAZIN
 70
     0
  9
$DIMDSEP
 70
    44
  9
$DIMATFIT
 70
     3
  9
$DIMFRAC
 70
     0
  9
$DIMLDRBLK
  1

  9
$DIMLUNIT
 70
     2
  9
$DIMLWD
 70
    -2
  9
$DIMLWE
 70
    -2
  9
$DIMTMOVE
 70
     0
  9
$DIMFXL
 40
1.0
  9
$DIMFXLON
 70
     0
  9
$DIMJOGANG
 40
0.7853981633974483
  9
$DIMTFILL
 70
     0
  9
$DIMTFILLCLR
 70
     0
  9
$DIMARCSYM
 70
     0
  9
$DIMLTYPE
  6

  9
$DIMLTEX1
  6

  9
$DIMLTEX2
  6

  9
$DIMTXTDIRECTION
 70
     0
  9
$LUNITS
 70
     2
  9
$LUPREC
 70
     2
  9
$SKETCHINC
 40
1.0
  9
$FILLETRAD
 40
0.0
  9
$AUNITS
 70
     0
  9
$AUPREC
 70
     2
  9
$MENU
  1
.
  9
$ELEVATION
 40
0.0
  9
$PELEVATION
 40
0.0
  9
$THICKNESS
 40
0.0
  9
$LIMCHECK
 70
     0
  9
$CHAMFERA
 40
0.0
  9
$CHAMFERB
 40
0.0
  9
$CHAMFERC
 40
0.0
  9
$CHAMFERD
 40
0.0
  9
$SKPOLY
 70
     0
  9
$TDCREATE
 40
2460962.829955555
  9
$TDUCREATE
 40
2460962.454955555
  9
$TDUPDATE
 40
2460963.820584514
  9
$TDUUPDATE
 40
2460963.445584514
  9
$TDINDWG
 40
0.413425556
  9
$TDUSRTIMER
 40
0.413425162
  9
$USRTIMER
 70
     1
  9
$ANGBASE
 50
0.0
  9
$ANGDIR
 70
     0
  9
$PDMODE
 70
     0
  9
$PDSIZE
 40
-1.0
  9
$PLINEWID
 40
0.0
  9
$SPLFRAME
 70
     0
  9
$SPLINETYPE
 70
     6
  9
$SPLINESEGS
 70
     8
  9
$HANDSEED
  5
82E
  9
$SURFTAB1
 70
     6
  9
$SURFTAB2
 70
     6
  9
$SURFTYPE
 70
     6
  9
$SURFU
 70
     6
  9
$SURFV
 70
     6
  9
$UCSBASE
  2

  9
$UCSNAME
  2

  9
$UCSORG
 10
0.0
 20
0.0
 30
0.0
  9
$UCSXDIR
 10
1.0
 20
0.0
 30
0.0
  9
$UCSYDIR
 10
0.0
 20
1.0
 30
0.0
  9
$UCSORTHOREF
  2

  9
$UCSORTHOVIEW
 70
     0
  9
$UCSORGTOP
 10
0.0
 20
0.0
 30
0.0
  9
$UCSORGBOTTOM
 10
0.0
 20
0.0
 30
0.0
  9
$UCSORGLEFT
 10
0.0
 20
0.0
 30
0.0
  9
$UCSORGRIGHT
 10
0.0
 20
0.0
 30
0.0
  9
$UCSORGFRONT
 10
0.0
 20
0.0
 30
0.0
  9
$UCSORGBACK
 10
0.0
 20
0.0
 30
0.0
  9
$PUCSBASE
  2

  9
$PUCSNAME
  2

  9
$PUCSORG
 10
0.0
 20
0.0
 30
0.0
  9
$PUCSXDIR
 10
1.0
 20
0.0
 30
0.0
  9
$PUCSYDIR
 10
0.0
 20
1.0
 30
0.0
  9
$PUCSORTHOREF
  2

  9
$PUCSORTHOVIEW
 70
     0
  9
$PUCSORGTOP
 10
0.0
 20
0.0
 30
0.0
  9
$PUCSORGBOTTOM
 10
0.0
 20
0.0
 30
0.0
  9
$PUCSORGLEFT
 10
0.0
 20
0.0
 30
0.0
  9
$PUCSORGRIGHT
 10
0.0
 20
0.0
 30
0.0
  9
$PUCSORGFRONT
 10
0.0
 20
0.0
 30
0.0
  9
$PUCSORGBACK
 10
0.0
 20
0.0
 30
0.0
  9
$USERI1
 70
     0
  9
$USERI2
 70
     0
  9
$USERI3
 70
     0
  9
$USERI4
 70
     0
  9
$USERI5
 70
     0
  9
$USERR1
 40
0.0
  9
$USERR2
 40
0.0
  9
$USERR3
 40
0.0
  9
$USERR4
 40
0.0
  9
$USERR5
 40
0.0
  9
$WORLDVIEW
 70
     1
  9
$SHADEDGE
 70
     3
  9
$SHADEDIF
 70
    70
  9
$TILEMODE
 70
     1
  9
$MAXACTVP
 70
    64
  9
$PINSBASE
 10
0.0
 20
0.0
 30
0.0
  9
$PLIMCHECK
 70
     0
  9
$PEXTMIN
 10
1.000000000000000E+20
 20
1.000000000000000E+20
 30
1.000000000000000E+20
  9
$PEXTMAX
 10
-1.000000000000000E+20
 20
-1.000000000000000E+20
 30
-1.000000000000000E+20
  9
$PLIMMIN
 10
0.0
 20
0.0
  9
$PLIMMAX
 10
420.0
 20
297.0
  9
$UNITMODE
 70
     0
  9
$VISRETAIN
 70
     1
  9
$PLINEGEN
 70
     0
  9
$PSLTSCALE
 70
     1
  9
$TREEDEPTH
 70
  3020
  9
$CMLSTYLE
  2
Standard
  9
$CMLJUST
 70
     0
  9
$CMLSCALE
 40
20.0
  9
$PROXYGRAPHICS
 70
     1
  9
$MEASUREMENT
 70
     1
  9
$CELWEIGHT
370
    -1
  9
$ENDCAPS
280
     0
  9
$JOINSTYLE
280
     0
  9
$LWDISPLAY
290
     1
  9
$INSUNITS
 70
     4
  9
$HYPERLINKBASE
  1

  9
$STYLESHEET
  1

  9
$XEDIT
290
     1
  9
$CEPSNTYPE
380
     0
  9
$PSTYLEMODE
290
     1
  9
$FINGERPRINTGUID
  2
{5C012408-8CB2-46B5-8D07-92BACE1C07F3}
  9
$VERSIONGUID
  2
{AE0D4A30-A9A3-4803-8CD3-D326F1CC5231}
  9
$EXTNAMES
290
     1
  9
$PSVPSCALE
 40
0.0
  9
$OLESTARTUP
290
     0
  9
$SORTENTS
280
   127
  9
$INDEXCTL
280
     0
  9
$HIDETEXT
280
     1
  9
$XCLIPFRAME
280
     2
  9
$HALOGAP
280
     0
  9
$OBSCOLOR
 70
   257
  9
$OBSLTYPE
280
     0
  9
$INTERSECTIONDISPLAY
280
     0
  9
$INTERSECTIONCOLOR
 70
   257
  9
$DIMASSOC
280
     2
  9
$PROJECTNAME
  1

  9
$CAMERADISPLAY
290
     0
  9
$LENSLENGTH
 40
50.0
  9
$CAMERAHEIGHT
 40
0.0
  9
$STEPSPERSEC
 40
2.0
  9
$STEPSIZE
 40
6.0
  9
$3DDWFPREC
 40
2.0
  9
$PSOLWIDTH
 40
0.25
  9
$PSOLHEIGHT
 40
4.0
  9
$LOFTANG1
 40
1.570796326794896
  9
$LOFTANG2
 40
1.570796326794896
  9
$LOFTMAG1
 40
0.0
  9
$LOFTMAG2
 40
0.0
  9
$LOFTPARAM
 70
     7
  9
$LOFTNORMALS
280
     1
  9
$LATITUDE
 40
0.0
  9
$LONGITUDE
 40
0.0
  9
$NORTHDIRECTION
 40
0.0
  9
$TIMEZONE
 70
 -8000
  9
$LIGHTGLYPHDISPLAY
280
     1
  9
$TILEMODELIGHTSYNCH
280
     1
  9
$CMATERIAL
347
19A
  9
$SOLIDHIST
280
     0
  9
$SHOWHIST
280
     1
  9
$DWFFRAME
280
     2
  9
$DGNFRAME
280
     0
  9
$REALWORLDSCALE
290
     1
  9
$INTERFERECOLOR
 62
     1
  9
$CSHADOW
280
     0
  9
$SHADOWPLANELOCATION
 40
0.0
  0
ENDSEC
  0
SECTION
  2
CLASSES
  0
CLASS
  1
ACDBDICTIONARYWDFLT
  2
AcDbDictionaryWithDefault
  3
ObjectDBX Classes
 90
        0
 91
        1
280
     0
281
     0
  0
CLASS
  1
VISUALSTYLE
  2
AcDbVisualStyle
  3
ObjectDBX Classes
 90
     4095
 91
       24
280
     0
281
     0
  0
CLASS
  1
MATERIAL
  2
AcDbMaterial
  3
ObjectDBX Classes
 90
     1153
 91
        3
280
     0
281
     0
  0
CLASS
  1
SCALE
  2
AcDbScale
  3
ObjectDBX Classes
 90
     1153
 91
       17
280
     0
281
     0
  0
CLASS
  1
TABLESTYLE
  2
AcDbTableStyle
  3
ObjectDBX Classes
 90
     4095
 91
        1
280
     0
281
     0
  0
CLASS
  1
MLEADERSTYLE
  2
AcDbMLeaderStyle
  3
ACDB_MLEADERSTYLE_CLASS
 90
     4095
 91
        1
280
     0
281
     0
  0
CLASS
  1
SUN
  2
AcDbSun
  3
SCENEOE
 90
     1153
 91
        0
280
     0
281
     0
  0
CLASS
  1
ACDBPLACEHOLDER
  2
AcDbPlaceHolder
  3
ObjectDBX Classes
 90
        0
 91
        0
280
     0
281
     0
  0
CLASS
  1
LAYOUT
  2
AcDbLayout
  3
ObjectDBX Classes
 90
        0
 91
        0
280
     0
281
     0
  0
CLASS
  1
DIMASSOC
  2
AcDbDimAssoc
  3
ZcDbDimAssoc ObjectDBX Classes
 90
        0
 91
       22
280
     0
281
     0
  0
CLASS
  1
MULTILEADER
  2
AcDbMLeader
  3
ACDB_MLEADER_CLASS
 90
     1025
 91
        8
280
     0
281
     1
  0
CLASS
  1
DICTIONARYVAR
  2
AcDbDictionaryVar
  3
ObjectDBX Classes
 90
        0
 91
        4
280
     0
281
     0
  0
CLASS
  1
CELLSTYLEMAP
  2
AcDbCellStyleMap
  3
ObjectDBX Classes
 90
     1152
 91
       21
280
     0
281
     0
  0
CLASS
  1
SORTENTSTABLE
  2
AcDbSortentsTable
  3
ObjectDBX Classes
 90
        0
 91
        2
280
     0
281
     0
  0
ENDSEC
  0
SECTION
  2
TABLES
  0
TABLE
  2
VPORT
  5
8
330
0
100
AcDbSymbolTable
 70
     1
  0
VPORT
  5
29
330
8
100
AcDbSymbolTableRecord
100
AcDbViewportTableRecord
  2
*Active
 70
     0
 10
0.0
 20
0.0
 11
1.0
 21
1.0
 12
0.9135799716017949
 22
152.9366137645341
 13
0.0
 23
0.0
 14
10.0
 24
10.0
 15
10.0
 25
10.0
 16
0.0
 26
0.0
 36
1.0
 17
0.0
 27
0.0
 37
0.0
 40
250.4158372274499
 41
2.368863955119214
 42
50.0
 43
0.0
 44
0.0
 50
0.0
 51
0.0
 71
     0
 72
  2000
 73
     1
 74
     3
 75
     0
 76
     0
 77
     0
 78
     0
281
     0
 65
     1
110
0.0
120
0.0
130
0.0
111
1.0
121
0.0
131
0.0
112
0.0
122
1.0
132
0.0
 79
     0
146
0.0
348
1A2
 60
     3
 61
     5
292
     1
282
     1
141
0.0
142
0.0
 63
   250
  0
ENDTAB
  0
TABLE
  2
LTYPE
  5
5
330
0
100
AcDbSymbolTable
 70
     7
  0
LTYPE
  5
14
330
5
100
AcDbSymbolTableRecord
100
AcDbLinetypeTableRecord
  2
ByBlock
 70
     0
  3

 72
    65
 73
     0
 40
0.0
  0
LTYPE
  5
15
330
5
100
AcDbSymbolTableRecord
100
AcDbLinetypeTableRecord
  2
ByLayer
 70
     0
  3

 72
    65
 73
     0
 40
0.0
  0
LTYPE
  5
16
330
5
100
AcDbSymbolTableRecord
100
AcDbLinetypeTableRecord
  2
Continuous
 70
     0
  3
Solid line
 72
    65
 73
     0
 40
0.0
  0
LTYPE
  5
5E
330
5
100
AcDbSymbolTableRecord
100
AcDbLinetypeTableRecord
  2
HIDDEN
 70
     0
  3
Hidden __ __ __ __ __ __ __ __ __ __ __ __ __ __
 72
    65
 73
     2
 40
1.905
 49
1.27
 74
     0
 49
-0.635
 74
     0
  0
LTYPE
  5
5F
330
5
100
AcDbSymbolTableRecord
100
AcDbLinetypeTableRecord
  2
PHANTOM
 70
     0
  3
Phantom ______  __  __  ______  __  __  ______
 72
    65
 73
     6
 40
12.7
 49
6.349999999999998
 74
     0
 49
-1.27
 74
     0
 49
1.27
 74
     0
 49
-1.27
 74
     0
 49
1.27
 74
     0
 49
-1.27
 74
     0
  0
LTYPE
  5
60
330
5
100
AcDbSymbolTableRecord
100
AcDbLinetypeTableRecord
  2
CENTER
 70
     0
  3
Center ____ _ ____ _ ____ _ ____ _ ____ _ ____
 72
    65
 73
     4
 40
10.16
 49
6.349999999999998
 74
     0
 49
-1.27
 74
     0
 49
1.27
 74
     0
 49
-1.27
 74
     0
  0
LTYPE
  5
61
330
5
100
AcDbSymbolTableRecord
100
AcDbLinetypeTableRecord
  2
CENTERX2
 70
     0
  3
Center (2x) ________  __  ________  __  _____
 72
    65
 73
     4
 40
20.32
 49
12.7
 74
     0
 49
-2.54
 74
     0
 49
2.54
 74
     0
 49
-2.54
 74
     0
  0
LTYPE
  5
62
330
5
100
AcDbSymbolTableRecord
100
AcDbLinetypeTableRecord
  2
DOT2
 70
     0
  3
Dot (.5x) ........................................
 72
    65
 73
     2
 40
0.635
 49
0.0
 74
     0
 49
-0.635
 74
     0
  0
ENDTAB
  0
TABLE
  2
LAYER
  5
2
330
0
100
AcDbSymbolTable
 70
     9
  0
LAYER
  5
10
330
2
100
AcDbSymbolTableRecord
100
AcDbLayerTableRecord
  2
0
 70
     0
 62
     7
  6
Continuous
370
    -3
390
F
347
19C
348
0
  0
LAYER
  5
63
330
2
100
AcDbSymbolTableRecord
100
AcDbLayerTableRecord
  2
OUTLLINE
 70
     0
 62
     7
  6
Continuous
370
    25
390
F
347
19C
348
0
  0
LAYER
  5
64
330
2
100
AcDbSymbolTableRecord
100
AcDbLayerTableRecord
  2
DIMENSIONS
 70
     0
 62
     7
  6
Continuous
370
    -3
390
F
347
19C
348
0
  0
LAYER
  5
65
330
2
100
AcDbSymbolTableRecord
100
AcDbLayerTableRecord
  2
CENTERLINES
 70
     0
 62
     7
  6
CENTERX2
370
    -3
390
F
347
19C
348
0
  0
LAYER
  5
66
330
2
100
AcDbSymbolTableRecord
100
AcDbLayerTableRecord
  2
CENTERMARKS
 70
     0
 62
     7
  6
CENTERX2
370
    -3
390
F
347
19C
348
0
  0
LAYER
  5
67
330
2
100
AcDbSymbolTableRecord
100
AcDbLayerTableRecord
  2
SECTIONLINE
 70
     0
 62
     7
  6
PHANTOM
370
    35
390
F
347
19C
348
0
  0
LAYER
  5
68
330
2
100
AcDbSymbolTableRecord
100
AcDbLayerTableRecord
  2
HATCH
 70
     0
 62
     7
  6
Continuous
370
    -3
390
F
347
19C
348
0
  0
LAYER
  5
69
330
2
100
AcDbSymbolTableRecord
100
AcDbLayerTableRecord
  2
HIDDENLINES
 70
     0
 62
     7
  6
HIDDEN
370
    -3
390
F
347
19C
348
0
  0
LAYER
  5
1BE
330
2
100
AcDbSymbolTableRecord
100
AcDbLayerTableRecord
  2
Defpoints
 70
     0
 62
     7
  6
Continuous
290
     0
370
    -3
390
F
347
19C
348
0
  0
ENDTAB
  0
TABLE
  2
STYLE
  5
3
330
0
100
AcDbSymbolTable
 70
     7
  0
STYLE
  5
11
330
3
100
AcDbSymbolTableRecord
100
AcDbTextStyleTableRecord
  2
Standard
 70
     0
 40
0.0
 41
1.0
 50
0.0
 71
     0
 42
3.5
  3
txt
  4

  0
STYLE
  5
9F
330
3
100
AcDbSymbolTableRecord
100
AcDbTextStyleTableRecord
  2
SLDTEXTSTYLE0
 70
     0
 40
0.0
 41
0.75
 50
0.0
 71
     0
 42
3.5
  3
TXT
  4

  0
STYLE
  5
B4
330
3
100
AcDbSymbolTableRecord
100
AcDbTextStyleTableRecord
  2
SLDTEXTSTYLE1
 70
     0
 40
0.0
 41
0.75
 50
0.0
 71
     0
 42
3.5
  3
TXT
  4
bigfont
  0
STYLE
  5
BA
330
3
100
AcDbSymbolTableRecord
100
AcDbTextStyleTableRecord
  2
SLDTEXTSTYLE2
 70
     0
 40
0.0
 41
0.6911764706
 50
0.0
 71
     0
 42
3.5
  3
TXT
  4
bigfont
  0
STYLE
  5
C3
330
3
100
AcDbSymbolTableRecord
100
AcDbTextStyleTableRecord
  2
SLDTEXTSTYLE3
 70
     0
 40
0.0
 41
0.6875
 50
0.0
 71
     0
 42
3.5
  3
TXT
  4
bigfont
  0
STYLE
  5
CD
330
3
100
AcDbSymbolTableRecord
100
AcDbTextStyleTableRecord
  2
SLDTEXTSTYLE4
 70
     0
 40
0.0
 41
0.7
 50
0.0
 71
     0
 42
3.5
  3
TXT
  4
bigfont
  0
STYLE
  5
D0
330
3
100
AcDbSymbolTableRecord
100
AcDbTextStyleTableRecord
  2
SLDTEXTSTYLE5
 70
     0
 40
0.0
 41
0.6666666667
 50
0.0
 71
     0
 42
3.5
  3
TXT
  4
bigfont
  0
ENDTAB
  0
TABLE
  2
VIEW
  5
6
330
0
100
AcDbSymbolTable
 70
     0
  0
ENDTAB
  0
TABLE
  2
UCS
  5
7
330
0
100
AcDbSymbolTable
 70
     0
  0
ENDTAB
  0
TABLE
  2
APPID
  5
9
330
0
100
AcDbSymbolTable
 70
     4
  0
APPID
  5
12
330
9
100
AcDbSymbolTableRecord
100
AcDbRegAppTableRecord
  2
ACAD
 70
     0
  0
APPID
  5
1D8
330
9
100
AcDbSymbolTableRecord
100
AcDbRegAppTableRecord
  2
ACAD_DSTYLE_DIMRADIAL_EXTENSION
 70
     0
  0
APPID
  5
3F1
330
9
100
AcDbSymbolTableRecord
100
AcDbRegAppTableRecord
  2
ACAD_DSTYLE_DIMINSPECT
 70
     0
  0
APPID
  5
64D
330
9
100
AcDbSymbolTableRecord
100
AcDbRegAppTableRecord
  2
AcadAnnotative
 70
     0
  0
ENDTAB
  0
TABLE
  2
DIMSTYLE
  5
A
330
0
100
AcDbSymbolTable
 70
     4
100
AcDbDimStyleTable
 71
     0
  0
DIMSTYLE
105
27
102
{ACAD_REACTORS
330
1BD
330
1D9
330
1F1
330
209
330
245
330
261
330
27F
330
29B
330
2FC
330
314
330
32C
330
348
330
364
330
380
330
15A
330
7BC
330
7D6
330
7F4
330
810
102
}
330
A
100
AcDbSymbolTableRecord
100
AcDbDimStyleTableRecord
  2
ISO-25
 70
     0
 41
2.5
 42
0.625
 43
3.75
 44
1.25
 73
     0
 74
     0
 77
     1
 78
     8
140
2.5
141
2.5
143
0.0393700787
147
0.625
171
     3
172
     1
271
     2
272
     2
274
     3
278
    44
283
     0
284
     8
340
11
1001
AcadAnnotative
1000
AnnotativeData
1002
{
1070
     1
1070
     0
1002
}
  0
DIMSTYLE
105
15B
330
A
100
AcDbSymbolTableRecord
100
AcDbDimStyleTableRecord
  2
SLDDIMSTYLE0
 70
     0
 41
3.302
 44
0.0
 45
0.000000001
 73
     0
 74
     0
 77
     1
 78
     4
 79
     1
140
3.5
144
2.0
147
0.875
172
     1
173
     1
271
     2
272
     2
276
     2
284
    12
289
     0
340
9F
  0
ENDTAB
  0
TABLE
  2
BLOCK_RECORD
  5
1
330
0
100
AcDbSymbolTable
 70
    28
  0
BLOCK_RECORD
  5
1F
102
{ACAD_XDICTIONARY
360
66F
102
}
330
1
100
AcDbSymbolTableRecord
100
AcDbBlockTableRecord
  2
*Model_Space
340
22
 70
     0
280
     1
281
     0
  0
BLOCK_RECORD
  5
1B
330
1
100
AcDbSymbolTableRecord
100
AcDbBlockTableRecord
  2
*Paper_Space
340
1E
 70
     0
280
     1
281
     0
  0
BLOCK_RECORD
  5
23
330
1
100
AcDbSymbolTableRecord
100
AcDbBlockTableRecord
  2
*Paper_Space0
340
26
 70
     0
280
     1
281
     0
  0
BLOCK_RECORD
  5
15C
330
1
100
AcDbSymbolTableRecord
100
AcDbBlockTableRecord
  2
_D
340
0
 70
     0
280
     1
281
     0
  0
BLOCK_RECORD
  5
1BF
330
1
100
AcDbSymbolTableRecord
100
AcDbBlockTableRecord
  2
*D2
340
0
 70
     0
280
     1
281
     0
  0
BLOCK_RECORD
  5
1DA
330
1
100
AcDbSymbolTableRecord
100
AcDbBlockTableRecord
  2
*D3
340
0
 70
     0
280
     1
281
     0
  0
BLOCK_RECORD
  5
1F2
330
1
100
AcDbSymbolTableRecord
100
AcDbBlockTableRecord
  2
*D4
340
0
 70
     0
280
     1
281
     0
  0
BLOCK_RECORD
  5
20A
330
1
100
AcDbSymbolTableRecord
100
AcDbBlockTableRecord
  2
*D5
340
0
 70
     0
280
     1
281
     0
  0
BLOCK_RECORD
  5
246
330
1
100
AcDbSymbolTableRecord
100
AcDbBlockTableRecord
  2
*D6
340
0
 70
     0
280
     1
281
     0
  0
BLOCK_RECORD
  5
262
330
1
100
AcDbSymbolTableRecord
100
AcDbBlockTableRecord
  2
*D7
340
0
 70
     0
280
     1
281
     0
  0
BLOCK_RECORD
  5
280
330
1
100
AcDbSymbolTableRecord
100
AcDbBlockTableRecord
  2
*D8
340
0
 70
     0
280
     1
281
     0
  0
BLOCK_RECORD
  5
29C
330
1
100
AcDbSymbolTableRecord
100
AcDbBlockTableRecord
  2
*D9
340
0
 70
     0
280
     1
281
     0
  0
BLOCK_RECORD
  5
2FD
330
1
100
AcDbSymbolTableRecord
100
AcDbBlockTableRecord
  2
*D10
340
0
 70
     0
280
     1
281
     0
  0
BLOCK_RECORD
  5
315
330
1
100
AcDbSymbolTableRecord
100
AcDbBlockTableRecord
  2
*D11
340
0
 70
     0
280
     1
281
     0
  0
BLOCK_RECORD
  5
32D
330
1
100
AcDbSymbolTableRecord
100
AcDbBlockTableRecord
  2
*D12
340
0
 70
     0
280
     1
281
     0
  0
BLOCK_RECORD
  5
349
330
1
100
AcDbSymbolTableRecord
100
AcDbBlockTableRecord
  2
*D13
340
0
 70
     0
280
     1
281
     0
  0
BLOCK_RECORD
  5
365
330
1
100
AcDbSymbolTableRecord
100
AcDbBlockTableRecord
  2
*D14
340
0
 70
     0
280
     1
281
     0
  0
BLOCK_RECORD
  5
381
330
1
100
AcDbSymbolTableRecord
100
AcDbBlockTableRecord
  2
*D15
340
0
 70
     0
280
     1
281
     0
  0
BLOCK_RECORD
  5
4B0
330
1
100
AcDbSymbolTableRecord
100
AcDbBlockTableRecord
  2
zw$AFD6
340
0
102
{BLKREFS
331
4B7
331
64B
102
}
 70
     4
280
     1
281
     0
  0
BLOCK_RECORD
  5
4B9
330
1
100
AcDbSymbolTableRecord
100
AcDbBlockTableRecord
  2
*D18
340
0
 70
     0
280
     1
281
     0
  0
BLOCK_RECORD
  5
650
330
1
100
AcDbSymbolTableRecord
100
AcDbBlockTableRecord
  2
*D19
340
0
 70
     0
280
     1
281
     0
  0
BLOCK_RECORD
  5
749
330
1
100
AcDbSymbolTableRecord
100
AcDbBlockTableRecord
  2
*D21
340
0
 70
     0
280
     1
281
     0
  0
BLOCK_RECORD
  5
767
330
1
100
AcDbSymbolTableRecord
100
AcDbBlockTableRecord
  2
*D22
340
0
 70
     0
280
     1
281
     0
  0
BLOCK_RECORD
  5
79D
102
{ACAD_XDICTIONARY
360
7A2
102
}
330
1
100
AcDbSymbolTableRecord
100
AcDbBlockTableRecord
  2
zw$DA3C
340
0
102
{BLKREFS
331
7A6
331
7A8
331
7A9
331
7AA
331
7AB
331
7AC
331
7AD
331
7AE
331
7B2
331
7B3
331
7B4
331
7B5
331
7B6
331
7B7
331
7B8
331
7B9
102
}
 70
     4
280
     1
281
     0
  0
BLOCK_RECORD
  5
7BD
330
1
100
AcDbSymbolTableRecord
100
AcDbBlockTableRecord
  2
*D24
340
0
 70
     0
280
     1
281
     0
  0
BLOCK_RECORD
  5
7D7
330
1
100
AcDbSymbolTableRecord
100
AcDbBlockTableRecord
  2
*D25
340
0
 70
     0
280
     1
281
     0
  0
BLOCK_RECORD
  5
7F5
330
1
100
AcDbSymbolTableRecord
100
AcDbBlockTableRecord
  2
*D26
340
0
 70
     0
280
     1
281
     0
  0
BLOCK_RECORD
  5
811
330
1
100
AcDbSymbolTableRecord
100
AcDbBlockTableRecord
  2
*D27
340
0
 70
     0
280
     1
281
     0
  0
ENDTAB
  0
ENDSEC
  0
SECTION
  2
BLOCKS
  0
BLOCK
  5
20
330
1F
100
AcDbEntity
  8
0
100
AcDbBlockBegin
  2
*Model_Space
 70
     0
 10
0.0
 20
0.0
 30
0.0
  3
*Model_Space
  1

  0
ENDBLK
  5
21
330
1F
100
AcDbEntity
  8
0
100
AcDbBlockEnd
  0
BLOCK
  5
1C
330
1B
100
AcDbEntity
 67
     1
  8
0
100
AcDbBlockBegin
  2
*Paper_Space
 70
     0
 10
0.0
 20
0.0
 30
0.0
  3
*Paper_Space
  1

  0
ENDBLK
  5
1D
330
1B
100
AcDbEntity
 67
     1
  8
0
100
AcDbBlockEnd
  0
BLOCK
  5
24
330
23
100
AcDbEntity
  8
0
100
AcDbBlockBegin
  2
*Paper_Space0
 70
     0
 10
0.0
 20
0.0
 30
0.0
  3
*Paper_Space0
  1

  0
ENDBLK
  5
25
330
23
100
AcDbEntity
  8
0
100
AcDbBlockEnd
  0
BLOCK
  5
15D
330
15C
100
AcDbEntity
  8
0
100
AcDbBlockBegin
  2
_D
 70
     0
 10
0.0
 20
0.0
 30
0.0
  3
_D
  1

  0
LINE
  5
606
330
15C
100
AcDbEntity
  8
0
 62
     0
370
    -2
100
AcDbLine
 10
146.5496776733527
 20
185.4489519989
 30
0.0
 11
146.5496776733527
 21
196.3446884815
 31
0.0
  0
LINE
  5
607
330
15C
100
AcDbEntity
  8
0
 62
     0
370
    -2
100
AcDbLine
 10
147.5496776733527
 20
185.4489519989
 30
0.0
 11
147.5496776733527
 21
196.3446884815
 31
0.0
  0
LINE
  5
608
330
15C
100
AcDbEntity
  8
0
 62
     0
370
    -2
100
AcDbLine
 10
171.3056776733527
 20
195.3446884815
 30
0.0
 11
164.7816776733527
 21
195.3446884815
 31
0.0
  0
LINE
  5
609
330
15C
100
AcDbEntity
  8
0
 62
     0
370
    -2
100
AcDbLine
 10
164.7816776733527
 20
195.3446884815
 30
0.0
 11
150.8516776733527
 21
195.3446884815
 31
0.0
  0
LINE
  5
60A
330
15C
100
AcDbEntity
  8
0
 62
     0
370
    -2
100
AcDbLine
 10
146.5496776733527
 20
195.3446884815
 30
0.0
 11
147.5496776733527
 21
195.3446884815
 31
0.0
  0
LINE
  5
60B
330
15C
100
AcDbEntity
  8
0
 62
     0
370
    -2
100
AcDbLine
 10
143.2476776733527
 20
195.3446884815
 30
0.0
 11
139.9456776733527
 21
195.3446884815
 31
0.0
  0
SOLID
  5
60C
330
15C
100
AcDbEntity
  8
0
 62
     0
100
AcDbTrace
 10
143.2476776733527
 20
194.7943551481666
 30
0.0
 11
143.2476776733527
 21
195.8950218148333
 31
0.0
 12
146.5496776733527
 22
195.3446884815
 32
0.0
 13
146.5496776733527
 23
195.3446884815
 33
0.0
  0
SOLID
  5
60D
330
15C
100
AcDbEntity
  8
0
 62
     0
100
AcDbTrace
 10
150.8516776733527
 20
195.8950218148333
 30
0.0
 11
150.8516776733527
 21
194.7943551481666
 31
0.0
 12
147.5496776733527
 22
195.3446884815
 32
0.0
 13
147.5496776733527
 23
195.3446884815
 33
0.0
  0
MTEXT
  5
60E
330
15C
100
AcDbEntity
  8
0
 62
     0
100
AcDbMText
 10
168.8056776733527
 20
199.2020218148333
 30
0.0
 40
2.0
 41
0.0
 46
0.0
 71
     2
 72
     1
  1
1,00
 73
     1
 44
1.0
1001
ACAD
1000
MTEXTBEGIN
1070
    73
1070
     1
1070
    44
1040
1.0
1070
    74
1070
     0
1000
MTEXTEND
  0
POINT
  5
60F
330
15C
100
AcDbEntity
  8
Defpoints
 62
     0
100
AcDbPoint
 10
146.5496776733527
 20
184.4489519989
 30
0.0
  0
POINT
  5
610
330
15C
100
AcDbEntity
  8
Defpoints
 62
     0
100
AcDbPoint
 10
147.5496776733527
 20
184.4489519989
 30
0.0
  0
POINT
  5
611
330
15C
100
AcDbEntity
  8
Defpoints
 62
     0
100
AcDbPoint
 10
147.5496776733527
 20
195.3446884815
 30
0.0
  0
ENDBLK
  5
15E
330
15C
100
AcDbEntity
  8
0
100
AcDbBlockEnd
  0
BLOCK
  5
1CA
330
1BF
100
AcDbEntity
  8
0
100
AcDbBlockBegin
  2
*D2
 70
     1
 10
0.0
 20
0.0
 30
0.0
  3
*D2
  1

  0
LINE
  5
59B
330
1BF
100
AcDbEntity
  8
0
 62
     0
370
    -2
100
AcDbLine
 10
-7.283641165598425
 20
178.4944441723
 30
0.0
 11
-41.78562954245144
 21
178.4944441723
 31
0.0
  0
LINE
  5
59C
330
1BF
100
AcDbEntity
  8
0
 62
     0
370
    -2
100
AcDbLine
 10
-7.283641165598425
 20
135.4944441723
 30
0.0
 11
-41.78562954245144
 21
135.4944441723
 31
0.0
  0
LINE
  5
59D
330
1BF
100
AcDbEntity
  8
0
 62
     0
370
    -2
100
AcDbLine
 10
-40.78562954245144
 20
175.1924441723
 30
0.0
 11
-40.78562954245144
 21
159.6851108389666
 31
0.0
  0
LINE
  5
59E
330
1BF
100
AcDbEntity
  8
0
 62
     0
370
    -2
100
AcDbLine
 10
-40.78562954245144
 20
138.7964441723
 30
0.0
 11
-40.78562954245144
 21
154.3037775056333
 31
0.0
  0
SOLID
  5
59F
330
1BF
100
AcDbEntity
  8
0
 62
     0
100
AcDbTrace
 10
-40.23529620911811
 20
175.1924441723
 30
0.0
 11
-41.33596287578478
 21
175.1924441723
 31
0.0
 12
-40.78562954245144
 22
178.4944441723
 32
0.0
 13
-40.78562954245144
 23
178.4944441723
 33
0.0
  0
SOLID
  5
5A0
330
1BF
100
AcDbEntity
  8
0
 62
     0
100
AcDbTrace
 10
-41.33596287578478
 20
138.7964441723
 30
0.0
 11
-40.23529620911811
 21
138.7964441723
 31
0.0
 12
-40.78562954245144
 22
135.4944441723
 32
0.0
 13
-40.78562954245144
 23
135.4944441723
 33
0.0
  0
MTEXT
  5
5A1
330
1BF
100
AcDbEntity
  8
0
 62
     0
100
AcDbMText
 10
-40.78562954245144
 20
156.9944441723
 30
0.0
 40
2.0
 41
0.0
 46
0.0
 71
     5
 72
     1
  1
43,00
 73
     1
 44
1.0
1001
ACAD
1000
MTEXTBEGIN
1070
    73
1070
     1
1070
    44
1040
1.0
1070
    74
1070
     0
1000
MTEXTEND
  0
POINT
  5
5A2
330
1BF
100
AcDbEntity
  8
Defpoints
 62
     0
100
AcDbPoint
 10
-6.283641165598425
 20
178.4944441723
 30
0.0
  0
POINT
  5
5A3
330
1BF
100
AcDbEntity
  8
Defpoints
 62
     0
100
AcDbPoint
 10
-6.283641165598425
 20
135.4944441723
 30
0.0
  0
POINT
  5
5A4
330
1BF
100
AcDbEntity
  8
Defpoints
 62
     0
100
AcDbPoint
 10
-40.78562954245144
 20
135.4944441723
 30
0.0
  0
ENDBLK
  5
1CB
330
1BF
100
AcDbEntity
  8
0
100
AcDbBlockEnd
  0
BLOCK
  5
1E4
330
1DA
100
AcDbEntity
  8
0
100
AcDbBlockBegin
  2
*D3
 70
     1
 10
0.0
 20
0.0
 30
0.0
  3
*D3
  1

  0
LINE
  5
5E5
330
1DA
100
AcDbEntity
  8
0
 62
     0
370
    -2
100
AcDbLine
 10
-58.09332759692039
 20
175.5791155301019
 30
0.0
 11
-48.56932759692039
 21
175.5791155301019
 31
0.0
  0
LINE
  5
5E6
330
1DA
100
AcDbEntity
  8
0
 62
     0
370
    -2
100
AcDbLine
 10
-5.136511819661315
 20
169.6391789684966
 30
0.0
 11
-1.864965104202511
 21
169.1917573680226
 31
0.0
  0
LINE
  5
5E7
330
1DA
100
AcDbEntity
  8
0
 62
     0
370
    -2
100
AcDbLine
 10
-48.56932759692039
 20
175.5791155301019
 30
0.0
 11
-13.95839308993547
 21
170.8456725877033
 31
0.0
  0
MTEXT
  5
5E8
330
1DA
100
AcDbEntity
  8
0
 62
     0
100
AcDbMText
 10
-54.09332759692039
 20
178.2697821967686
 30
0.0
 40
2.0
 41
0.0
 46
0.0
 71
     5
 72
     1
  1
∅2,30
 73
     1
 44
1.0
1001
ACAD
1000
MTEXTBEGIN
1070
    73
1070
     1
1070
    44
1040
1.0
1070
    74
1070
     0
1000
MTEXTEND
  0
LINE
  5
5E9
330
1DA
100
AcDbEntity
  8
0
 62
     0
370
    -2
100
AcDbLine
 10
-8.408058535120119
 20
170.0866005689706
 30
0.0
 11
-10.68684637447667
 21
170.3982509872293
 31
0.0
  0
SOLID
  5
5EA
330
1DA
100
AcDbEntity
  8
0
 62
     0
100
AcDbTrace
 10
-5.061941552915649
 20
170.1844367544064
 30
0.0
 11
-5.211082086406981
 21
169.0939211825868
 31
0.0
 12
-8.408058535120119
 22
170.0866005689706
 32
0.0
 13
-8.408058535120119
 23
170.0866005689706
 33
0.0
  0
SOLID
  5
5EB
330
1DA
100
AcDbEntity
  8
0
 62
     0
100
AcDbTrace
 10
-14.03296335668114
 20
170.3004148017935
 30
0.0
 11
-13.88382282318981
 21
171.3909303736131
 31
0.0
 12
-10.68684637447667
 22
170.3982509872293
 32
0.0
 13
-10.68684637447667
 23
170.3982509872293
 33
0.0
  0
POINT
  5
5EC
330
1DA
100
AcDbEntity
  8
Defpoints
 62
     0
100
AcDbPoint
 10
-10.68684637447667
 20
170.3982509872293
 30
0.0
  0
POINT
  5
5ED
330
1DA
100
AcDbEntity
  8
Defpoints
 62
     0
100
AcDbPoint
 10
-8.408058535120119
 20
170.0866005689706
 30
0.0
  0
ENDBLK
  5
1E5
330
1DA
100
AcDbEntity
  8
0
100
AcDbBlockEnd
  0
BLOCK
  5
1FC
330
1F2
100
AcDbEntity
  8
0
100
AcDbBlockBegin
  2
*D4
 70
     1
 10
0.0
 20
0.0
 30
0.0
  3
*D4
  1

  0
LINE
  5
5B8
330
1F2
100
AcDbEntity
  8
0
 62
     0
370
    -2
100
AcDbLine
 10
73.58546110927313
 20
128.4050759017202
 30
0.0
 11
52.53746110927313
 21
128.4050759017202
 31
0.0
  0
LINE
  5
5B9
330
1F2
100
AcDbEntity
  8
0
 62
     0
370
    -2
100
AcDbLine
 10
29.34359120452257
 20
146.4833671837378
 30
0.0
 11
26.73925281452311
 21
148.5132995841825
 31
0.0
  0
LINE
  5
5BA
330
1F2
100
AcDbEntity
  8
0
 62
     0
370
    -2
100
AcDbLine
 10
52.53746110927313
 20
128.4050759017202
 30
0.0
 11
36.36631350148062
 21
141.0095579488622
 31
0.0
  0
MTEXT
  5
5BB
330
1F2
100
AcDbEntity
  8
0
 62
     0
100
AcDbMText
 10
69.58546110927312
 20
131.0957425683868
 30
0.0
 40
2.0
 41
0.0
 46
0.0
 71
     5
 72
     1
  1
∅2,30
 73
     1
 44
1.0
1001
ACAD
1000
MTEXTBEGIN
1070
    73
1070
     1
1070
    44
1040
1.0
1070
    74
1070
     0
1000
MTEXTEND
  0
LINE
  5
5BC
330
1F2
100
AcDbEntity
  8
0
 62
     0
370
    -2
100
AcDbLine
 10
31.94792959452204
 20
144.4534347832932
 30
0.0
 11
33.76197511148115
 21
143.0394903493068
 31
0.0
  0
SOLID
  5
5BD
330
1F2
100
AcDbEntity
  8
0
 62
     0
100
AcDbTrace
 10
29.00526913778179
 20
146.0493107854046
 30
0.0
 11
29.68191327126335
 21
146.9174235820711
 31
0.0
 12
31.94792959452204
 22
144.4534347832932
 32
0.0
 13
31.94792959452204
 23
144.4534347832932
 33
0.0
  0
SOLID
  5
5BE
330
1F2
100
AcDbEntity
  8
0
 62
     0
100
AcDbTrace
 10
36.70463556822139
 20
141.4436143471954
 30
0.0
 11
36.02799143473985
 21
140.5755015505289
 31
0.0
 12
33.76197511148115
 22
143.0394903493068
 32
0.0
 13
33.76197511148115
 23
143.0394903493068
 33
0.0
  0
POINT
  5
5BF
330
1F2
100
AcDbEntity
  8
Defpoints
 62
     0
100
AcDbPoint
 10
33.76197511148115
 20
143.0394903493068
 30
0.0
  0
POINT
  5
5C0
330
1F2
100
AcDbEntity
  8
Defpoints
 62
     0
100
AcDbPoint
 10
31.94792959452204
 20
144.4534347832932
 30
0.0
  0
ENDBLK
  5
1FD
330
1F2
100
AcDbEntity
  8
0
100
AcDbBlockEnd
  0
BLOCK
  5
214
330
20A
100
AcDbEntity
  8
0
100
AcDbBlockBegin
  2
*D5
 70
     1
 10
0.0
 20
0.0
 30
0.0
  3
*D5
  1

  0
LINE
  5
511
330
20A
100
AcDbEntity
  8
0
 62
     0
370
    -2
100
AcDbLine
 10
71.50559359578799
 20
196.5599854446642
 30
0.0
 11
41.45759359578756
 21
196.5599854446642
 31
0.0
  0
LINE
  5
512
330
20A
100
AcDbEntity
  8
0
 62
     0
370
    -2
100
AcDbLine
 10
26.71354667565962
 20
169.9468257754752
 30
0.0
 11
25.11335859803755
 21
167.0584694753909
 31
0.0
  0
LINE
  5
513
330
20A
100
AcDbEntity
  8
0
 62
     0
370
    -2
100
AcDbLine
 10
41.45759359578756
 20
196.5599854446642
 30
0.0
 11
31.94929228154356
 21
179.3974016283248
 31
0.0
  0
MTEXT
  5
514
330
20A
100
AcDbEntity
  8
0
 62
     0
100
AcDbMText
 10
65.50559359578798
 20
199.2506521113308
 30
0.0
 40
2.0
 41
0.0
 46
0.0
 71
     5
 72
     1
  1
4-∅8,40
 73
     1
 44
1.0
1001
ACAD
1000
MTEXTBEGIN
1070
    73
1070
     1
1070
    44
1040
1.0
1070
    74
1070
     0
1000
MTEXTEND
  0
LINE
  5
515
330
20A
100
AcDbEntity
  8
0
 62
     0
370
    -2
100
AcDbLine
 10
28.31373475328169
 20
172.8351820755593
 30
0.0
 11
30.34910420392149
 21
176.5090453282406
 31
0.0
  0
SOLID
  5
516
330
20A
100
AcDbEntity
  8
0
 62
     0
100
AcDbTrace
 10
27.19493939234033
 20
169.6801277625381
 30
0.0
 11
26.23215395897892
 21
170.2135237884121
 31
0.0
 12
28.31373475328169
 22
172.8351820755593
 32
0.0
 13
28.31373475328169
 23
172.8351820755593
 33
0.0
  0
SOLID
  5
517
330
20A
100
AcDbEntity
  8
0
 62
     0
100
AcDbTrace
 10
31.46789956486286
 20
179.6640996412618
 30
0.0
 11
32.43068499822426
 21
179.1307036153878
 31
0.0
 12
30.34910420392149
 22
176.5090453282406
 32
0.0
 13
30.34910420392149
 23
176.5090453282406
 33
0.0
  0
POINT
  5
518
330
20A
100
AcDbEntity
  8
Defpoints
 62
     0
100
AcDbPoint
 10
30.34910420392149
 20
176.5090453282406
 30
0.0
  0
POINT
  5
519
330
20A
100
AcDbEntity
  8
Defpoints
 62
     0
100
AcDbPoint
 10
28.31373475328169
 20
172.8351820755593
 30
0.0
  0
ENDBLK
  5
215
330
20A
100
AcDbEntity
  8
0
100
AcDbBlockEnd
  0
BLOCK
  5
252
330
246
100
AcDbEntity
  8
0
100
AcDbBlockBegin
  2
*D6
 70
     1
 10
0.0
 20
0.0
 30
0.0
  3
*D6
  1

  0
LINE
  5
635
330
246
100
AcDbEntity
  8
0
 62
     0
370
    -2
100
AcDbLine
 10
278.288531096941
 20
148.7444441723
 30
0.0
 11
278.288531096941
 21
155.883206792897
 31
0.0
  0
LINE
  5
636
330
246
100
AcDbEntity
  8
0
 62
     0
370
    -2
100
AcDbLine
 10
281.888531096941
 20
148.7444441723
 30
0.0
 11
281.888531096941
 21
155.883206792897
 31
0.0
  0
LINE
  5
637
330
246
100
AcDbEntity
  8
0
 62
     0
370
    -2
100
AcDbLine
 10
285.190531096941
 20
154.883206792897
 30
0.0
 11
297.540531096941
 21
154.883206792897
 31
0.0
  0
LINE
  5
638
330
246
100
AcDbEntity
  8
0
 62
     0
370
    -2
100
AcDbLine
 10
278.288531096941
 20
154.883206792897
 30
0.0
 11
281.888531096941
 21
154.883206792897
 31
0.0
  0
LINE
  5
639
330
246
100
AcDbEntity
  8
0
 62
     0
370
    -2
100
AcDbLine
 10
274.986531096941
 20
154.883206792897
 30
0.0
 11
271.6845310969409
 21
154.883206792897
 31
0.0
  0
SOLID
  5
63A
330
246
100
AcDbEntity
  8
0
 62
     0
100
AcDbTrace
 10
274.986531096941
 20
154.3328734595637
 30
0.0
 11
274.986531096941
 21
155.4335401262303
 31
0.0
 12
278.288531096941
 22
154.883206792897
 32
0.0
 13
278.288531096941
 23
154.883206792897
 33
0.0
  0
SOLID
  5
63B
330
246
100
AcDbEntity
  8
0
 62
     0
100
AcDbTrace
 10
285.190531096941
 20
155.4335401262303
 30
0.0
 11
285.190531096941
 21
154.3328734595637
 31
0.0
 12
281.888531096941
 22
154.883206792897
 32
0.0
 13
281.888531096941
 23
154.883206792897
 33
0.0
  0
MTEXT
  5
63C
330
246
100
AcDbEntity
  8
0
 62
     0
100
AcDbMText
 10
293.0165310969409
 20
157.5738734595636
 30
0.0
 40
2.0
 41
0.0
 46
0.0
 71
     5
 72
     1
  1
3,60
 73
     1
 44
1.0
1001
ACAD
1000
MTEXTBEGIN
1070
    73
1070
     1
1070
    44
1040
1.0
1070
    74
1070
     0
1000
MTEXTEND
  0
POINT
  5
63D
330
246
100
AcDbEntity
  8
Defpoints
 62
     0
100
AcDbPoint
 10
278.288531096941
 20
147.7444441723
 30
0.0
  0
POINT
  5
63E
330
246
100
AcDbEntity
  8
Defpoints
 62
     0
100
AcDbPoint
 10
281.888531096941
 20
147.7444441723
 30
0.0
  0
POINT
  5
63F
330
246
100
AcDbEntity
  8
Defpoints
 62
     0
100
AcDbPoint
 10
281.888531096941
 20
154.883206792897
 30
0.0
  0
ENDBLK
  5
253
330
246
100
AcDbEntity
  8
0
100
AcDbBlockEnd
  0
BLOCK
  5
26F
330
262
100
AcDbEntity
  8
0
100
AcDbBlockBegin
  2
*D7
 70
     1
 10
0.0
 20
0.0
 30
0.0
  3
*D7
  1

  0
LINE
  5
629
330
262
100
AcDbEntity
  8
0
 62
     0
370
    -2
100
AcDbLine
 10
282.538531096941
 20
148.0944441722999
 30
0.0
 11
322.5823333097677
 21
148.0944441722999
 31
0.0
  0
LINE
  5
62A
330
262
100
AcDbEntity
  8
0
 62
     0
370
    -2
100
AcDbLine
 10
282.538531096941
 20
147.3944441723
 30
0.0
 11
322.5823333097677
 21
147.3944441723
 31
0.0
  0
LINE
  5
62B
330
262
100
AcDbEntity
  8
0
 62
     0
370
    -2
100
AcDbLine
 10
321.5823333097677
 20
140.7904441723
 30
0.0
 11
314.3916666431011
 21
140.7904441723
 31
0.0
  0
LINE
  5
62C
330
262
100
AcDbEntity
  8
0
 62
     0
370
    -2
100
AcDbLine
 10
321.5823333097677
 20
148.0944441722999
 30
0.0
 11
321.5823333097677
 21
147.3944441723
 31
0.0
  0
LINE
  5
62D
330
262
100
AcDbEntity
  8
0
 62
     0
370
    -2
100
AcDbLine
 10
321.5823333097677
 20
151.3964441722999
 30
0.0
 11
321.5823333097677
 21
154.6984441722999
 31
0.0
  0
LINE
  5
62E
330
262
100
AcDbEntity
  8
0
 62
     0
370
    -2
100
AcDbLine
 10
321.5823333097677
 20
144.0924441723
 30
0.0
 11
321.5823333097677
 21
140.7904441723
 31
0.0
  0
SOLID
  5
62F
330
262
100
AcDbEntity
  8
0
 62
     0
100
AcDbTrace
 10
321.0319999764343
 20
151.3964441722999
 30
0.0
 11
322.1326666431011
 21
151.3964441722999
 31
0.0
 12
321.5823333097677
 22
148.0944441722999
 32
0.0
 13
321.5823333097677
 23
148.0944441722999
 33
0.0
  0
SOLID
  5
630
330
262
100
AcDbEntity
  8
0
 62
     0
100
AcDbTrace
 10
322.1326666431011
 20
144.0924441723
 30
0.0
 11
321.0319999764343
 21
144.0924441723
 31
0.0
 12
321.5823333097677
 22
147.3944441723
 32
0.0
 13
321.5823333097677
 23
147.3944441723
 33
0.0
  0
MTEXT
  5
631
330
262
100
AcDbEntity
  8
0
 62
     0
100
AcDbMText
 10
317.2249999764344
 20
143.4811108389666
 30
0.0
 40
2.0
 41
0.0
 46
0.0
 71
     5
 72
     1
  1
0,70
 73
     1
 44
1.0
1001
ACAD
1000
MTEXTBEGIN
1070
    73
1070
     1
1070
    44
1040
1.0
1070
    74
1070
     0
1000
MTEXTEND
  0
POINT
  5
632
330
262
100
AcDbEntity
  8
Defpoints
 62
     0
100
AcDbPoint
 10
281.538531096941
 20
148.0944441722999
 30
0.0
  0
POINT
  5
633
330
262
100
AcDbEntity
  8
Defpoints
 62
     0
100
AcDbPoint
 10
281.538531096941
 20
147.3944441723
 30
0.0
  0
POINT
  5
634
330
262
100
AcDbEntity
  8
Defpoints
 62
     0
100
AcDbPoint
 10
321.5823333097677
 20
147.3944441723
 30
0.0
  0
ENDBLK
  5
270
330
262
100
AcDbEntity
  8
0
100
AcDbBlockEnd
  0
BLOCK
  5
28C
330
280
100
AcDbEntity
  8
0
100
AcDbBlockBegin
  2
*D8
 70
     1
 10
0.0
 20
0.0
 30
0.0
  3
*D8
  1

  0
LINE
  5
612
330
280
100
AcDbEntity
  8
0
 62
     0
370
    -2
100
AcDbLine
 10
278.288531096941
 20
166.4944441723
 30
0.0
 11
278.288531096941
 21
192.0197435812076
 31
0.0
  0
LINE
  5
613
330
280
100
AcDbEntity
  8
0
 62
     0
370
    -2
100
AcDbLine
 10
281.888531096941
 20
166.4944441723
 30
0.0
 11
281.888531096941
 21
192.0197435812076
 31
0.0
  0
LINE
  5
614
330
280
100
AcDbEntity
  8
0
 62
     0
370
    -2
100
AcDbLine
 10
285.190531096941
 20
191.0197435812076
 30
0.0
 11
297.540531096941
 21
191.0197435812076
 31
0.0
  0
LINE
  5
615
330
280
100
AcDbEntity
  8
0
 62
     0
370
    -2
100
AcDbLine
 10
278.288531096941
 20
191.0197435812076
 30
0.0
 11
281.888531096941
 21
191.0197435812076
 31
0.0
  0
LINE
  5
616
330
280
100
AcDbEntity
  8
0
 62
     0
370
    -2
100
AcDbLine
 10
274.986531096941
 20
191.0197435812076
 30
0.0
 11
271.6845310969409
 21
191.0197435812076
 31
0.0
  0
SOLID
  5
617
330
280
100
AcDbEntity
  8
0
 62
     0
100
AcDbTrace
 10
274.986531096941
 20
190.4694102478742
 30
0.0
 11
274.986531096941
 21
191.5700769145409
 31
0.0
 12
278.288531096941
 22
191.0197435812076
 32
0.0
 13
278.288531096941
 23
191.0197435812076
 33
0.0
  0
SOLID
  5
618
330
280
100
AcDbEntity
  8
0
 62
     0
100
AcDbTrace
 10
285.190531096941
 20
191.5700769145409
 30
0.0
 11
285.190531096941
 21
190.4694102478742
 31
0.0
 12
281.888531096941
 22
191.0197435812076
 32
0.0
 13
281.888531096941
 23
191.0197435812076
 33
0.0
  0
MTEXT
  5
619
330
280
100
AcDbEntity
  8
0
 62
     0
100
AcDbMText
 10
293.0165310969409
 20
193.7104102478742
 30
0.0
 40
2.0
 41
0.0
 46
0.0
 71
     5
 72
     1
  1
3,60
 73
     1
 44
1.0
1001
ACAD
1000
MTEXTBEGIN
1070
    73
1070
     1
1070
    44
1040
1.0
1070
    74
1070
     0
1000
MTEXTEND
  0
POINT
  5
61A
330
280
100
AcDbEntity
  8
Defpoints
 62
     0
100
AcDbPoint
 10
278.288531096941
 20
165.4944441723
 30
0.0
  0
POINT
  5
61B
330
280
100
AcDbEntity
  8
Defpoints
 62
     0
100
AcDbPoint
 10
281.888531096941
 20
165.4944441723
 30
0.0
  0
POINT
  5
61C
330
280
100
AcDbEntity
  8
Defpoints
 62
     0
100
AcDbPoint
 10
281.888531096941
 20
191.0197435812076
 30
0.0
  0
ENDBLK
  5
28D
330
280
100
AcDbEntity
  8
0
100
AcDbBlockEnd
  0
BLOCK
  5
2A9
330
29C
100
AcDbEntity
  8
0
100
AcDbBlockBegin
  2
*D9
 70
     1
 10
0.0
 20
0.0
 30
0.0
  3
*D9
  1

  0
LINE
  5
61D
330
29C
100
AcDbEntity
  8
0
 62
     0
370
    -2
100
AcDbLine
 10
282.538531096941
 20
165.1444441723
 30
0.0
 11
334.9135101604417
 21
165.1444441723
 31
0.0
  0
LINE
  5
61E
330
29C
100
AcDbEntity
  8
0
 62
     0
370
    -2
100
AcDbLine
 10
282.538531096941
 20
165.8444441722999
 30
0.0
 11
334.9135101604417
 21
165.8444441722999
 31
0.0
  0
LINE
  5
61F
330
29C
100
AcDbEntity
  8
0
 62
     0
370
    -2
100
AcDbLine
 10
333.9135101604417
 20
172.4484441722999
 30
0.0
 11
341.1041768271084
 21
172.4484441722999
 31
0.0
  0
LINE
  5
620
330
29C
100
AcDbEntity
  8
0
 62
     0
370
    -2
100
AcDbLine
 10
333.9135101604417
 20
165.1444441723
 30
0.0
 11
333.9135101604417
 21
165.8444441722999
 31
0.0
  0
LINE
  5
621
330
29C
100
AcDbEntity
  8
0
 62
     0
370
    -2
100
AcDbLine
 10
333.9135101604417
 20
161.8424441723
 30
0.0
 11
333.9135101604417
 21
158.5404441723
 31
0.0
  0
LINE
  5
622
330
29C
100
AcDbEntity
  8
0
 62
     0
370
    -2
100
AcDbLine
 10
333.9135101604417
 20
169.1464441722999
 30
0.0
 11
333.9135101604417
 21
172.4484441722999
 31
0.0
  0
SOLID
  5
623
330
29C
100
AcDbEntity
  8
0
 62
     0
100
AcDbTrace
 10
334.4638434937751
 20
161.8424441723
 30
0.0
 11
333.3631768271084
 21
161.8424441723
 31
0.0
 12
333.9135101604417
 22
165.1444441723
 32
0.0
 13
333.9135101604417
 23
165.1444441723
 33
0.0
  0
SOLID
  5
624
330
29C
100
AcDbEntity
  8
0
 62
     0
100
AcDbTrace
 10
333.3631768271084
 20
169.1464441722999
 30
0.0
 11
334.4638434937751
 21
169.1464441722999
 31
0.0
 12
333.9135101604417
 22
165.8444441722999
 32
0.0
 13
333.9135101604417
 23
165.8444441722999
 33
0.0
  0
MTEXT
  5
625
330
29C
100
AcDbEntity
  8
0
 62
     0
100
AcDbMText
 10
338.270843493775
 20
175.1391108389666
 30
0.0
 40
2.0
 41
0.0
 46
0.0
 71
     5
 72
     1
  1
0,70
 73
     1
 44
1.0
1001
ACAD
1000
MTEXTBEGIN
1070
    73
1070
     1
1070
    44
1040
1.0
1070
    74
1070
     0
1000
MTEXTEND
  0
POINT
  5
626
330
29C
100
AcDbEntity
  8
Defpoints
 62
     0
100
AcDbPoint
 10
281.538531096941
 20
165.1444441723
 30
0.0
  0
POINT
  5
627
330
29C
100
AcDbEntity
  8
Defpoints
 62
     0
100
AcDbPoint
 10
281.538531096941
 20
165.8444441722999
 30
0.0
  0
POINT
  5
628
330
29C
100
AcDbEntity
  8
Defpoints
 62
     0
100
AcDbPoint
 10
333.9135101604417
 20
165.8444441722999
 30
0.0
  0
ENDBLK
  5
2AA
330
29C
100
AcDbEntity
  8
0
100
AcDbBlockEnd
  0
BLOCK
  5
307
330
2FD
100
AcDbEntity
  8
0
100
AcDbBlockBegin
  2
*D10
 70
     1
 10
0.0
 20
0.0
 30
0.0
  3
*D10
  1

  0
LINE
  5
5C1
330
2FD
100
AcDbEntity
  8
0
 62
     0
370
    -2
100
AcDbLine
 10
89.14290634001153
 20
174.6582352171484
 30
0.0
 11
64.34490634001154
 21
174.6582352171484
 31
0.0
  0
LINE
  5
5C2
330
2FD
100
AcDbEntity
  8
0
 62
     0
370
    -2
100
AcDbLine
 10
-18.02498135766165
 20
147.0451672122949
 30
0.0
 11
-21.15574523136308
 21
145.9956332361293
 31
0.0
  0
LINE
  5
5C3
330
2FD
100
AcDbEntity
  8
0
 62
     0
370
    -2
100
AcDbLine
 10
64.34490634001154
 20
174.6582352171484
 30
0.0
 11
41.33248125566484
 21
166.9437211323051
 31
0.0
  0
MTEXT
  5
5C4
330
2FD
100
AcDbEntity
  8
0
 62
     0
100
AcDbMText
 10
84.30957300667818
 20
177.3489018838151
 30
0.0
 40
2.0
 41
0.0
 46
0.0
 71
     5
 72
     1
  1
∅56,00
 73
     1
 44
1.0
1001
ACAD
1000
MTEXTBEGIN
1070
    73
1070
     1
1070
    44
1040
1.0
1070
    74
1070
     0
1000
MTEXTEND
  0
LINE
  5
5C5
330
2FD
100
AcDbEntity
  8
0
 62
     0
370
    -2
100
AcDbLine
 10
-14.89421748396023
 20
148.0947011884605
 30
0.0
 11
38.20171738196342
 21
165.8941871561395
 31
0.0
  0
SOLID
  5
5C6
330
2FD
100
AcDbEntity
  8
0
 62
     0
100
AcDbTrace
 10
-17.85005902830071
 20
146.5233732333446
 30
0.0
 11
-18.19990368702259
 21
147.5669611912451
 31
0.0
 12
-14.89421748396023
 22
148.0947011884605
 32
0.0
 13
-14.89421748396023
 23
148.0947011884605
 33
0.0
  0
SOLID
  5
5C7
330
2FD
100
AcDbEntity
  8
0
 62
     0
100
AcDbTrace
 10
41.1575589263039
 20
167.4655151112553
 30
0.0
 11
41.50740358502578
 21
166.4219271533549
 31
0.0
 12
38.20171738196342
 22
165.8941871561395
 32
0.0
 13
38.20171738196342
 23
165.8941871561395
 33
0.0
  0
POINT
  5
5C8
330
2FD
100
AcDbEntity
  8
Defpoints
 62
     0
100
AcDbPoint
 10
38.20171738196342
 20
165.8941871561395
 30
0.0
  0
POINT
  5
5C9
330
2FD
100
AcDbEntity
  8
Defpoints
 62
     0
100
AcDbPoint
 10
-14.89421748396023
 20
148.0947011884605
 30
0.0
  0
ENDBLK
  5
308
330
2FD
100
AcDbEntity
  8
0
100
AcDbBlockEnd
  0
BLOCK
  5
31F
330
315
100
AcDbEntity
  8
0
100
AcDbBlockBegin
  2
*D11
 70
     1
 10
0.0
 20
0.0
 30
0.0
  3
*D11
  1

  0
LINE
  5
5D3
330
315
100
AcDbEntity
  8
0
 62
     0
370
    -2
100
AcDbLine
 10
-16.34625005099845
 20
155.9944441723
 30
0.0
 11
-16.34625005099845
 21
94.79028476619253
 31
0.0
  0
LINE
  5
5D4
330
315
100
AcDbEntity
  8
0
 62
     0
370
    -2
100
AcDbLine
 10
41.40374994900159
 20
155.9944441723
 30
0.0
 11
41.40374994900159
 21
94.79028476619253
 31
0.0
  0
LINE
  5
5D5
330
315
100
AcDbEntity
  8
0
 62
     0
370
    -2
100
AcDbLine
 10
-13.04425005099845
 20
95.79028476619255
 30
0.0
 11
38.1017499490016
 21
95.79028476619255
 31
0.0
  0
SOLID
  5
5D6
330
315
100
AcDbEntity
  8
0
 62
     0
100
AcDbTrace
 10
-13.04425005099845
 20
96.34061809952587
 30
0.0
 11
-13.04425005099845
 21
95.23995143285921
 31
0.0
 12
-16.34625005099845
 22
95.79028476619255
 32
0.0
 13
-16.34625005099845
 23
95.79028476619255
 33
0.0
  0
SOLID
  5
5D7
330
315
100
AcDbEntity
  8
0
 62
     0
100
AcDbTrace
 10
38.1017499490016
 20
95.23995143285921
 30
0.0
 11
38.1017499490016
 21
96.34061809952587
 31
0.0
 12
41.40374994900159
 22
95.79028476619255
 32
0.0
 13
41.40374994900159
 23
95.79028476619255
 33
0.0
  0
MTEXT
  5
5D8
330
315
100
AcDbEntity
  8
0
 62
     0
100
AcDbMText
 10
12.52874994900157
 20
98.48095143285922
 30
0.0
 40
2.0
 41
0.0
 46
0.0
 71
     5
 72
     1
  1
57,75
 73
     1
 44
1.0
1001
ACAD
1000
MTEXTBEGIN
1070
    73
1070
     1
1070
    44
1040
1.0
1070
    74
1070
     0
1000
MTEXTEND
  0
POINT
  5
5D9
330
315
100
AcDbEntity
  8
Defpoints
 62
     0
100
AcDbPoint
 10
-16.34625005099845
 20
156.9944441723
 30
0.0
  0
POINT
  5
5DA
330
315
100
AcDbEntity
  8
Defpoints
 62
     0
100
AcDbPoint
 10
41.40374994900159
 20
156.9944441723
 30
0.0
  0
POINT
  5
5DB
330
315
100
AcDbEntity
  8
Defpoints
 62
     0
100
AcDbPoint
 10
41.40374994900159
 20
95.79028476619255
 30
0.0
  0
ENDBLK
  5
320
330
315
100
AcDbEntity
  8
0
100
AcDbBlockEnd
  0
BLOCK
  5
339
330
32D
100
AcDbEntity
  8
0
100
AcDbBlockBegin
  2
*D12
 70
     1
 10
0.0
 20
0.0
 30
0.0
  3
*D12
  1

  0
LINE
  5
5CA
330
32D
100
AcDbEntity
  8
0
 62
     0
370
    -2
100
AcDbLine
 10
6.153749949001593
 20
128.5399363457154
 30
0.0
 11
6.153749949001593
 21
110.9774470995932
 31
0.0
  0
LINE
  5
5CB
330
32D
100
AcDbEntity
  8
0
 62
     0
370
    -2
100
AcDbLine
 10
17.15374994901654
 20
128.5399363457184
 30
0.0
 11
17.15374994901654
 21
110.9774470995932
 31
0.0
  0
LINE
  5
5CC
330
32D
100
AcDbEntity
  8
0
 62
     0
370
    -2
100
AcDbLine
 10
9.455749949001592
 20
111.9774470995932
 30
0.0
 11
13.85174994901654
 21
111.9774470995932
 31
0.0
  0
SOLID
  5
5CD
330
32D
100
AcDbEntity
  8
0
 62
     0
100
AcDbTrace
 10
9.455749949001592
 20
112.5277804329265
 30
0.0
 11
9.455749949001592
 21
111.4271137662598
 31
0.0
 12
6.153749949001593
 22
111.9774470995932
 32
0.0
 13
6.153749949001593
 23
111.9774470995932
 33
0.0
  0
SOLID
  5
5CE
330
32D
100
AcDbEntity
  8
0
 62
     0
100
AcDbTrace
 10
13.85174994901654
 20
111.4271137662598
 30
0.0
 11
13.85174994901654
 21
112.5277804329265
 31
0.0
 12
17.15374994901654
 22
111.9774470995932
 32
0.0
 13
17.15374994901654
 23
111.9774470995932
 33
0.0
  0
MTEXT
  5
5CF
330
32D
100
AcDbEntity
  8
0
 62
     0
100
AcDbMText
 10
11.65374994900907
 20
114.6681137662598
 30
0.0
 40
2.0
 41
0.0
 46
0.0
 71
     5
 72
     1
  1
11,00
 73
     1
 44
1.0
1001
ACAD
1000
MTEXTBEGIN
1070
    73
1070
     1
1070
    44
1040
1.0
1070
    74
1070
     0
1000
MTEXTEND
  0
POINT
  5
5D0
330
32D
100
AcDbEntity
  8
Defpoints
 62
     0
100
AcDbPoint
 10
6.153749949001593
 20
129.5399363457153
 30
0.0
  0
POINT
  5
5D1
330
32D
100
AcDbEntity
  8
Defpoints
 62
     0
100
AcDbPoint
 10
17.15374994901654
 20
129.5399363457184
 30
0.0
  0
POINT
  5
5D2
330
32D
100
AcDbEntity
  8
Defpoints
 62
     0
100
AcDbPoint
 10
17.15374994901654
 20
111.9774470995932
 30
0.0
  0
ENDBLK
  5
33A
330
32D
100
AcDbEntity
  8
0
100
AcDbBlockEnd
  0
BLOCK
  5
355
330
349
100
AcDbEntity
  8
0
100
AcDbBlockBegin
  2
*D13
 70
     1
 10
0.0
 20
0.0
 30
0.0
  3
*D13
  1

  0
LINE
  5
5DC
330
349
100
AcDbEntity
  8
0
 62
     0
370
    -2
100
AcDbLine
 10
6.153749949001593
 20
185.4489519988847
 30
0.0
 11
6.153749949001593
 21
212.4893028020102
 31
0.0
  0
LINE
  5
5DD
330
349
100
AcDbEntity
  8
0
 62
     0
370
    -2
100
AcDbLine
 10
17.15374994901657
 20
185.4489519988817
 30
0.0
 11
17.15374994901657
 21
212.4893028020102
 31
0.0
  0
LINE
  5
5DE
330
349
100
AcDbEntity
  8
0
 62
     0
370
    -2
100
AcDbLine
 10
9.455749949001592
 20
211.4893028020102
 30
0.0
 11
13.85174994901657
 21
211.4893028020102
 31
0.0
  0
SOLID
  5
5DF
330
349
100
AcDbEntity
  8
0
 62
     0
100
AcDbTrace
 10
9.455749949001592
 20
212.0396361353435
 30
0.0
 11
9.455749949001592
 21
210.9389694686768
 31
0.0
 12
6.153749949001593
 22
211.4893028020102
 32
0.0
 13
6.153749949001593
 23
211.4893028020102
 33
0.0
  0
SOLID
  5
5E0
330
349
100
AcDbEntity
  8
0
 62
     0
100
AcDbTrace
 10
13.85174994901657
 20
210.9389694686768
 30
0.0
 11
13.85174994901657
 21
212.0396361353435
 31
0.0
 12
17.15374994901657
 22
211.4893028020102
 32
0.0
 13
17.15374994901657
 23
211.4893028020102
 33
0.0
  0
MTEXT
  5
5E1
330
349
100
AcDbEntity
  8
0
 62
     0
100
AcDbMText
 10
11.65374994900908
 20
214.1799694686768
 30
0.0
 40
2.0
 41
0.0
 46
0.0
 71
     5
 72
     1
  1
{\H0.571429x;}11,00
 73
     1
 44
1.0
1001
ACAD
1000
MTEXTBEGIN
1070
    73
1070
     1
1070
    44
1040
1.0
1070
    74
1070
     0
1000
MTEXTEND
  0
POINT
  5
5E2
330
349
100
AcDbEntity
  8
Defpoints
 62
     0
100
AcDbPoint
 10
6.153749949001593
 20
184.4489519988847
 30
0.0
  0
POINT
  5
5E3
330
349
100
AcDbEntity
  8
Defpoints
 62
     0
100
AcDbPoint
 10
17.15374994901657
 20
184.4489519988817
 30
0.0
  0
POINT
  5
5E4
330
349
100
AcDbEntity
  8
Defpoints
 62
     0
100
AcDbPoint
 10
17.15374994901657
 20
211.4893028020102
 30
0.0
  0
ENDBLK
  5
356
330
349
100
AcDbEntity
  8
0
100
AcDbBlockEnd
  0
BLOCK
  5
370
330
365
100
AcDbEntity
  8
0
100
AcDbBlockBegin
  2
*D14
 70
     1
 10
0.0
 20
0.0
 30
0.0
  3
*D14
  1

  0
LINE
  5
5A5
330
365
100
AcDbEntity
  8
0
 62
     0
370
    -2
100
AcDbLine
 10
10.65374994900162
 20
184.9944441723
 30
0.0
 11
-97.51577238935524
 21
184.9944441723
 31
0.0
  0
LINE
  5
5A6
330
365
100
AcDbEntity
  8
0
 62
     0
370
    -2
100
AcDbLine
 10
10.65374994900162
 20
128.9944441723
 30
0.0
 11
-97.51577238935524
 21
128.9944441723
 31
0.0
  0
LINE
  5
5A7
330
365
100
AcDbEntity
  8
0
 62
     0
370
    -2
100
AcDbLine
 10
-96.51577238935525
 20
181.6924441723001
 30
0.0
 11
-96.51577238935525
 21
159.6851108389667
 31
0.0
  0
LINE
  5
5A8
330
365
100
AcDbEntity
  8
0
 62
     0
370
    -2
100
AcDbLine
 10
-96.51577238935525
 20
132.2964441723
 30
0.0
 11
-96.51577238935525
 21
154.3037775056334
 31
0.0
  0
SOLID
  5
5A9
330
365
100
AcDbEntity
  8
0
 62
     0
100
AcDbTrace
 10
-95.96543905602192
 20
181.6924441723001
 30
0.0
 11
-97.06610572268857
 21
181.6924441723001
 31
0.0
 12
-96.51577238935525
 22
184.9944441723
 32
0.0
 13
-96.51577238935525
 23
184.9944441723
 33
0.0
  0
SOLID
  5
5AA
330
365
100
AcDbEntity
  8
0
 62
     0
100
AcDbTrace
 10
-97.06610572268857
 20
132.2964441723
 30
0.0
 11
-95.96543905602192
 21
132.2964441723
 31
0.0
 12
-96.51577238935525
 22
128.9944441723
 32
0.0
 13
-96.51577238935525
 23
128.9944441723
 33
0.0
  0
MTEXT
  5
5AB
330
365
100
AcDbEntity
  8
0
 62
     0
100
AcDbMText
 10
-96.51577238935525
 20
156.9944441723
 30
0.0
 40
2.0
 41
0.0
 46
0.0
 71
     5
 72
     1
  1
56,00
 73
     1
 44
1.0
1001
ACAD
1000
MTEXTBEGIN
1070
    73
1070
     1
1070
    44
1040
1.0
1070
    74
1070
     0
1000
MTEXTEND
  0
POINT
  5
5AC
330
365
100
AcDbEntity
  8
Defpoints
 62
     0
100
AcDbPoint
 10
11.65374994900162
 20
184.9944441723
 30
0.0
  0
POINT
  5
5AD
330
365
100
AcDbEntity
  8
Defpoints
 62
     0
100
AcDbPoint
 10
11.65374994900162
 20
128.9944441723
 30
0.0
  0
POINT
  5
5AE
330
365
100
AcDbEntity
  8
Defpoints
 62
     0
100
AcDbPoint
 10
-96.51577238935525
 20
128.9944441723
 30
0.0
  0
ENDBLK
  5
371
330
365
100
AcDbEntity
  8
0
100
AcDbBlockEnd
  0
BLOCK
  5
38B
330
381
100
AcDbEntity
  8
0
100
AcDbBlockBegin
  2
*D15
 70
     1
 10
0.0
 20
0.0
 30
0.0
  3
*D15
  1

  0
LINE
  5
576
330
381
100
AcDbEntity
  8
0
 62
     0
370
    -2
100
AcDbLine
 10
108.7021145283326
 20
155.2176537094004
 30
0.0
 11
61.71669775070279
 21
155.2176537094004
 31
0.0
  0
LINE
  5
577
330
381
100
AcDbEntity
  8
0
 62
     0
370
    -2
100
AcDbLine
 10
27.46320840889386
 20
141.6034970413377
 30
0.0
 11
24.3946909143327
 21
140.3839051482963
 31
0.0
  0
LINE
  5
578
330
381
100
AcDbEntity
  8
0
 62
     0
370
    -2
100
AcDbLine
 10
61.71669775070279
 20
155.2176537094004
 30
0.0
 11
38.24669629710941
 21
145.8894280912623
 31
0.0
  0
MTEXT
  5
579
330
381
100
AcDbEntity
  8
0
 62
     0
100
AcDbMText
 10
101.4238189224737
 20
159.6202600121079
 30
0.0
 40
2.0
 41
0.0
 46
0.0
 71
     5
 72
     1
  1
{\fGulim|b0|i0|c129|p50;pattern 금지}\P∅10,00
 73
     1
 44
1.0
1001
ACAD
1000
MTEXTBEGIN
1070
    73
1070
     1
1070
    44
1040
1.0
1070
    74
1070
     0
1000
MTEXTEND
  0
LINE
  5
57A
330
381
100
AcDbEntity
  8
0
 62
     0
370
    -2
100
AcDbLine
 10
30.53172590345503
 20
142.823088934379
 30
0.0
 11
35.17817880254825
 21
144.669836198221
 31
0.0
  0
SOLID
  5
57B
330
381
100
AcDbEntity
  8
0
 62
     0
100
AcDbTrace
 10
27.66647372440075
 20
141.0920774589108
 30
0.0
 11
27.25994309338698
 21
142.1149166237645
 31
0.0
 12
30.53172590345503
 22
142.823088934379
 32
0.0
 13
30.53172590345503
 23
142.823088934379
 33
0.0
  0
SOLID
  5
57C
330
381
100
AcDbEntity
  8
0
 62
     0
100
AcDbTrace
 10
38.04343098160252
 20
146.4008476736892
 30
0.0
 11
38.44996161261629
 21
145.3780085088355
 31
0.0
 12
35.17817880254825
 22
144.669836198221
 32
0.0
 13
35.17817880254825
 23
144.669836198221
 33
0.0
  0
POINT
  5
57D
330
381
100
AcDbEntity
  8
Defpoints
 62
     0
100
AcDbPoint
 10
35.17817880254825
 20
144.669836198221
 30
0.0
  0
POINT
  5
57E
330
381
100
AcDbEntity
  8
Defpoints
 62
     0
100
AcDbPoint
 10
30.53172590345503
 20
142.823088934379
 30
0.0
  0
ENDBLK
  5
38C
330
381
100
AcDbEntity
  8
0
100
AcDbBlockEnd
  0
BLOCK
  5
4B5
330
4B0
100
AcDbEntity
  8
0
100
AcDbBlockBegin
  2
zw$AFD6
 70
     0
 10
0.0
 20
0.0
 30
0.0
  3
zw$AFD6
  1

  0
LINE
  5
4B1
330
4B0
100
AcDbEntity
  8
0
100
AcDbLine
 10
0.0
 20
11.0
 30
0.0
 11
7.299999999999997
 21
11.0
 31
0.0
  0
LINE
  5
4B2
330
4B0
100
AcDbEntity
  8
0
100
AcDbLine
 10
7.299999999999997
 20
11.0
 30
0.0
 11
7.299999999999997
 21
0.0
 31
0.0
  0
LINE
  5
4B3
330
4B0
100
AcDbEntity
  8
0
100
AcDbLine
 10
7.299999999999997
 20
0.0
 30
0.0
 11
0.0
 21
0.0
 31
0.0
  0
LINE
  5
4B4
330
4B0
100
AcDbEntity
  8
0
100
AcDbLine
 10
0.0
 20
0.0
 30
0.0
 11
0.0
 21
11.0
 31
0.0
  0
ENDBLK
  5
4B6
330
4B0
100
AcDbEntity
  8
0
100
AcDbBlockEnd
  0
BLOCK
  5
4C5
330
4B9
100
AcDbEntity
  8
0
100
AcDbBlockBegin
  2
*D18
 70
     1
 10
0.0
 20
0.0
 30
0.0
  3
*D18
  1

  0
LINE
  5
640
330
4B9
100
AcDbEntity
  8
0
 62
     0
370
    -2
100
AcDbLine
 10
91.75680962367517
 20
69.79641767065643
 30
0.0
 11
91.75680962367517
 21
86.93343144577529
 31
0.0
  0
LINE
  5
641
330
4B9
100
AcDbEntity
  8
0
 62
     0
370
    -2
100
AcDbLine
 10
99.05680962367517
 20
69.79641767065643
 30
0.0
 11
99.05680962367517
 21
86.93343144577529
 31
0.0
  0
LINE
  5
642
330
4B9
100
AcDbEntity
  8
0
 62
     0
370
    -2
100
AcDbLine
 10
102.3588096236751
 20
85.93343144577529
 30
0.0
 11
119.2088096236751
 21
85.93343144577529
 31
0.0
  0
LINE
  5
643
330
4B9
100
AcDbEntity
  8
0
 62
     0
370
    -2
100
AcDbLine
 10
91.75680962367517
 20
85.93343144577529
 30
0.0
 11
99.05680962367517
 21
85.93343144577529
 31
0.0
  0
LINE
  5
644
330
4B9
100
AcDbEntity
  8
0
 62
     0
370
    -2
100
AcDbLine
 10
88.45480962367515
 20
85.93343144577529
 30
0.0
 11
85.15280962367516
 21
85.93343144577529
 31
0.0
  0
SOLID
  5
645
330
4B9
100
AcDbEntity
  8
0
 62
     0
100
AcDbTrace
 10
88.45480962367515
 20
85.38309811244195
 30
0.0
 11
88.45480962367515
 21
86.48376477910861
 31
0.0
 12
91.75680962367517
 22
85.93343144577529
 32
0.0
 13
91.75680962367517
 23
85.93343144577529
 33
0.0
  0
SOLID
  5
646
330
4B9
100
AcDbEntity
  8
0
 62
     0
100
AcDbTrace
 10
102.3588096236751
 20
86.48376477910861
 30
0.0
 11
102.3588096236751
 21
85.38309811244195
 31
0.0
 12
99.05680962367517
 22
85.93343144577529
 32
0.0
 13
99.05680962367517
 23
85.93343144577529
 33
0.0
  0
MTEXT
  5
647
330
4B9
100
AcDbEntity
  8
0
 62
     0
100
AcDbMText
 10
112.4348096236751
 20
89.49909811244195
 30
0.0
 40
3.5
 41
0.0
 46
0.0
 71
     5
 72
     1
  1
7,30
 73
     1
 44
1.0
1001
ACAD
1000
MTEXTBEGIN
1070
    73
1070
     1
1070
    44
1040
1.0
1070
    74
1070
     0
1000
MTEXTEND
  0
POINT
  5
648
330
4B9
100
AcDbEntity
  8
Defpoints
 62
     0
100
AcDbPoint
 10
91.75680962367517
 20
68.79641767065644
 30
0.0
  0
POINT
  5
649
330
4B9
100
AcDbEntity
  8
Defpoints
 62
     0
100
AcDbPoint
 10
99.05680962367517
 20
68.79641767065644
 30
0.0
  0
POINT
  5
64A
330
4B9
100
AcDbEntity
  8
Defpoints
 62
     0
100
AcDbPoint
 10
99.05680962367517
 20
85.93343144577529
 30
0.0
  0
ENDBLK
  5
4C6
330
4B9
100
AcDbEntity
  8
0
100
AcDbBlockEnd
  0
BLOCK
  5
65C
330
650
100
AcDbEntity
  8
0
100
AcDbBlockBegin
  2
*D19
 70
     1
 10
0.0
 20
0.0
 30
0.0
  3
*D19
  1

  0
LINE
  5
660
330
650
100
AcDbEntity
  8
0
 62
     0
370
    -2
100
AcDbLine
 10
90.75680962367517
 20
68.79641767065644
 30
0.0
 11
78.45653371201177
 21
68.79641767065644
 31
0.0
  0
LINE
  5
661
330
650
100
AcDbEntity
  8
0
 62
     0
370
    -2
100
AcDbLine
 10
90.75680962367517
 20
57.79641767065644
 30
0.0
 11
78.45653371201177
 21
57.79641767065644
 31
0.0
  0
LINE
  5
662
330
650
100
AcDbEntity
  8
0
 62
     0
370
    -2
100
AcDbLine
 10
79.45653371201178
 20
54.49441767065644
 30
0.0
 11
66.84920037867843
 21
54.49441767065644
 31
0.0
  0
LINE
  5
663
330
650
100
AcDbEntity
  8
0
 62
     0
370
    -2
100
AcDbLine
 10
79.45653371201178
 20
65.49441767065643
 30
0.0
 11
79.45653371201178
 21
61.09841767065644
 31
0.0
  0
LINE
  5
664
330
650
100
AcDbEntity
  8
0
 62
     0
370
    -2
100
AcDbLine
 10
79.45653371201178
 20
57.79641767065644
 30
0.0
 11
79.45653371201178
 21
54.49441767065644
 31
0.0
  0
SOLID
  5
665
330
650
100
AcDbEntity
  8
0
 62
     0
100
AcDbTrace
 10
80.0068670453451
 20
65.49441767065643
 30
0.0
 11
78.90620037867845
 21
65.49441767065643
 31
0.0
 12
79.45653371201178
 22
68.79641767065644
 32
0.0
 13
79.45653371201178
 23
68.79641767065644
 33
0.0
  0
SOLID
  5
666
330
650
100
AcDbEntity
  8
0
 62
     0
100
AcDbTrace
 10
78.90620037867845
 20
61.09841767065644
 30
0.0
 11
80.0068670453451
 21
61.09841767065644
 31
0.0
 12
79.45653371201178
 22
57.79641767065644
 32
0.0
 13
79.45653371201178
 23
57.79641767065644
 33
0.0
  0
MTEXT
  5
667
330
650
100
AcDbEntity
  8
0
 62
     0
100
AcDbMText
 10
72.39086704534511
 20
58.0600843373231
 30
0.0
 40
3.5
 41
0.0
 46
0.0
 71
     5
 72
     1
  1
11,00
 73
     1
 44
1.0
1001
ACAD
1000
MTEXTBEGIN
1070
    73
1070
     1
1070
    44
1040
1.0
1070
    74
1070
     0
1000
MTEXTEND
  0
POINT
  5
668
330
650
100
AcDbEntity
  8
Defpoints
 62
     0
100
AcDbPoint
 10
91.75680962367517
 20
68.79641767065644
 30
0.0
  0
POINT
  5
669
330
650
100
AcDbEntity
  8
Defpoints
 62
     0
100
AcDbPoint
 10
91.75680962367517
 20
57.79641767065644
 30
0.0
  0
POINT
  5
66A
330
650
100
AcDbEntity
  8
Defpoints
 62
     0
100
AcDbPoint
 10
79.45653371201178
 20
57.79641767065644
 30
0.0
  0
ENDBLK
  5
65D
330
650
100
AcDbEntity
  8
0
100
AcDbBlockEnd
  0
BLOCK
  5
756
330
749
100
AcDbEntity
  8
0
100
AcDbBlockBegin
  2
*D21
 70
     1
 10
0.0
 20
0.0
 30
0.0
  3
*D21
  1

  0
LINE
  5
75A
330
749
100
AcDbEntity
  8
0
 62
     0
370
    -2
100
AcDbLine
 10
12.65374994900158
 20
156.9944441722999
 30
0.0
 11
63.53967737616902
 21
156.9944441722999
 31
0.0
  0
LINE
  5
75B
330
749
100
AcDbEntity
  8
0
 62
     0
370
    -2
100
AcDbLine
 10
28.90152677886903
 20
161.8971834960916
 30
0.0
 11
63.53967737616902
 21
161.8971834960916
 31
0.0
  0
LINE
  5
75C
330
749
100
AcDbEntity
  8
0
 62
     0
370
    -2
100
AcDbLine
 10
62.53967737616902
 20
168.5011834960915
 30
0.0
 11
74.56367737616902
 21
168.5011834960915
 31
0.0
  0
LINE
  5
75D
330
749
100
AcDbEntity
  8
0
 62
     0
370
    -2
100
AcDbLine
 10
62.53967737616902
 20
156.9944441722999
 30
0.0
 11
62.53967737616902
 21
161.8971834960916
 31
0.0
  0
LINE
  5
75E
330
749
100
AcDbEntity
  8
0
 62
     0
370
    -2
100
AcDbLine
 10
62.53967737616902
 20
153.6924441723
 30
0.0
 11
62.53967737616902
 21
150.3904441723
 31
0.0
  0
LINE
  5
75F
330
749
100
AcDbEntity
  8
0
 62
     0
370
    -2
100
AcDbLine
 10
62.53967737616902
 20
165.1991834960916
 30
0.0
 11
62.53967737616902
 21
168.5011834960915
 31
0.0
  0
SOLID
  5
760
330
749
100
AcDbEntity
  8
0
 62
     0
100
AcDbTrace
 10
63.09001070950236
 20
153.6924441723
 30
0.0
 11
61.98934404283569
 21
153.6924441723
 31
0.0
 12
62.53967737616902
 22
156.9944441722999
 32
0.0
 13
62.53967737616902
 23
156.9944441722999
 33
0.0
  0
SOLID
  5
761
330
749
100
AcDbEntity
  8
0
 62
     0
100
AcDbTrace
 10
61.98934404283569
 20
165.1991834960916
 30
0.0
 11
63.09001070950236
 21
165.1991834960916
 31
0.0
 12
62.53967737616902
 22
161.8971834960916
 32
0.0
 13
62.53967737616902
 23
161.8971834960916
 33
0.0
  0
MTEXT
  5
762
330
749
100
AcDbEntity
  8
0
 62
     0
100
AcDbMText
 10
69.31367737616902
 20
172.0668501627582
 30
0.0
 40
3.5
 41
0.0
 46
0.0
 71
     5
 72
     1
  1
4,90
 73
     1
 44
1.0
1001
ACAD
1000
MTEXTBEGIN
1070
    73
1070
     1
1070
    44
1040
1.0
1070
    74
1070
     0
1000
MTEXTEND
  0
POINT
  5
763
330
749
100
AcDbEntity
  8
Defpoints
 62
     0
100
AcDbPoint
 10
11.65374994900158
 20
156.9944441722999
 30
0.0
  0
POINT
  5
764
330
749
100
AcDbEntity
  8
Defpoints
 62
     0
100
AcDbPoint
 10
27.90152677886903
 20
161.8971834960916
 30
0.0
  0
POINT
  5
765
330
749
100
AcDbEntity
  8
Defpoints
 62
     0
100
AcDbPoint
 10
62.53967737616902
 20
161.8971834960916
 30
0.0
  0
ENDBLK
  5
757
330
749
100
AcDbEntity
  8
0
100
AcDbBlockEnd
  0
BLOCK
  5
771
330
767
100
AcDbEntity
  8
0
100
AcDbBlockBegin
  2
*D22
 70
     1
 10
0.0
 20
0.0
 30
0.0
  3
*D22
  1

  0
LINE
  5
775
330
767
100
AcDbEntity
  8
0
 62
     0
370
    -2
100
AcDbLine
 10
-172.1961671411075
 20
153.2084580707254
 30
0.0
 11
-172.1961671411075
 21
146.3949845206927
 31
0.0
  0
LINE
  5
776
330
767
100
AcDbEntity
  8
0
 62
     0
370
    -2
100
AcDbLine
 10
-135.5961671411075
 20
153.2084580707254
 30
0.0
 11
-135.5961671411075
 21
146.3949845206927
 31
0.0
  0
LINE
  5
777
330
767
100
AcDbEntity
  8
0
 62
     0
370
    -2
100
AcDbLine
 10
-168.8941671411075
 20
147.3949845206927
 30
0.0
 11
-138.8981671411074
 21
147.3949845206927
 31
0.0
  0
SOLID
  5
778
330
767
100
AcDbEntity
  8
0
 62
     0
100
AcDbTrace
 10
-168.8941671411075
 20
147.945317854026
 30
0.0
 11
-168.8941671411075
 21
146.8446511873594
 31
0.0
 12
-172.1961671411075
 22
147.3949845206927
 32
0.0
 13
-172.1961671411075
 23
147.3949845206927
 33
0.0
  0
SOLID
  5
779
330
767
100
AcDbEntity
  8
0
 62
     0
100
AcDbTrace
 10
-138.8981671411074
 20
146.8446511873594
 30
0.0
 11
-138.8981671411074
 21
147.945317854026
 31
0.0
 12
-135.5961671411075
 22
147.3949845206927
 32
0.0
 13
-135.5961671411075
 23
147.3949845206927
 33
0.0
  0
MTEXT
  5
77A
330
767
100
AcDbEntity
  8
0
 62
     0
100
AcDbMText
 10
-153.8961671411074
 20
150.9606511873593
 30
0.0
 40
3.5
 41
0.0
 46
0.0
 71
     5
 72
     1
  1
36,60
 73
     1
 44
1.0
1001
ACAD
1000
MTEXTBEGIN
1070
    73
1070
     1
1070
    44
1040
1.0
1070
    74
1070
     0
1000
MTEXTEND
  0
POINT
  5
77B
330
767
100
AcDbEntity
  8
Defpoints
 62
     0
100
AcDbPoint
 10
-172.1961671411075
 20
154.2084580707254
 30
0.0
  0
POINT
  5
77C
330
767
100
AcDbEntity
  8
Defpoints
 62
     0
100
AcDbPoint
 10
-135.5961671411075
 20
154.2084580707254
 30
0.0
  0
POINT
  5
77D
330
767
100
AcDbEntity
  8
Defpoints
 62
     0
100
AcDbPoint
 10
-135.5961671411075
 20
147.3949845206927
 30
0.0
  0
ENDBLK
  5
772
330
767
100
AcDbEntity
  8
0
100
AcDbBlockEnd
  0
BLOCK
  5
7A4
330
79D
100
AcDbEntity
  8
0
100
AcDbBlockBegin
  2
zw$DA3C
 70
     0
 10
0.0
 20
0.0
 30
0.0
  3
zw$DA3C
  1

  0
LINE
  5
79E
330
79D
100
AcDbEntity
  8
OUTLLINE
 62
     3
100
AcDbLine
 10
3.0
 20
0.0
 30
0.0
 11
3.0
 21
1.400000000000005
 31
0.0
  0
LINE
  5
79F
330
79D
100
AcDbEntity
  8
OUTLLINE
 62
     3
100
AcDbLine
 10
0.0
 20
1.400000000000005
 30
0.0
 11
0.0
 21
0.0
 31
0.0
  0
LINE
  5
7A0
330
79D
100
AcDbEntity
  8
OUTLLINE
 62
     3
100
AcDbLine
 10
3.0
 20
1.400000000000005
 30
0.0
 11
0.0
 21
1.400000000000005
 31
0.0
  0
LINE
  5
7A1
330
79D
100
AcDbEntity
  8
OUTLLINE
 62
     3
100
AcDbLine
 10
0.0
 20
0.0
 30
0.0
 11
3.0
 21
0.0
 31
0.0
  0
ENDBLK
  5
7A5
330
79D
100
AcDbEntity
  8
0
100
AcDbBlockEnd
  0
BLOCK
  5
7C8
330
7BD
100
AcDbEntity
  8
0
100
AcDbBlockBegin
  2
*D24
 70
     1
 10
0.0
 20
0.0
 30
0.0
  3
*D24
  1

  0
LINE
  5
7CC
330
7BD
100
AcDbEntity
  8
0
 62
     0
370
    -2
100
AcDbLine
 10
-137.6483903111763
 20
158.1111973945806
 30
0.0
 11
-137.6483903111763
 21
94.96777752255633
 31
0.0
  0
LINE
  5
7CD
330
7BD
100
AcDbEntity
  8
0
 62
     0
370
    -2
100
AcDbLine
 10
-153.8961671411074
 20
153.2084580707254
 30
0.0
 11
-153.8961671411074
 21
94.96777752255633
 31
0.0
  0
LINE
  5
7CE
330
7BD
100
AcDbEntity
  8
0
 62
     0
370
    -2
100
AcDbLine
 10
-153.8961671411074
 20
95.96777752255633
 30
0.0
 11
-173.6628338077741
 21
95.96777752255633
 31
0.0
  0
LINE
  5
7CF
330
7BD
100
AcDbEntity
  8
0
 62
     0
370
    -2
100
AcDbLine
 10
-140.9503903111763
 20
95.96777752255633
 30
0.0
 11
-150.5941671411074
 21
95.96777752255633
 31
0.0
  0
SOLID
  5
7D0
330
7BD
100
AcDbEntity
  8
0
 62
     0
100
AcDbTrace
 10
-140.9503903111763
 20
95.417444189223
 30
0.0
 11
-140.9503903111763
 21
96.51811085588967
 31
0.0
 12
-137.6483903111763
 22
95.96777752255633
 32
0.0
 13
-137.6483903111763
 23
95.96777752255633
 33
0.0
  0
SOLID
  5
7D1
330
7BD
100
AcDbEntity
  8
0
 62
     0
100
AcDbTrace
 10
-150.5941671411074
 20
96.51811085588967
 30
0.0
 11
-150.5941671411074
 21
95.417444189223
 31
0.0
 12
-153.8961671411074
 22
95.96777752255633
 32
0.0
 13
-153.8961671411074
 23
95.96777752255633
 33
0.0
  0
MTEXT
  5
7D2
330
7BD
100
AcDbEntity
  8
0
 62
     0
100
AcDbMText
 10
-165.4305004744408
 20
99.533444189223
 30
0.0
 40
3.5
 41
0.0
 46
0.0
 71
     5
 72
     1
  1
16,25
 73
     1
 44
1.0
1001
ACAD
1000
MTEXTBEGIN
1070
    73
1070
     1
1070
    44
1040
1.0
1070
    74
1070
     0
1000
MTEXTEND
  0
POINT
  5
7D3
330
7BD
100
AcDbEntity
  8
Defpoints
 62
     0
100
AcDbPoint
 10
-137.6483903111763
 20
159.1111973945806
 30
0.0
  0
POINT
  5
7D4
330
7BD
100
AcDbEntity
  8
Defpoints
 62
     0
100
AcDbPoint
 10
-153.8961671411074
 20
154.2084580707254
 30
0.0
  0
POINT
  5
7D5
330
7BD
100
AcDbEntity
  8
Defpoints
 62
     0
100
AcDbPoint
 10
-153.8961671411074
 20
95.96777752255633
 30
0.0
  0
ENDBLK
  5
7C9
330
7BD
100
AcDbEntity
  8
0
100
AcDbBlockEnd
  0
BLOCK
  5
7E4
330
7D7
100
AcDbEntity
  8
0
100
AcDbBlockBegin
  2
*D25
 70
     1
 10
0.0
 20
0.0
 30
0.0
  3
*D25
  1

  0
LINE
  5
7E8
330
7D7
100
AcDbEntity
  8
0
 62
     0
370
    -2
100
AcDbLine
 10
-154.8961671411074
 20
154.2084580707254
 30
0.0
 11
-214.2953348469522
 21
154.2084580707254
 31
0.0
  0
LINE
  5
7E9
330
7D7
100
AcDbEntity
  8
0
 62
     0
370
    -2
100
AcDbLine
 10
-138.6483903111763
 20
159.1111973945806
 30
0.0
 11
-214.2953348469522
 21
159.1111973945806
 31
0.0
  0
LINE
  5
7EA
330
7D7
100
AcDbEntity
  8
0
 62
     0
370
    -2
100
AcDbLine
 10
-213.2953348469521
 20
165.7151973945806
 30
0.0
 11
-201.2713348469521
 21
165.7151973945806
 31
0.0
  0
LINE
  5
7EB
330
7D7
100
AcDbEntity
  8
0
 62
     0
370
    -2
100
AcDbLine
 10
-213.2953348469521
 20
154.2084580707254
 30
0.0
 11
-213.2953348469521
 21
159.1111973945806
 31
0.0
  0
LINE
  5
7EC
330
7D7
100
AcDbEntity
  8
0
 62
     0
370
    -2
100
AcDbLine
 10
-213.2953348469521
 20
150.9064580707254
 30
0.0
 11
-213.2953348469521
 21
147.6044580707254
 31
0.0
  0
LINE
  5
7ED
330
7D7
100
AcDbEntity
  8
0
 62
     0
370
    -2
100
AcDbLine
 10
-213.2953348469521
 20
162.4131973945806
 30
0.0
 11
-213.2953348469521
 21
165.7151973945806
 31
0.0
  0
SOLID
  5
7EE
330
7D7
100
AcDbEntity
  8
0
 62
     0
100
AcDbTrace
 10
-212.7450015136188
 20
150.9064580707254
 30
0.0
 11
-213.8456681802855
 21
150.9064580707254
 31
0.0
 12
-213.2953348469521
 22
154.2084580707254
 32
0.0
 13
-213.2953348469521
 23
154.2084580707254
 33
0.0
  0
SOLID
  5
7EF
330
7D7
100
AcDbEntity
  8
0
 62
     0
100
AcDbTrace
 10
-213.8456681802855
 20
162.4131973945806
 30
0.0
 11
-212.7450015136188
 21
162.4131973945806
 31
0.0
 12
-213.2953348469521
 22
159.1111973945806
 32
0.0
 13
-213.2953348469521
 23
159.1111973945806
 33
0.0
  0
MTEXT
  5
7F0
330
7D7
100
AcDbEntity
  8
0
 62
     0
100
AcDbMText
 10
-206.5213348469521
 20
169.2808640612473
 30
0.0
 40
3.5
 41
0.0
 46
0.0
 71
     5
 72
     1
  1
4,90
 73
     1
 44
1.0
1001
ACAD
1000
MTEXTBEGIN
1070
    73
1070
     1
1070
    44
1040
1.0
1070
    74
1070
     0
1000
MTEXTEND
  0
POINT
  5
7F1
330
7D7
100
AcDbEntity
  8
Defpoints
 62
     0
100
AcDbPoint
 10
-153.8961671411074
 20
154.2084580707254
 30
0.0
  0
POINT
  5
7F2
330
7D7
100
AcDbEntity
  8
Defpoints
 62
     0
100
AcDbPoint
 10
-137.6483903111763
 20
159.1111973945806
 30
0.0
  0
POINT
  5
7F3
330
7D7
100
AcDbEntity
  8
Defpoints
 62
     0
100
AcDbPoint
 10
-213.2953348469521
 20
159.1111973945806
 30
0.0
  0
ENDBLK
  5
7E5
330
7D7
100
AcDbEntity
  8
0
100
AcDbBlockEnd
  0
BLOCK
  5
801
330
7F5
100
AcDbEntity
  8
0
100
AcDbBlockBegin
  2
*D26
 70
     1
 10
0.0
 20
0.0
 30
0.0
  3
*D26
  1

  0
LINE
  5
805
330
7F5
100
AcDbEntity
  8
0
 62
     0
370
    -2
100
AcDbLine
 10
-154.8961671411074
 20
154.2084580707254
 30
0.0
 11
-247.8625589519528
 21
154.2084580707254
 31
0.0
  0
LINE
  5
806
330
7F5
100
AcDbEntity
  8
0
 62
     0
370
    -2
100
AcDbLine
 10
-142.1875005389745
 20
165.4959212566982
 30
0.0
 11
-247.8625589519528
 21
165.4959212566982
 31
0.0
  0
LINE
  5
807
330
7F5
100
AcDbEntity
  8
0
 62
     0
370
    -2
100
AcDbLine
 10
-246.8625589519528
 20
168.7979212566982
 30
0.0
 11
-233.0885589519528
 21
168.7979212566982
 31
0.0
  0
LINE
  5
808
330
7F5
100
AcDbEntity
  8
0
 62
     0
370
    -2
100
AcDbLine
 10
-246.8625589519528
 20
157.5104580707254
 30
0.0
 11
-246.8625589519528
 21
162.1939212566982
 31
0.0
  0
LINE
  5
809
330
7F5
100
AcDbEntity
  8
0
 62
     0
370
    -2
100
AcDbLine
 10
-246.8625589519528
 20
165.4959212566982
 30
0.0
 11
-246.8625589519528
 21
168.7979212566982
 31
0.0
  0
SOLID
  5
80A
330
7F5
100
AcDbEntity
  8
0
 62
     0
100
AcDbTrace
 10
-247.4128922852861
 20
157.5104580707254
 30
0.0
 11
-246.3122256186195
 21
157.5104580707254
 31
0.0
 12
-246.8625589519528
 22
154.2084580707254
 32
0.0
 13
-246.8625589519528
 23
154.2084580707254
 33
0.0
  0
SOLID
  5
80B
330
7F5
100
AcDbEntity
  8
0
 62
     0
100
AcDbTrace
 10
-246.3122256186195
 20
162.1939212566982
 30
0.0
 11
-247.4128922852861
 21
162.1939212566982
 31
0.0
 12
-246.8625589519528
 22
165.4959212566982
 32
0.0
 13
-246.8625589519528
 23
165.4959212566982
 33
0.0
  0
MTEXT
  5
80C
330
7F5
100
AcDbEntity
  8
0
 62
     0
100
AcDbMText
 10
-239.2135589519528
 20
172.3635879233649
 30
0.0
 40
3.5
 41
0.0
 46
0.0
 71
     5
 72
     1
  1
11,29
 73
     1
 44
1.0
1001
ACAD
1000
MTEXTBEGIN
1070
    73
1070
     1
1070
    44
1040
1.0
1070
    74
1070
     0
1000
MTEXTEND
  0
POINT
  5
80D
330
7F5
100
AcDbEntity
  8
Defpoints
 62
     0
100
AcDbPoint
 10
-153.8961671411074
 20
154.2084580707254
 30
0.0
  0
POINT
  5
80E
330
7F5
100
AcDbEntity
  8
Defpoints
 62
     0
100
AcDbPoint
 10
-141.1875005389745
 20
165.4959212566982
 30
0.0
  0
POINT
  5
80F
330
7F5
100
AcDbEntity
  8
Defpoints
 62
     0
100
AcDbPoint
 10
-246.8625589519528
 20
165.4959212566982
 30
0.0
  0
ENDBLK
  5
802
330
7F5
100
AcDbEntity
  8
0
100
AcDbBlockEnd
  0
BLOCK
  5
81C
330
811
100
AcDbEntity
  8
0
100
AcDbBlockBegin
  2
*D27
 70
     1
 10
0.0
 20
0.0
 30
0.0
  3
*D27
  1

  0
LINE
  5
820
330
811
100
AcDbEntity
  8
0
 62
     0
370
    -2
100
AcDbLine
 10
-153.8961671411074
 20
153.2084580707254
 30
0.0
 11
-153.8961671411074
 21
109.3314310883702
 31
0.0
  0
LINE
  5
821
330
811
100
AcDbEntity
  8
0
 62
     0
370
    -2
100
AcDbLine
 10
-141.1875005389745
 20
164.4959212566982
 30
0.0
 11
-141.1875005389745
 21
109.3314310883702
 31
0.0
  0
LINE
  5
822
330
811
100
AcDbEntity
  8
0
 62
     0
370
    -2
100
AcDbLine
 10
-141.1875005389745
 20
110.3314310883702
 30
0.0
 11
-122.5875005389745
 21
110.3314310883702
 31
0.0
  0
LINE
  5
823
330
811
100
AcDbEntity
  8
0
 62
     0
370
    -2
100
AcDbLine
 10
-150.5941671411074
 20
110.3314310883702
 30
0.0
 11
-144.4895005389745
 21
110.3314310883702
 31
0.0
  0
SOLID
  5
824
330
811
100
AcDbEntity
  8
0
 62
     0
100
AcDbTrace
 10
-150.5941671411074
 20
110.8817644217035
 30
0.0
 11
-150.5941671411074
 21
109.7810977550369
 31
0.0
 12
-153.8961671411074
 22
110.3314310883702
 32
0.0
 13
-153.8961671411074
 23
110.3314310883702
 33
0.0
  0
SOLID
  5
825
330
811
100
AcDbEntity
  8
0
 62
     0
100
AcDbTrace
 10
-144.4895005389745
 20
109.7810977550369
 30
0.0
 11
-144.4895005389745
 21
110.8817644217035
 31
0.0
 12
-141.1875005389745
 22
110.3314310883702
 32
0.0
 13
-141.1875005389745
 23
110.3314310883702
 33
0.0
  0
MTEXT
  5
826
330
811
100
AcDbEntity
  8
0
 62
     0
100
AcDbMText
 10
-130.2365005389745
 20
113.8970977550369
 30
0.0
 40
3.5
 41
0.0
 46
0.0
 71
     5
 72
     1
  1
12,71
 73
     1
 44
1.0
1001
ACAD
1000
MTEXTBEGIN
1070
    73
1070
     1
1070
    44
1040
1.0
1070
    74
1070
     0
1000
MTEXTEND
  0
POINT
  5
827
330
811
100
AcDbEntity
  8
Defpoints
 62
     0
100
AcDbPoint
 10
-153.8961671411074
 20
154.2084580707254
 30
0.0
  0
POINT
  5
828
330
811
100
AcDbEntity
  8
Defpoints
 62
     0
100
AcDbPoint
 10
-141.1875005389745
 20
165.4959212566982
 30
0.0
  0
POINT
  5
829
330
811
100
AcDbEntity
  8
Defpoints
 62
     0
100
AcDbPoint
 10
-141.1875005389745
 20
110.3314310883702
 30
0.0
  0
ENDBLK
  5
81D
330
811
100
AcDbEntity
  8
0
100
AcDbBlockEnd
  0
ENDSEC
  0
SECTION
  2
ENTITIES
  0
ARC
  5
D5
102
{ACAD_REACTORS
330
358
330
373
102
}
330
1F
100
AcDbEntity
  8
OUTLLINE
 62
     3
100
AcDbCircle
 10
11.65374994900159
 20
156.9944441723
 30
0.0
 40
28.00000000000006
100
AcDbArc
 50
78.67181114789982
 51
101.3281888521002
  0
LINE
  5
D6
330
1F
100
AcDbEntity
  8
OUTLLINE
 62
     3
100
AcDbLine
 10
17.15374994900159
 20
178.4944441723
 30
0.0
 11
29.59114106360159
 21
178.4944441723
 31
0.0
  0
ARC
  5
D7
330
1F
100
AcDbEntity
  8
OUTLLINE
 62
     3
100
AcDbCircle
 10
11.65374994900159
 20
156.9944441723
 30
0.0
 40
28.0
100
AcDbArc
 50
309.8381498056
 51
354.8774839001998
  0
LINE
  5
D8
330
1F
100
AcDbEntity
  8
OUTLLINE
 62
     3
100
AcDbLine
 10
29.59114106360159
 20
135.4944441723
 30
0.0
 11
17.15374994900159
 21
135.4944441723
 31
0.0
  0
LINE
  5
D9
330
1F
100
AcDbEntity
  8
OUTLLINE
 62
     3
100
AcDbLine
 10
17.15374994900159
 20
135.4944441723
 30
0.0
 11
17.15374994900159
 21
129.5399363457
 31
0.0
  0
ARC
  5
DA
102
{ACAD_REACTORS
330
33C
102
}
330
1F
100
AcDbEntity
  8
OUTLLINE
 62
     3
100
AcDbCircle
 10
11.65374994900159
 20
156.9944441723
 30
0.0
 40
27.99999999999994
100
AcDbArc
 50
258.6718111478998
 51
281.3281888521002
  0
LINE
  5
DB
102
{ACAD_REACTORS
330
33C
102
}
330
1F
100
AcDbEntity
  8
OUTLLINE
 62
     3
100
AcDbLine
 10
6.153749949001593
 20
129.5399363457
 30
0.0
 11
6.153749949001593
 21
135.4944441723
 31
0.0
  0
LINE
  5
DC
102
{ACAD_REACTORS
330
1CD
102
}
330
1F
100
AcDbEntity
  8
OUTLLINE
 62
     3
100
AcDbLine
 10
6.153749949001593
 20
135.4944441723
 30
0.0
 11
-6.283641165598425
 21
135.4944441723
 31
0.0
  0
ARC
  5
DD
102
{ACAD_REACTORS
330
322
102
}
330
1F
100
AcDbEntity
  8
OUTLLINE
 62
     3
100
AcDbCircle
 10
11.65374994900159
 20
156.9944441723
 30
0.0
 40
28.00000000000004
100
AcDbArc
 50
129.8381498056
 51
230.1618501944
  0
LINE
  5
DE
102
{ACAD_REACTORS
330
1CD
102
}
330
1F
100
AcDbEntity
  8
OUTLLINE
 62
     3
100
AcDbLine
 10
-6.283641165598425
 20
178.4944441723
 30
0.0
 11
6.153749949001593
 21
178.4944441723
 31
0.0
  0
LINE
  5
DF
102
{ACAD_REACTORS
330
358
102
}
330
1F
100
AcDbEntity
  8
OUTLLINE
 62
     3
100
AcDbLine
 10
6.153749949001593
 20
178.4944441723
 30
0.0
 11
6.153749949001593
 21
184.4489519989
 31
0.0
  0
CIRCLE
  5
E0
330
1F
100
AcDbEntity
  8
OUTLLINE
 62
     3
100
AcDbCircle
 10
-6.023919580598402
 20
174.6721137019
 30
0.0
 40
2.099999999999964
  0
CIRCLE
  5
E1
330
1F
100
AcDbEntity
  8
OUTLLINE
 62
     3
100
AcDbCircle
 10
-6.023919580598402
 20
139.3167746425
 30
0.0
 40
2.099999999999964
  0
CIRCLE
  5
E2
102
{ACAD_REACTORS
330
217
102
}
330
1F
100
AcDbEntity
  8
OUTLLINE
 62
     3
100
AcDbCircle
 10
29.33141947860159
 20
174.6721137019
 30
0.0
 40
2.099999999999964
  0
CIRCLE
  5
E3
330
1F
100
AcDbEntity
  8
OUTLLINE
 62
     3
100
AcDbCircle
 10
-9.547452454798417
 20
170.2424257781
 30
0.0
 40
2.5
  0
LINE
  5
E4
330
1F
100
AcDbEntity
  8
OUTLLINE
 62
     3
100
AcDbLine
 10
-3.996250050998384
 20
146.5944441722999
 30
0.0
 11
-1.096250050998406
 21
146.5944441722999
 31
0.0
  0
ARC
  5
E5
330
1F
100
AcDbEntity
  8
OUTLLINE
 62
     3
100
AcDbCircle
 10
-1.096250050998406
 20
147.7444441723
 30
0.0
 40
1.149999999999977
100
AcDbArc
 50
270.0
 51
90.0
  0
LINE
  5
E6
330
1F
100
AcDbEntity
  8
OUTLLINE
 62
     3
100
AcDbLine
 10
-1.096250050998406
 20
148.8944441723
 30
0.0
 11
-3.996250050998384
 21
148.8944441723
 31
0.0
  0
ARC
  5
E7
330
1F
100
AcDbEntity
  8
OUTLLINE
 62
     3
100
AcDbCircle
 10
-3.996250050998384
 20
147.7444441723
 30
0.0
 40
1.149999999999977
100
AcDbArc
 50
90.0
 51
270.0
  0
LINE
  5
E8
330
1F
100
AcDbEntity
  8
OUTLLINE
 62
     3
100
AcDbLine
 10
-3.996250050998384
 20
164.3444441723
 30
0.0
 11
-1.096250050998406
 21
164.3444441723
 31
0.0
  0
ARC
  5
E9
330
1F
100
AcDbEntity
  8
OUTLLINE
 62
     3
100
AcDbCircle
 10
-1.096250050998406
 20
165.4944441723
 30
0.0
 40
1.150000000000034
100
AcDbArc
 50
270.0
 51
90.0
  0
LINE
  5
EA
330
1F
100
AcDbEntity
  8
OUTLLINE
 62
     3
100
AcDbLine
 10
-1.096250050998406
 20
166.6444441722999
 30
0.0
 11
-3.996250050998384
 21
166.6444441722999
 31
0.0
  0
ARC
  5
EB
330
1F
100
AcDbEntity
  8
OUTLLINE
 62
     3
100
AcDbCircle
 10
-3.996250050998384
 20
165.4944441723
 30
0.0
 40
1.150000000000034
100
AcDbArc
 50
90.0
 51
270.0
  0
ARC
  5
EC
102
{ACAD_REACTORS
330
30A
102
}
330
1F
100
AcDbEntity
  8
OUTLLINE
 62
     3
100
AcDbCircle
 10
11.65374994900159
 20
156.9944441723
 30
0.0
 40
28.00000000000004
100
AcDbArc
 50
5.122516099800178
 51
50.16185019439993
  0
LINE
  5
ED
330
1F
100
AcDbEntity
  8
OUTLLINE
 62
     3
100
AcDbLine
 10
17.15374994900159
 20
184.4489519989
 30
0.0
 11
17.15374994900159
 21
178.4944441723
 31
0.0
  0
CIRCLE
  5
EE
330
1F
100
AcDbEntity
  8
OUTLLINE
 62
     3
100
AcDbCircle
 10
29.33141947860159
 20
139.3167746425
 30
0.0
 40
2.099999999999964
  0
LINE
  5
EF
330
1F
100
AcDbEntity
  8
OUTLLINE
 62
     3
100
AcDbLine
 10
39.54191948380159
 20
154.4944441723
 30
0.0
 11
41.29852183200159
 21
154.4944441723
 31
0.0
  0
CIRCLE
  5
F0
102
{ACAD_REACTORS
330
38E
102
}
330
1F
100
AcDbEntity
  8
OUTLLINE
 62
     3
100
AcDbCircle
 10
32.85495235300164
 20
143.7464625663
 30
0.0
 40
2.5
  0
LINE
  5
F1
330
1F
100
AcDbEntity
  8
OUTLLINE
 62
     3
100
AcDbLine
 10
41.29852183200159
 20
159.4944441723
 30
0.0
 11
39.54191948380159
 21
159.4944441723
 31
0.0
  0
ARC
  5
F2
102
{ACAD_REACTORS
330
322
102
}
330
1F
100
AcDbEntity
  8
OUTLLINE
 62
     3
100
AcDbCircle
 10
11.65374994900159
 20
156.9944441723
 30
0.0
 40
29.75
100
AcDbArc
 50
355.1795438254004
 51
4.820456174599625
  0
CIRCLE
  5
F3
102
{ACAD_REACTORS
330
1FF
102
}
330
1F
100
AcDbEntity
  8
OUTLLINE
 62
     3
100
AcDbCircle
 10
32.85495235300164
 20
143.7464625663
 30
0.0
 40
1.150000000000034
  0
CIRCLE
  5
F4
102
{ACAD_REACTORS
330
1E7
102
}
330
1F
100
AcDbEntity
  8
OUTLLINE
 62
     3
100
AcDbCircle
 10
-9.547452454798417
 20
170.2424257781
 30
0.0
 40
1.150000000000034
  0
ARC
  5
F5
330
1F
100
AcDbEntity
  8
OUTLLINE
 62
     3
100
AcDbCircle
 10
-3.996250050998384
 20
147.7444441723
 30
0.0
 40
0.3500000000000228
100
AcDbArc
 50
90.0
 51
270.0
  0
ARC
  5
F6
330
1F
100
AcDbEntity
  8
OUTLLINE
 62
     3
100
AcDbCircle
 10
-1.096250050998406
 20
147.7444441723
 30
0.0
 40
0.3500000000000228
100
AcDbArc
 50
270.0
 51
90.0
  0
LINE
  5
F7
330
1F
100
AcDbEntity
  8
OUTLLINE
 62
     3
100
AcDbLine
 10
-1.096250050998406
 20
148.0944441722999
 30
0.0
 11
-3.996250050998384
 21
148.0944441722999
 31
0.0
  0
LINE
  5
F8
330
1F
100
AcDbEntity
  8
OUTLLINE
 62
     3
100
AcDbLine
 10
-3.996250050998384
 20
147.3944441723
 30
0.0
 11
-1.096250050998406
 21
147.3944441723
 31
0.0
  0
LINE
  5
F9
330
1F
100
AcDbEntity
  8
OUTLLINE
 62
     3
100
AcDbLine
 10
-1.096250050998406
 20
165.8444441722999
 30
0.0
 11
-3.996250050998384
 21
165.8444441722999
 31
0.0
  0
LINE
  5
FA
330
1F
100
AcDbEntity
  8
OUTLLINE
 62
     3
100
AcDbLine
 10
-3.996250050998384
 20
165.1444441723
 30
0.0
 11
-1.096250050998406
 21
165.1444441723
 31
0.0
  0
ARC
  5
FB
330
1F
100
AcDbEntity
  8
OUTLLINE
 62
     3
100
AcDbCircle
 10
-1.096250050998406
 20
165.4944441723
 30
0.0
 40
0.3500000000000228
100
AcDbArc
 50
270.0
 51
90.0
  0
ARC
  5
FC
330
1F
100
AcDbEntity
  8
OUTLLINE
 62
     3
100
AcDbCircle
 10
-3.996250050998384
 20
165.4944441723
 30
0.0
 40
0.3500000000000228
100
AcDbArc
 50
90.0
 51
270.0
  0
CIRCLE
  5
119
330
1F
100
AcDbEntity
  8
OUTLLINE
 62
     3
100
AcDbCircle
 10
11.65374994900159
 20
131.9944441723
 30
0.0
 40
0.9000000000000344
  0
LINE
  5
11A
330
1F
100
AcDbEntity
  8
OUTLLINE
 62
     3
100
AcDbLine
 10
13.3037499490016
 20
133.6444441723
 30
0.0
 11
10.00374994900161
 21
133.6444441723
 31
0.0
  0
LINE
  5
11B
330
1F
100
AcDbEntity
  8
OUTLLINE
 62
     3
100
AcDbLine
 10
13.3037499490016
 20
130.3444441723
 30
0.0
 11
13.3037499490016
 21
133.6444441723
 31
0.0
  0
LINE
  5
11C
330
1F
100
AcDbEntity
  8
OUTLLINE
 62
     3
100
AcDbLine
 10
10.00374994900161
 20
130.3444441723
 30
0.0
 11
13.3037499490016
 21
130.3444441723
 31
0.0
  0
LINE
  5
11D
330
1F
100
AcDbEntity
  8
OUTLLINE
 62
     3
100
AcDbLine
 10
10.00374994900161
 20
133.6444441723
 30
0.0
 11
10.00374994900161
 21
130.3444441723
 31
0.0
  0
CIRCLE
  5
11E
330
1F
100
AcDbEntity
  8
OUTLLINE
 62
     3
100
AcDbCircle
 10
11.65374994900159
 20
181.9944441723
 30
0.0
 40
0.9000000000000344
  0
LINE
  5
11F
330
1F
100
AcDbEntity
  8
OUTLLINE
 62
     3
100
AcDbLine
 10
13.3037499490016
 20
180.3444441723
 30
0.0
 11
13.3037499490016
 21
183.6444441723
 31
0.0
  0
LINE
  5
120
330
1F
100
AcDbEntity
  8
OUTLLINE
 62
     3
100
AcDbLine
 10
13.3037499490016
 20
183.6444441723
 30
0.0
 11
10.00374994900161
 21
183.6444441723
 31
0.0
  0
LINE
  5
121
330
1F
100
AcDbEntity
  8
OUTLLINE
 62
     3
100
AcDbLine
 10
10.00374994900161
 20
183.6444441723
 30
0.0
 11
10.00374994900161
 21
180.3444441723
 31
0.0
  0
LINE
  5
122
330
1F
100
AcDbEntity
  8
OUTLLINE
 62
     3
100
AcDbLine
 10
10.00374994900161
 20
180.3444441723
 30
0.0
 11
13.3037499490016
 21
180.3444441723
 31
0.0
  0
LINE
  5
123
330
1F
100
AcDbEntity
  8
OUTLLINE
 62
     3
100
AcDbLine
 10
147.5496776733527
 20
184.9944441723
 30
0.0
 11
146.5496776733527
 21
184.9944441723
 31
0.0
  0
LINE
  5
124
330
1F
100
AcDbEntity
  8
OUTLLINE
 62
     3
100
AcDbLine
 10
146.5496776733527
 20
128.9944441723
 30
0.0
 11
147.5496776733527
 21
128.9944441723
 31
0.0
  0
LINE
  5
125
330
1F
100
AcDbEntity
  8
OUTLLINE
 62
     3
100
AcDbLine
 10
145.7496776733527
 20
132.8944441723
 30
0.0
 11
145.2496776733527
 21
132.8944441723
 31
0.0
  0
LINE
  5
126
330
1F
100
AcDbEntity
  8
OUTLLINE
 62
     3
100
AcDbLine
 10
145.2496776733527
 20
131.0944441723
 30
0.0
 11
145.7496776733527
 21
131.0944441723
 31
0.0
  0
ARC
  5
127
330
1F
100
AcDbEntity
  8
OUTLLINE
 62
     3
100
AcDbCircle
 10
145.2496776733527
 20
131.2944441722999
 30
0.0
 40
0.200000000000017
100
AcDbArc
 50
180.0
 51
270.0
  0
ARC
  5
128
330
1F
100
AcDbEntity
  8
OUTLLINE
 62
     3
100
AcDbCircle
 10
145.2496776733527
 20
132.6944441723
 30
0.0
 40
0.200000000000017
100
AcDbArc
 50
90.0
 51
180.0
  0
ARC
  5
129
330
1F
100
AcDbEntity
  8
OUTLLINE
 62
     3
100
AcDbCircle
 10
148.8496776733525
 20
140.6944441723
 30
0.0
 40
0.1999999999999886
100
AcDbArc
 50
0.0
 51
90.0
  0
ARC
  5
12A
330
1F
100
AcDbEntity
  8
OUTLLINE
 62
     3
100
AcDbCircle
 10
148.8496776733525
 20
139.2944441722999
 30
0.0
 40
0.1999999999999886
100
AcDbArc
 50
270.0
 51
0.0
  0
LINE
  5
12B
330
1F
100
AcDbEntity
  8
OUTLLINE
 62
     3
100
AcDbLine
 10
148.3496776733526
 20
139.0944441722999
 30
0.0
 11
148.8496776733525
 21
139.0944441722999
 31
0.0
  0
LINE
  5
12C
330
1F
100
AcDbEntity
  8
OUTLLINE
 62
     3
100
AcDbLine
 10
148.8496776733525
 20
140.8944441723
 30
0.0
 11
148.3496776733526
 21
140.8944441723
 31
0.0
  0
LINE
  5
12D
330
1F
100
AcDbEntity
  8
OUTLLINE
 62
     3
100
AcDbLine
 10
145.7496776733527
 20
182.8944441723
 30
0.0
 11
145.2496776733527
 21
182.8944441723
 31
0.0
  0
LINE
  5
12E
330
1F
100
AcDbEntity
  8
OUTLLINE
 62
     3
100
AcDbLine
 10
145.2496776733527
 20
181.0944441723
 30
0.0
 11
145.7496776733527
 21
181.0944441723
 31
0.0
  0
ARC
  5
12F
330
1F
100
AcDbEntity
  8
OUTLLINE
 62
     3
100
AcDbCircle
 10
145.2496776733527
 20
181.2944441722999
 30
0.0
 40
0.200000000000017
100
AcDbArc
 50
180.0
 51
270.0
  0
ARC
  5
130
330
1F
100
AcDbEntity
  8
OUTLLINE
 62
     3
100
AcDbCircle
 10
145.2496776733527
 20
182.6944441723
 30
0.0
 40
0.200000000000017
100
AcDbArc
 50
90.0
 51
180.0
  0
LINE
  5
131
330
1F
100
AcDbEntity
  8
OUTLLINE
 62
     3
100
AcDbLine
 10
147.5496776733527
 20
154.4944441723
 30
0.0
 11
146.5496776733527
 21
154.4944441723
 31
0.0
  0
LINE
  5
132
330
1F
100
AcDbEntity
  8
OUTLLINE
 62
     3
100
AcDbLine
 10
146.5496776733527
 20
154.4944441723
 30
0.0
 11
146.5496776733527
 21
159.4944441723
 31
0.0
  0
LINE
  5
133
330
1F
100
AcDbEntity
  8
OUTLLINE
 62
     3
100
AcDbLine
 10
147.5496776733527
 20
159.4944441723
 30
0.0
 11
146.5496776733527
 21
159.4944441723
 31
0.0
  0
LINE
  5
134
330
1F
100
AcDbEntity
  8
OUTLLINE
 62
     3
100
AcDbLine
 10
147.5496776733527
 20
159.4944441723
 30
0.0
 11
147.5496776733527
 21
154.4944441723
 31
0.0
  0
LINE
  5
135
330
1F
100
AcDbEntity
  8
OUTLLINE
 62
     3
100
AcDbLine
 10
146.5496776733527
 20
178.4944441723
 30
0.0
 11
147.5496776733527
 21
178.4944441723
 31
0.0
  0
LINE
  5
136
330
1F
100
AcDbEntity
  8
OUTLLINE
 62
     3
100
AcDbLine
 10
146.5496776733527
 20
159.4944441723
 30
0.0
 11
146.5496776733527
 21
178.4944441723
 31
0.0
  0
LINE
  5
137
330
1F
100
AcDbEntity
  8
OUTLLINE
 62
     3
100
AcDbLine
 10
147.5496776733527
 20
159.4944441723
 30
0.0
 11
147.5496776733527
 21
178.4944441723
 31
0.0
  0
LINE
  5
138
330
1F
100
AcDbEntity
  8
OUTLLINE
 62
     3
100
AcDbLine
 10
147.5496776733527
 20
135.4944441723
 30
0.0
 11
146.5496776733527
 21
135.4944441723
 31
0.0
  0
LINE
  5
139
330
1F
100
AcDbEntity
  8
OUTLLINE
 62
     3
100
AcDbLine
 10
146.5496776733527
 20
135.4944441723
 30
0.0
 11
146.5496776733527
 21
154.4944441723
 31
0.0
  0
LINE
  5
13A
330
1F
100
AcDbEntity
  8
OUTLLINE
 62
     3
100
AcDbLine
 10
147.5496776733527
 20
135.4944441723
 30
0.0
 11
147.5496776733527
 21
154.4944441723
 31
0.0
  0
LINE
  5
13B
330
1F
100
AcDbEntity
  8
OUTLLINE
 62
     3
100
AcDbLine
 10
146.5496776733527
 20
129.5399363457
 30
0.0
 11
147.5496776733527
 21
129.5399363457
 31
0.0
  0
LINE
  5
13C
330
1F
100
AcDbEntity
  8
OUTLLINE
 62
     3
100
AcDbLine
 10
146.5496776733527
 20
135.4944441723
 30
0.0
 11
146.5496776733527
 21
129.5399363457
 31
0.0
  0
LINE
  5
13D
330
1F
100
AcDbEntity
  8
OUTLLINE
 62
     3
100
AcDbLine
 10
147.5496776733527
 20
129.5399363457
 30
0.0
 11
147.5496776733527
 21
135.4944441723
 31
0.0
  0
LINE
  5
13E
330
1F
100
AcDbEntity
  8
OUTLLINE
 62
     3
100
AcDbLine
 10
147.5496776733527
 20
184.4489519989
 30
0.0
 11
146.5496776733527
 21
184.4489519989
 31
0.0
  0
LINE
  5
13F
330
1F
100
AcDbEntity
  8
OUTLLINE
 62
     3
100
AcDbLine
 10
146.5496776733527
 20
184.4489519989
 30
0.0
 11
146.5496776733527
 21
178.4944441723
 31
0.0
  0
LINE
  5
140
330
1F
100
AcDbEntity
  8
OUTLLINE
 62
     3
100
AcDbLine
 10
147.5496776733527
 20
178.4944441723
 30
0.0
 11
147.5496776733527
 21
184.4489519989
 31
0.0
  0
LINE
  5
141
330
1F
100
AcDbEntity
  8
OUTLLINE
 62
     3
100
AcDbLine
 10
146.5496776733527
 20
184.4489519989
 30
0.0
 11
146.5496776733527
 21
184.9944441723
 31
0.0
  0
LINE
  5
142
330
1F
100
AcDbEntity
  8
OUTLLINE
 62
     3
100
AcDbLine
 10
147.5496776733527
 20
184.4489519989
 30
0.0
 11
147.5496776733527
 21
184.9944441723
 31
0.0
  0
LINE
  5
143
330
1F
100
AcDbEntity
  8
OUTLLINE
 62
     3
100
AcDbLine
 10
146.5496776733527
 20
128.9944441723
 30
0.0
 11
146.5496776733527
 21
129.5399363457
 31
0.0
  0
LINE
  5
144
330
1F
100
AcDbEntity
  8
OUTLLINE
 62
     3
100
AcDbLine
 10
147.5496776733527
 20
128.9944441723
 30
0.0
 11
147.5496776733527
 21
129.5399363457
 31
0.0
  0
LINE
  5
145
330
1F
100
AcDbEntity
  8
OUTLLINE
 62
     3
100
AcDbLine
 10
148.0496776733527
 20
157.6544441722999
 30
0.0
 11
147.5496776733527
 21
157.6544441722999
 31
0.0
  0
LINE
  5
146
330
1F
100
AcDbEntity
  8
OUTLLINE
 62
     3
100
AcDbLine
 10
148.0496776733527
 20
157.6544441722999
 30
0.0
 11
148.0496776733527
 21
156.3344441723
 31
0.0
  0
LINE
  5
147
330
1F
100
AcDbEntity
  8
OUTLLINE
 62
     3
100
AcDbLine
 10
148.0496776733527
 20
156.3344441723
 30
0.0
 11
147.5496776733527
 21
156.3344441723
 31
0.0
  0
LINE
  5
148
330
1F
100
AcDbEntity
  8
OUTLLINE
 62
     3
100
AcDbLine
 10
145.3496776733527
 20
156.2944441722999
 30
0.0
 11
145.3496776733527
 21
157.6944441723
 31
0.0
  0
LINE
  5
149
330
1F
100
AcDbEntity
  8
OUTLLINE
 62
     3
100
AcDbLine
 10
145.3496776733527
 20
157.6944441723
 30
0.0
 11
146.5496776733527
 21
157.6944441723
 31
0.0
  0
LINE
  5
14A
330
1F
100
AcDbEntity
  8
OUTLLINE
 62
     3
100
AcDbLine
 10
145.3496776733527
 20
156.2944441722999
 30
0.0
 11
146.5496776733527
 21
156.2944441722999
 31
0.0
  0
LINE
  5
14B
330
1F
100
AcDbEntity
  8
OUTLLINE
 62
     3
100
AcDbLine
 10
145.7496776733527
 20
130.3444441723
 30
0.0
 11
145.7496776733527
 21
133.6444441723
 31
0.0
  0
LINE
  5
14C
330
1F
100
AcDbEntity
  8
OUTLLINE
 62
     3
100
AcDbLine
 10
145.7496776733527
 20
133.6444441723
 30
0.0
 11
146.5496776733527
 21
133.6444441723
 31
0.0
  0
LINE
  5
14D
330
1F
100
AcDbEntity
  8
OUTLLINE
 62
     3
100
AcDbLine
 10
145.7496776733527
 20
130.3444441723
 30
0.0
 11
146.5496776733527
 21
130.3444441723
 31
0.0
  0
LINE
  5
14E
330
1F
100
AcDbEntity
  8
OUTLLINE
 62
     3
100
AcDbLine
 10
145.0496776733527
 20
131.2944441722999
 30
0.0
 11
145.0496776733527
 21
132.6944441723
 31
0.0
  0
LINE
  5
14F
330
1F
100
AcDbEntity
  8
OUTLLINE
 62
     3
100
AcDbLine
 10
148.3496776733526
 20
141.6444441722999
 30
0.0
 11
147.5496776733527
 21
141.6444441722999
 31
0.0
  0
LINE
  5
150
330
1F
100
AcDbEntity
  8
OUTLLINE
 62
     3
100
AcDbLine
 10
148.3496776733526
 20
141.6444441722999
 30
0.0
 11
148.3496776733526
 21
138.3444441723
 31
0.0
  0
LINE
  5
151
330
1F
100
AcDbEntity
  8
OUTLLINE
 62
     3
100
AcDbLine
 10
148.3496776733526
 20
138.3444441723
 30
0.0
 11
147.5496776733527
 21
138.3444441723
 31
0.0
  0
LINE
  5
152
330
1F
100
AcDbEntity
  8
OUTLLINE
 62
     3
100
AcDbLine
 10
149.0496776733527
 20
140.6944440879
 30
0.0
 11
149.0496776733527
 21
139.2944441722999
 31
0.0
  0
LINE
  5
153
330
1F
100
AcDbEntity
  8
OUTLLINE
 62
     3
100
AcDbLine
 10
145.7496776733527
 20
180.3444441723
 30
0.0
 11
146.5496776733527
 21
180.3444441723
 31
0.0
  0
LINE
  5
154
330
1F
100
AcDbEntity
  8
OUTLLINE
 62
     3
100
AcDbLine
 10
145.7496776733527
 20
180.3444441723
 30
0.0
 11
145.7496776733527
 21
183.6444441723
 31
0.0
  0
LINE
  5
155
330
1F
100
AcDbEntity
  8
OUTLLINE
 62
     3
100
AcDbLine
 10
145.7496776733527
 20
183.6444441723
 30
0.0
 11
146.5496776733527
 21
183.6444441723
 31
0.0
  0
LINE
  5
156
330
1F
100
AcDbEntity
  8
OUTLLINE
 62
     3
100
AcDbLine
 10
145.0496776733527
 20
181.2944441722999
 30
0.0
 11
145.0496776733527
 21
182.6944441723
 31
0.0
  0
LINE
  5
157
330
1F
100
AcDbEntity
  8
OUTLLINE
 62
     3
100
AcDbLine
 10
145.2496776733527
 20
132.8944441723
 30
0.0
 11
145.2496776733527
 21
131.0944441723
 31
0.0
  0
LINE
  5
158
330
1F
100
AcDbEntity
  8
OUTLLINE
 62
     3
100
AcDbLine
 10
148.8496776733525
 20
139.0944441722999
 30
0.0
 11
148.8496776733525
 21
140.8944441723
 31
0.0
  0
LINE
  5
159
330
1F
100
AcDbEntity
  8
OUTLLINE
 62
     3
100
AcDbLine
 10
145.2496776733527
 20
182.8944441723
 30
0.0
 11
145.2496776733527
 21
181.0944441723
 31
0.0
  0
DIMENSION
  5
15A
330
1F
100
AcDbEntity
  8
0
100
AcDbDimension
280
     0
  2
_D
 10
147.5496776733527
 20
195.3446884815
 30
0.0
 11
168.8056776733527
 21
195.3446884815
 31
0.0
 70
   160
  1
<>
 71
     2
 42
1.0
 73
     0
 74
     0
 75
     0
  3
ISO-25
100
AcDbAlignedDimension
 13
146.5496776733527
 23
184.4489519989
 33
0.0
 14
147.5496776733527
 24
184.4489519989
 34
0.0
 50
0.0
100
AcDbRotatedDimension
1001
ACAD
1000
DSTYLE
1002
{
1070
   179
1070
     2
1070
    41
1040
3.302
1070
    44
1040
1.0
1070
    42
1040
1.0
1070
   147
1040
1.524
1070
    73
1070
     1
1070
    74
1070
     1
1070
   140
1040
2.0
1070
   284
1070
     1
1070
    78
1070
     1
1002
}
1001
ACAD_DSTYLE_DIMINSPECT
1070
   393
1070
     0
1070
   394
1070
     0
1070
   395
1000

1070
   396
1000

  0
CIRCLE
  5
167
330
1F
100
AcDbEntity
  8
OUTLLINE
  6
HIDDEN
 62
     3
100
AcDbCircle
 10
265.8885310969407
 20
171.5944441723
 30
0.0
 40
1.5
  0
LINE
  5
168
330
1F
100
AcDbEntity
  8
OUTLLINE
 62
     3
100
AcDbLine
 10
281.538531096941
 20
148.0944441722999
 30
0.0
 11
278.6385310969409
 21
148.0944441722999
 31
0.0
  0
ARC
  5
169
102
{ACAD_REACTORS
330
255
102
}
330
1F
100
AcDbEntity
  8
OUTLLINE
 62
     3
100
AcDbCircle
 10
278.6385310969409
 20
147.7444441723
 30
0.0
 40
0.3500000000000228
100
AcDbArc
 50
90.0
 51
270.0
  0
LINE
  5
16A
330
1F
100
AcDbEntity
  8
OUTLLINE
 62
     3
100
AcDbLine
 10
278.6385310969409
 20
147.3944441723
 30
0.0
 11
281.538531096941
 21
147.3944441723
 31
0.0
  0
ARC
  5
16B
102
{ACAD_REACTORS
330
255
330
272
102
}
330
1F
100
AcDbEntity
  8
OUTLLINE
 62
     3
100
AcDbCircle
 10
281.538531096941
 20
147.7444441723
 30
0.0
 40
0.3500000000000228
100
AcDbArc
 50
270.0
 51
90.0
  0
ARC
  5
16C
330
1F
100
AcDbEntity
  8
OUTLLINE
 62
     3
100
AcDbCircle
 10
265.8885310969407
 20
156.9944441723
 30
0.0
 40
28.00000000000004
100
AcDbArc
 50
309.8381498056
 51
50.16185019439993
  0
LINE
  5
16D
330
1F
100
AcDbEntity
  8
OUTLLINE
 62
     3
100
AcDbLine
 10
283.8259222115409
 20
135.4944441723
 30
0.0
 11
271.3885310969409
 21
135.4944441723
 31
0.0
  0
LINE
  5
16E
330
1F
100
AcDbEntity
  8
OUTLLINE
 62
     3
100
AcDbLine
 10
271.3885310969409
 20
135.4944441723
 30
0.0
 11
271.3885310969409
 21
129.5399363457
 31
0.0
  0
ARC
  5
16F
330
1F
100
AcDbEntity
  8
OUTLLINE
 62
     3
100
AcDbCircle
 10
265.8885310969407
 20
156.9944441723
 30
0.0
 40
27.99999999999994
100
AcDbArc
 50
258.6718111478998
 51
281.3281888521002
  0
LINE
  5
170
330
1F
100
AcDbEntity
  8
OUTLLINE
 62
     3
100
AcDbLine
 10
260.3885310969409
 20
129.5399363457
 30
0.0
 11
260.3885310969409
 21
135.4944441723
 31
0.0
  0
LINE
  5
171
330
1F
100
AcDbEntity
  8
OUTLLINE
 62
     3
100
AcDbLine
 10
260.3885310969409
 20
135.4944441723
 30
0.0
 11
247.9511399823409
 21
135.4944441723
 31
0.0
  0
ARC
  5
172
330
1F
100
AcDbEntity
  8
OUTLLINE
 62
     3
100
AcDbCircle
 10
265.8885310969407
 20
156.9944441723
 30
0.0
 40
28.0
100
AcDbArc
 50
185.1225160998002
 51
230.1618501944
  0
LINE
  5
173
330
1F
100
AcDbEntity
  8
OUTLLINE
 62
     3
100
AcDbLine
 10
236.2437592137409
 20
154.4944441723
 30
0.0
 11
238.0003615621409
 21
154.4944441723
 31
0.0
  0
ARC
  5
174
330
1F
100
AcDbEntity
  8
OUTLLINE
 62
     3
100
AcDbCircle
 10
265.8885310969407
 20
156.9944441723
 30
0.0
 40
29.75000000000004
100
AcDbArc
 50
175.1795438254004
 51
184.8204561745996
  0
LINE
  5
175
330
1F
100
AcDbEntity
  8
OUTLLINE
 62
     3
100
AcDbLine
 10
238.0003615621409
 20
159.4944441723
 30
0.0
 11
236.2437592137409
 21
159.4944441723
 31
0.0
  0
ARC
  5
176
330
1F
100
AcDbEntity
  8
OUTLLINE
 62
     3
100
AcDbCircle
 10
265.8885310969407
 20
156.9944441723
 30
0.0
 40
28.00000000000004
100
AcDbArc
 50
129.8381498056
 51
174.8774839001998
  0
LINE
  5
177
330
1F
100
AcDbEntity
  8
OUTLLINE
 62
     3
100
AcDbLine
 10
247.9511399823409
 20
178.4944441723
 30
0.0
 11
260.3885310969409
 21
178.4944441723
 31
0.0
  0
LINE
  5
178
330
1F
100
AcDbEntity
  8
OUTLLINE
 62
     3
100
AcDbLine
 10
260.3885310969409
 20
178.4944441723
 30
0.0
 11
260.3885310969409
 21
184.4489519989
 31
0.0
  0
ARC
  5
179
330
1F
100
AcDbEntity
  8
OUTLLINE
 62
     3
100
AcDbCircle
 10
265.8885310969407
 20
156.9944441723
 30
0.0
 40
28.00000000000006
100
AcDbArc
 50
78.67181114789982
 51
101.3281888521002
  0
LINE
  5
17A
330
1F
100
AcDbEntity
  8
OUTLLINE
 62
     3
100
AcDbLine
 10
271.3885310969409
 20
184.4489519989
 30
0.0
 11
271.3885310969409
 21
178.4944441723
 31
0.0
  0
LINE
  5
17B
330
1F
100
AcDbEntity
  8
OUTLLINE
 62
     3
100
AcDbLine
 10
271.3885310969409
 20
178.4944441723
 30
0.0
 11
283.8259222115409
 21
178.4944441723
 31
0.0
  0
CIRCLE
  5
17C
330
1F
100
AcDbEntity
  8
OUTLLINE
 62
     3
100
AcDbCircle
 10
283.5662006265409
 20
174.6721137019
 30
0.0
 40
2.099999999999964
  0
CIRCLE
  5
17D
330
1F
100
AcDbEntity
  8
OUTLLINE
 62
     3
100
AcDbCircle
 10
248.2108615673409
 20
139.3167746425
 30
0.0
 40
2.099999999999964
  0
CIRCLE
  5
17E
330
1F
100
AcDbEntity
  8
OUTLLINE
 62
     3
100
AcDbCircle
 10
283.5662006265409
 20
139.3167746425
 30
0.0
 40
2.099999999999964
  0
CIRCLE
  5
17F
330
1F
100
AcDbEntity
  8
OUTLLINE
 62
     3
100
AcDbCircle
 10
248.2108615673409
 20
174.6721137019
 30
0.0
 40
2.099999999999964
  0
CIRCLE
  5
180
330
1F
100
AcDbEntity
  8
OUTLLINE
 62
     3
100
AcDbCircle
 10
244.6873286929409
 20
143.7464625663
 30
0.0
 40
2.5
  0
CIRCLE
  5
181
330
1F
100
AcDbEntity
  8
OUTLLINE
 62
     3
100
AcDbCircle
 10
287.0897335007409
 20
170.2424257781
 30
0.0
 40
2.5
  0
LINE
  5
182
330
1F
100
AcDbEntity
  8
OUTLLINE
 62
     3
100
AcDbLine
 10
281.538531096941
 20
165.8444441722999
 30
0.0
 11
278.6385310969409
 21
165.8444441722999
 31
0.0
  0
ARC
  5
183
102
{ACAD_REACTORS
330
28F
102
}
330
1F
100
AcDbEntity
  8
OUTLLINE
 62
     3
100
AcDbCircle
 10
278.6385310969409
 20
165.4944441723
 30
0.0
 40
0.3500000000000228
100
AcDbArc
 50
90.0
 51
270.0
  0
LINE
  5
184
330
1F
100
AcDbEntity
  8
OUTLLINE
 62
     3
100
AcDbLine
 10
278.6385310969409
 20
165.1444441723
 30
0.0
 11
281.538531096941
 21
165.1444441723
 31
0.0
  0
ARC
  5
185
102
{ACAD_REACTORS
330
28F
330
2AC
102
}
330
1F
100
AcDbEntity
  8
OUTLLINE
 62
     3
100
AcDbCircle
 10
281.538531096941
 20
165.4944441723
 30
0.0
 40
0.3500000000000228
100
AcDbArc
 50
270.0
 51
90.0
  0
CIRCLE
  5
186
330
1F
100
AcDbEntity
  8
OUTLLINE
 62
     3
100
AcDbCircle
 10
287.0897335007409
 20
170.2424257781
 30
0.0
 40
1.149999999999977
  0
CIRCLE
  5
187
330
1F
100
AcDbEntity
  8
OUTLLINE
 62
     3
100
AcDbCircle
 10
244.6873286929409
 20
143.7464625663
 30
0.0
 40
1.149999999999977
  0
LINE
  5
188
330
1F
100
AcDbEntity
  8
OUTLLINE
 62
     3
100
AcDbLine
 10
237.2985310969409
 20
156.3344441723
 30
0.0
 11
237.2985310969409
 21
157.6544441722999
 31
0.0
  0
LINE
  5
189
330
1F
100
AcDbEntity
  8
OUTLLINE
 62
     3
100
AcDbLine
 10
236.4785310969409
 20
156.3344441723
 30
0.0
 11
237.2985310969409
 21
156.3344441723
 31
0.0
  0
LINE
  5
18A
330
1F
100
AcDbEntity
  8
OUTLLINE
 62
     3
100
AcDbLine
 10
236.4785310969409
 20
157.6544441722999
 30
0.0
 11
236.4785310969409
 21
156.3344441723
 31
0.0
  0
LINE
  5
18B
330
1F
100
AcDbEntity
  8
OUTLLINE
 62
     3
100
AcDbLine
 10
237.2985310969409
 20
157.6544441722999
 30
0.0
 11
236.4785310969409
 21
157.6544441722999
 31
0.0
  0
CIRCLE
  5
18C
330
1F
100
AcDbEntity
  8
OUTLLINE
 62
     3
100
AcDbCircle
 10
274.3885310969407
 20
139.9944441723
 30
0.0
 40
0.7000000000000454
  0
CIRCLE
  5
18D
330
1F
100
AcDbEntity
  8
OUTLLINE
 62
     3
100
AcDbCircle
 10
274.3885310969407
 20
139.9944441723
 30
0.0
 40
0.9000000000000344
  0
LINE
  5
18E
330
1F
100
AcDbEntity
  8
OUTLLINE
 62
     3
100
AcDbLine
 10
272.7385310969409
 20
141.6444441722999
 30
0.0
 11
272.7385310969409
 21
138.3444441723
 31
0.0
  0
LINE
  5
18F
330
1F
100
AcDbEntity
  8
OUTLLINE
 62
     3
100
AcDbLine
 10
276.038531096941
 20
138.3444441723
 30
0.0
 11
276.038531096941
 21
141.6444441722999
 31
0.0
  0
LINE
  5
190
330
1F
100
AcDbEntity
  8
OUTLLINE
 62
     3
100
AcDbLine
 10
272.7385310969409
 20
138.3444441723
 30
0.0
 11
276.038531096941
 21
138.3444441723
 31
0.0
  0
LINE
  5
191
330
1F
100
AcDbEntity
  8
OUTLLINE
 62
     3
100
AcDbLine
 10
276.038531096941
 20
141.6444441722999
 30
0.0
 11
272.7385310969409
 21
141.6444441722999
 31
0.0
  0
CIRCLE
  5
192
330
1F
100
AcDbEntity
  8
OUTLLINE
 62
     3
100
AcDbCircle
 10
257.3885310969409
 20
139.9944441723
 30
0.0
 40
0.7000000000000454
  0
CIRCLE
  5
193
330
1F
100
AcDbEntity
  8
OUTLLINE
 62
     3
100
AcDbCircle
 10
257.3885310969409
 20
139.9944441723
 30
0.0
 40
0.9000000000000344
  0
LINE
  5
194
330
1F
100
AcDbEntity
  8
OUTLLINE
 62
     3
100
AcDbLine
 10
255.7385310969409
 20
141.6444441722999
 30
0.0
 11
255.7385310969409
 21
138.3444441723
 31
0.0
  0
LINE
  5
195
330
1F
100
AcDbEntity
  8
OUTLLINE
 62
     3
100
AcDbLine
 10
259.0385310969409
 20
138.3444441723
 30
0.0
 11
259.0385310969409
 21
141.6444441722999
 31
0.0
  0
LINE
  5
196
330
1F
100
AcDbEntity
  8
OUTLLINE
 62
     3
100
AcDbLine
 10
255.7385310969409
 20
138.3444441723
 30
0.0
 11
259.0385310969409
 21
138.3444441723
 31
0.0
  0
LINE
  5
197
330
1F
100
AcDbEntity
  8
OUTLLINE
 62
     3
100
AcDbLine
 10
259.0385310969409
 20
141.6444441722999
 30
0.0
 11
255.7385310969409
 21
141.6444441722999
 31
0.0
  0
DIMENSION
  5
1BD
102
{ACAD_XDICTIONARY
360
1CC
102
}
102
{ACAD_REACTORS
330
1CD
102
}
330
1F
100
AcDbEntity
  8
0
100
AcDbDimension
280
     0
  2
*D2
 10
-40.78562954245144
 20
135.4944441723
 30
0.0
 11
-40.78562954245144
 21
156.9944441723
 31
0.0
 70
    32
 71
     5
 42
42.99999999999999
 73
     0
 74
     0
 75
     0
  3
ISO-25
100
AcDbAlignedDimension
 13
-6.283641165598425
 23
178.4944441723
 33
0.0
 14
-6.283641165598425
 24
135.4944441723
 34
0.0
 50
90.0
100
AcDbRotatedDimension
1001
ACAD
1000
DSTYLE
1002
{
1070
   179
1070
     2
1070
    41
1040
3.302
1070
    44
1040
1.0
1070
    42
1040
1.0
1070
   147
1040
1.524
1070
   144
1040
1.0
1070
    73
1070
     1
1070
    74
1070
     1
1070
   140
1040
2.0
1070
   284
1070
     1
1070
    78
1070
     1
1002
}
1001
ACAD_DSTYLE_DIMINSPECT
1070
   393
1070
     0
1070
   394
1070
     0
1070
   395
1000

1070
   396
1000

  0
DIMENSION
  5
1D9
102
{ACAD_XDICTIONARY
360
1E6
102
}
102
{ACAD_REACTORS
330
1E7
102
}
330
1F
100
AcDbEntity
  8
0
100
AcDbDimension
280
     0
  2
*D3
 10
-8.408058535120119
 20
170.0866005689706
 30
0.0
 11
-48.56932759692039
 21
175.5791155301019
 31
0.0
 70
   163
 71
     5
 42
2.300000000000027
 73
     0
 74
     0
 75
     0
  3
ISO-25
100
AcDbDiametricDimension
 15
-10.68684637447667
 25
170.3982509872293
 35
0.0
 40
0.0
1001
ACAD
1000
DSTYLE
1002
{
1070
   179
1070
     2
1070
    41
1040
3.302
1070
    44
1040
1.0
1070
    42
1040
1.0
1070
   147
1040
1.524
1070
    73
1070
     1
1070
    74
1070
     1
1070
   140
1040
2.0
1070
   284
1070
     1
1070
    78
1070
     1
1002
}
1001
ACAD_DSTYLE_DIMRADIAL_EXTENSION
1070
   387
1070
     1
1070
   388
1040
0.0
1070
   390
1040
-0.0000000000000011
1001
ACAD_DSTYLE_DIMINSPECT
1070
   393
1070
     0
1070
   394
1070
     0
1070
   395
1000

1070
   396
1000

  0
DIMENSION
  5
1F1
102
{ACAD_XDICTIONARY
360
1FE
102
}
102
{ACAD_REACTORS
330
1FF
102
}
330
1F
100
AcDbEntity
  8
0
100
AcDbDimension
280
     0
  2
*D4
 10
31.94792959452204
 20
144.4534347832932
 30
0.0
 11
69.58546110927312
 21
128.4050759017202
 31
0.0
 70
   163
 71
     5
 42
2.300000000000081
 73
     0
 74
     0
 75
     0
  3
ISO-25
100
AcDbDiametricDimension
 15
33.76197511148115
 25
143.0394903493068
 35
0.0
 40
0.0
1001
ACAD
1000
DSTYLE
1002
{
1070
   179
1070
     2
1070
    41
1040
3.302
1070
    44
1040
1.0
1070
    42
1040
1.0
1070
   147
1040
1.524
1070
    73
1070
     1
1070
    74
1070
     1
1070
   140
1040
2.0
1070
   284
1070
     1
1070
    78
1070
     1
1002
}
1001
ACAD_DSTYLE_DIMRADIAL_EXTENSION
1070
   387
1070
     1
1070
   388
1040
0.0
1070
   390
1040
-0.0000000000000011
1001
ACAD_DSTYLE_DIMINSPECT
1070
   393
1070
     0
1070
   394
1070
     0
1070
   395
1000

1070
   396
1000

  0
DIMENSION
  5
209
102
{ACAD_XDICTIONARY
360
216
102
}
102
{ACAD_REACTORS
330
217
102
}
330
1F
100
AcDbEntity
  8
0
100
AcDbDimension
280
     0
  2
*D5
 10
28.31373475328169
 20
172.8351820755593
 30
0.0
 11
65.50559359578798
 21
196.5599854446642
 31
0.0
 70
   163
  1
4-<>
 71
     5
 42
8.399999999999867
 73
     0
 74
     0
 75
     0
  3
ISO-25
100
AcDbDiametricDimension
 15
30.34910420392149
 25
176.5090453282406
 35
0.0
 40
0.0
1001
ACAD
1000
DSTYLE
1002
{
1070
   179
1070
     2
1070
    41
1040
3.302
1070
    44
1040
1.0
1070
    42
1040
1.0
1070
   147
1040
1.524
1070
   144
1040
2.0
1070
    73
1070
     1
1070
    74
1070
     1
1070
   140
1040
2.0
1070
   284
1070
     1
1070
    78
1070
     1
1002
}
1001
ACAD_DSTYLE_DIMRADIAL_EXTENSION
1070
   387
1070
     1
1070
   388
1040
0.0
1070
   390
1040
-0.0000000000000011
1001
ACAD_DSTYLE_DIMINSPECT
1070
   393
1070
     0
1070
   394
1070
     0
1070
   395
1000

1070
   396
1000

  0
DIMENSION
  5
245
102
{ACAD_XDICTIONARY
360
254
102
}
102
{ACAD_REACTORS
330
255
102
}
330
1F
100
AcDbEntity
  8
0
100
AcDbDimension
280
     0
  2
*D6
 10
281.888531096941
 20
154.883206792897
 30
0.0
 11
293.0165310969409
 21
157.5738734595636
 31
0.0
 70
    32
 71
     5
 42
3.599999999999965
 73
     0
 74
     0
 75
     0
  3
ISO-25
100
AcDbAlignedDimension
 13
278.288531096941
 23
147.7444441723
 33
0.0
 14
281.888531096941
 24
147.7444441723
 34
0.0
 50
0.0
100
AcDbRotatedDimension
1001
ACAD
1000
DSTYLE
1002
{
1070
   179
1070
     2
1070
    41
1040
3.302
1070
    44
1040
1.0
1070
    42
1040
1.0
1070
   147
1040
1.524
1070
    73
1070
     1
1070
    74
1070
     1
1070
   140
1040
2.0
1070
   284
1070
     1
1070
    78
1070
     1
1002
}
1001
ACAD_DSTYLE_DIMINSPECT
1070
   393
1070
     0
1070
   394
1070
     0
1070
   395
1000

1070
   396
1000

  0
DIMENSION
  5
261
102
{ACAD_XDICTIONARY
360
271
102
}
102
{ACAD_REACTORS
330
272
102
}
330
1F
100
AcDbEntity
  8
0
100
AcDbDimension
280
     0
  2
*D7
 10
321.5823333097677
 20
147.3944441723
 30
0.0
 11
317.2249999764344
 21
143.4811108389666
 31
0.0
 70
    32
 71
     5
 42
0.6999999999999887
 73
     0
 74
     0
 75
     0
  3
ISO-25
100
AcDbAlignedDimension
 13
281.538531096941
 23
148.0944441722999
 33
0.0
 14
281.538531096941
 24
147.3944441723
 34
0.0
 50
90.0
100
AcDbRotatedDimension
1001
ACAD
1000
DSTYLE
1002
{
1070
   179
1070
     2
1070
    41
1040
3.302
1070
    44
1040
1.0
1070
    42
1040
1.0
1070
   147
1040
1.524
1070
    73
1070
     1
1070
    74
1070
     1
1070
   140
1040
2.0
1070
   284
1070
     1
1070
    78
1070
     1
1002
}
1001
ACAD_DSTYLE_DIMINSPECT
1070
   393
1070
     0
1070
   394
1070
     0
1070
   395
1000

1070
   396
1000

  0
DIMENSION
  5
27F
102
{ACAD_XDICTIONARY
360
28E
102
}
102
{ACAD_REACTORS
330
28F
102
}
330
1F
100
AcDbEntity
  8
0
100
AcDbDimension
280
     0
  2
*D8
 10
281.888531096941
 20
191.0197435812076
 30
0.0
 11
293.0165310969409
 21
193.7104102478742
 31
0.0
 70
    32
 71
     5
 42
3.599999999999965
 73
     0
 74
     0
 75
     0
  3
ISO-25
100
AcDbAlignedDimension
 13
278.288531096941
 23
165.4944441723
 33
0.0
 14
281.888531096941
 24
165.4944441723
 34
0.0
 50
0.0
100
AcDbRotatedDimension
1001
ACAD
1000
DSTYLE
1002
{
1070
   179
1070
     2
1070
    41
1040
3.302
1070
    44
1040
1.0
1070
    42
1040
1.0
1070
   147
1040
1.524
1070
    73
1070
     1
1070
    74
1070
     1
1070
   140
1040
2.0
1070
   284
1070
     1
1070
    78
1070
     1
1002
}
1001
ACAD_DSTYLE_DIMINSPECT
1070
   393
1070
     0
1070
   394
1070
     0
1070
   395
1000

1070
   396
1000

  0
DIMENSION
  5
29B
102
{ACAD_XDICTIONARY
360
2AB
102
}
102
{ACAD_REACTORS
330
2AC
102
}
330
1F
100
AcDbEntity
  8
0
100
AcDbDimension
280
     0
  2
*D9
 10
333.9135101604417
 20
165.8444441722999
 30
0.0
 11
338.270843493775
 21
175.1391108389666
 31
0.0
 70
    32
 71
     5
 42
0.6999999999999887
 73
     0
 74
     0
 75
     0
  3
ISO-25
100
AcDbAlignedDimension
 13
281.538531096941
 23
165.1444441723
 33
0.0
 14
281.538531096941
 24
165.8444441722999
 34
0.0
 50
90.0
100
AcDbRotatedDimension
1001
ACAD
1000
DSTYLE
1002
{
1070
   179
1070
     2
1070
    41
1040
3.302
1070
    44
1040
1.0
1070
    42
1040
1.0
1070
   147
1040
1.524
1070
    73
1070
     1
1070
    74
1070
     1
1070
   140
1040
2.0
1070
   284
1070
     1
1070
    78
1070
     1
1002
}
1001
ACAD_DSTYLE_DIMINSPECT
1070
   393
1070
     0
1070
   394
1070
     0
1070
   395
1000

1070
   396
1000

  0
MULTILEADER
  5
2B9
330
1F
100
AcDbEntity
  8
0
160
               648
310
88020000170000000C00000010000000000000000C00000016000000000000C00C00000012000000FF7F00000C00000017000000FFFFFFFF1000000018000000000000000000F03F10000000190000000000000000000000100000001A00000000000000000000000C00000016000000000000C00C00000014000000010000
310
000C00000016000000000000C0C4000000260000006E2F1D3227376A40BE2F2237BEFD6940000000000000000000000000000000000000000000000000000000000000F03F000000000000F03F0000000000000000000000000000000052006500730065007400200073007700000000000800000001000000000000000000
310
1840000000000000F03F0000000000000000000000000000F03F000000000000000000000000000000000000000000000000000000008100000032000000470075006C0069006D00000000000000000000000C00000010000000000000000C00000016000000000000C03C0000000600000002000000EF11F345608A70402C
310
345FBA2F5B6A400000000000000000CCEBBCBD279F6E402C345FBA2F5B6A4000000000000000000C00000010000000000000000C0000001400000001000000540000000700000003000000FA04817A0EAB7040BF9D1E1CF863664000000000000000006E2D626C379E704070EAC8AF05A365400000000000000000E5A4B6E4
310
128B704015B8EF48DE61664000000000000000000C00000014000000010000000C00000010000000000000003C0000000600000002000000F0D49BAF109B7040EA2A8732EB6266400000000000000000EF11F345608A70402C345FBA2F5B6A4000000000000000000C00000016000000000000C00C00000012000000FF7F00
310
000C00000017000000FFFFFFFF
100
AcDbMLeader
270
     2
300
CONTEXT_DATA{
 40
1.0
 10
209.6905120019225
 20
210.8495761737298
 30
0.0
 41
6.0
140
6.0
145
0.8
174
     1
175
     1
176
     0
177
     0
290
     1
304
{\fGulim|b0|i0|c129|p50;Reset sw}
 11
0.0
 21
0.0
 31
1.0
340
11
 12
210.4905120019225
 22
213.929469649096
 32
0.0
 13
1.0
 23
0.0
 33
0.0
 42
0.0
 43
0.0
 44
0.0
 45
1.0
170
     1
 90
-1073741824
171
     1
172
     5
 91
-939524096
141
1.5
 92
        0
291
     1
292
     0
173
     0
293
     0
142
0.0
143
0.0
294
     0
295
     0
296
     0
110
265.8885310969407
120
173.0944441722999
130
0.0
111
1.0
121
0.0
131
0.0
112
0.0
122
1.0
132
0.0
297
     0
302
LEADER{
290
     1
291
     1
 10
264.6485042090343
 20
210.8495761737298
 30
0.0
 11
-1.0
 21
0.0
 31
0.0
 90
        0
 40
19.67490299273101
304
LEADER_LINE{
 10
265.8885310969407
 20
173.0944441722999
 30
0.0
 91
        0
170
     1
 92
-1073741824
340
0
171
    -2
 40
0.0
341
0
 93
        0
305
}
271
     0
303
}
272
     9
273
     9
301
}
340
1BB
 90
218623919
170
     1
 91
-1056964608
341
14
171
    -2
290
     1
291
     1
 41
2.0
 42
3.0
172
     2
343
11
173
     1
 95
        1
174
     1
175
     0
 92
-1056964608
292
     0
 93
-1056964608
 10
1.0
 20
1.0
 30
1.0
 43
0.0
176
     0
293
     0
294
     0
178
     0
179
     1
 45
1.0
271
     0
272
     9
273
     9
295
     0
  0
MULTILEADER
  5
2F4
330
1F
100
AcDbEntity
  8
0
160
               656
310
90020000170000000C00000010000000000000000C00000016000000000000C00C00000012000000FF7F00000C00000017000000FFFFFFFF1000000018000000000000000000F03F10000000190000000000000000000000100000001A00000000000000000000000C00000016000000000000C00C00000014000000010000
310
000C00000016000000000000C0CC00000026000000937ABAC1C5BA5AC07B0AB28E8D786A40000000000000000000000000000000000000000000000000000000000000F03F000000000000F03F000000000000000000000000000000004F006E002D004F0066006600200073007700690074006300680000000D0000000100
310
00000000000000001840000000000000F03F0000000000000000000000000000F03F000000000000000000000000000000000000000000000000000000008100000032000000470075006C0069006D00000000000000000000000C00000010000000000000000C00000016000000000000C03C0000000600000002000000CD
310
18542909DD47C072813F3E61D66A400000000000000000CD18542909DD49C072813F3E61D66A4000000000000000000C00000010000000000000000C0000001400000001000000540000000700000003000000E989C9978E5D1E40D698A7276746674000000000000000008022EB60EFD02840AE0F910388CF664000000000
310
00000000835E333F79961A40A9AE16E0FC0D674000000000000000000C00000014000000010000000C00000010000000000000003C000000060000000200000036747EEB037A1C40C023DF03322A67400000000000000000CD18542909DD47C072813F3E61D66A4000000000000000000C00000016000000000000C00C0000
310
0012000000FF7F00000C00000017000000FFFFFFFF
100
AcDbMLeader
270
     2
300
CONTEXT_DATA{
 40
1.0
 10
-107.2309699145052
 20
214.6993705025048
 30
0.0
 41
6.0
140
6.0
145
0.8
174
     1
175
     1
176
     2
177
     0
290
     1
304
{\fGulim|b0|i0|c129|p50;On-Off switch}
 11
0.0
 21
0.0
 31
1.0
340
11
 12
-52.52684208494466
 22
217.7752693041027
 32
0.0
 13
1.0
 23
0.0
 33
0.0
 42
0.0
 43
0.0
 44
0.0
 45
1.0
170
     1
 90
-1073741824
171
     3
172
     5
 91
-939524096
141
1.5
 92
        0
291
     1
292
     0
173
     0
293
     0
142
0.0
143
0.0
294
     0
295
     0
296
     0
110
12.40807631368921
120
182.4853532632091
130
0.0
111
1.0
121
0.0
131
0.0
112
0.0
122
1.0
132
0.0
297
     0
302
LEADER{
290
     1
291
     1
 10
-47.72684208494466
 20
214.6993705025048
 30
0.0
 11
-1.0
 21
0.0
 31
0.0
 90
        0
 40
4.0
304
LEADER_LINE{
 10
12.40807631368921
 20
182.4853532632091
 30
0.0
 91
        0
170
     1
 92
-1073741824
340
0
171
    -2
 40
0.0
341
0
 93
        0
305
}
271
     0
303
}
272
     9
273
     9
301
}
340
1BB
 90
151514927
170
     1
 91
-1056964608
341
14
171
    -2
290
     1
291
     1
 41
2.0
 42
3.0
172
     2
343
11
173
     1
 95
        1
174
     1
175
     0
 92
-1056964608
292
     0
 93
-1056964608
 10
1.0
 20
1.0
 30
1.0
 43
0.0
176
     0
293
     0
294
     0
178
     0
179
     1
 45
1.0
271
     0
272
     9
273
     9
295
     0
  0
MULTILEADER
  5
2F5
330
1F
100
AcDbEntity
  8
0
160
               652
310
8C020000170000000C00000010000000000000000C00000016000000000000C00C00000012000000FF7F00000C00000017000000FFFFFFFF1000000018000000000000000000F03F10000000190000000000000000000000100000001A00000000000000000000000C00000016000000000000C00C00000014000000010000
310
000C00000016000000000000C0C8000000260000003E1CEAACE28D53C01C1D910EBE7B5940000000000000000000000000000000000000000000000000000000000000F03F000000000000F03F000000000000000000000000000000004600610064006500200073007700690074006300680000000B000000010000000000
310
000000001840000000000000F03F0000000000000000000000000000F03F000000000000000000000000000000000000000000000000000000008100000032000000470075006C0069006D00000000000000000000000C00000010000000000000000C00000016000000000000C03C00000006000000020000004A5EDE6E5D
310
FF3BC0B0BECBFA23375A4000000000000000004A5EDE6E5DFF3FC0B0BECBFA23375A4000000000000000000C00000010000000000000000C000000140000000100000054000000070000000300000068CA6E6269A71540E1DA7E70BD1C60400000000000000000E033A67E18DD2540160114E29F6E60400000000000000000
310
486D4821B02A1A4082B1C01FCACF5F4000000000000000000C00000014000000010000000C00000010000000000000003C0000000600000002000000D89BDBC10CE91740D1992F405102604000000000000000004A5EDE6E5DFF3BC0B0BECBFA23375A4000000000000000000C00000016000000000000C00C000000120000
310
00FF7F00000C00000017000000FFFFFFFF
100
AcDbMLeader
270
     2
300
CONTEXT_DATA{
 40
1.0
 10
-78.24998280782502
 20
104.8615710248657
 30
0.0
 41
6.0
140
6.0
145
0.8
174
     1
175
     1
176
     2
177
     0
290
     1
304
{\fGulim|b0|i0|c129|p50;Fade switch}
 11
0.0
 21
0.0
 31
1.0
340
11
 12
-32.7975194256679
 22
107.9414645002319
 32
0.0
 13
1.0
 23
0.0
 33
0.0
 42
0.0
 43
0.0
 44
0.0
 45
1.0
170
     1
 90
-1073741824
171
     3
172
     5
 91
-939524096
141
1.5
 92
        0
291
     1
292
     0
173
     0
293
     0
142
0.0
143
0.0
294
     0
295
     0
296
     0
110
10.9318275049099
120
131.457016982146
130
0.0
111
1.0
121
0.0
131
0.0
112
0.0
122
1.0
132
0.0
297
     0
302
LEADER{
290
     1
291
     1
 10
-27.9975194256679
 20
104.8615710248657
 30
0.0
 11
-1.0
 21
0.0
 31
0.0
 90
        0
 40
4.0
304
LEADER_LINE{
 10
10.9318275049099
 20
131.457016982146
 30
0.0
 91
        0
170
     1
 92
-1073741824
340
0
171
    -2
 40
0.0
341
0
 93
        0
305
}
271
     0
303
}
272
     9
273
     9
301
}
340
1BB
 90
218623791
170
     1
 91
-1056964608
341
14
171
    -2
290
     1
291
     1
 41
2.0
 42
3.0
172
     2
343
11
173
     1
 95
        1
174
     1
175
     2
 92
-1056964608
292
     0
 93
-1056964608
 10
1.0
 20
1.0
 30
1.0
 43
0.0
176
     0
293
     0
294
     0
178
     0
179
     3
 45
1.0
271
     0
272
     9
273
     9
295
     0
  0
MULTILEADER
  5
2F6
330
1F
100
AcDbEntity
  8
0
160
               640
310
80020000170000000C00000010000000000000000C00000016000000000000C00C00000012000000FF7F00000C00000017000000FFFFFFFF1000000018000000000000000000F03F10000000190000000000000000000000100000001A00000000000000000000000C00000016000000000000C00C00000014000000010000
310
000C00000016000000000000C0BC0000002600000007C4A181ADA66C40110FB93ED2ED5C40000000000000000000000000000000000000000000000000000000000000F03F000000000000F03F0000000000000000000000000000000050006100690072000000000004000000010000000000000000001840000000000000
310
F03F0000000000000000000000000000F03F000000000000000000000000000000000000000000000000000000008100000032000000470075006C0069006D00000000000000000000000C00000010000000000000000C00000016000000000000C03C0000000600000002000000B0ABD07165096F405C49B410BBA95D4000
310
00000000000000B0ABD07165896E405C49B410BBA95D4000000000000000000C00000010000000000000000C000000140000000100000054000000070000000300000063BF8FC8E0BE6F40B2CF74BF21AA60400000000000000000712D626C3716704070EAC8AF054B6140000000000000000016468B09FBF86F40FBDC371A
310
4C8F604000000000000000000C00000014000000010000000C00000010000000000000003C0000000600000002000000BD820DE9EDDB6F405656D6ECB69C60400000000000000000B0ABD07165096F405C49B410BBA95D4000000000000000000C00000016000000000000C00C00000012000000FF7F00000C000000170000
310
00FFFFFFFF
100
AcDbMLeader
270
     2
300
CONTEXT_DATA{
 40
1.0
 10
229.1756573408834
 20
118.6520425568209
 30
0.0
 41
6.0
140
6.0
145
0.8
174
     1
175
     1
176
     2
177
     0
290
     1
304
{\fGulim|b0|i0|c129|p50;Pair}
 11
0.0
 21
0.0
 31
1.0
340
11
 12
243.4936333728408
 22
121.7239466846505
 32
0.0
 13
1.0
 23
0.0
 33
0.0
 42
0.0
 43
0.0
 44
0.0
 45
1.0
170
     1
 90
-1073741824
171
     3
172
     5
 91
-939524096
141
1.5
 92
        0
291
     1
292
     0
173
     0
293
     0
142
0.0
143
0.0
294
     0
295
     0
296
     0
110
257.3885310969409
120
138.3444441723
130
0.0
111
1.0
121
0.0
131
0.0
112
0.0
122
1.0
132
0.0
297
     0
302
LEADER{
290
     1
291
     1
 10
248.2936333728408
 20
118.6520425568209
 30
0.0
 11
-1.0
 21
0.0
 31
0.0
 90
        0
 40
4.0
304
LEADER_LINE{
 10
257.3885310969409
 20
138.3444441723
 30
0.0
 91
        0
170
     1
 92
-1073741824
340
0
171
    -2
 40
0.0
341
0
 93
        0
305
}
271
     0
303
}
272
     9
273
     9
301
}
340
1BB
 90
151514927
170
     1
 91
-1056964608
341
14
171
    -2
290
     1
291
     1
 41
2.0
 42
3.0
172
     2
343
11
173
     1
 95
        1
174
     1
175
     0
 92
-1056964608
292
     0
 93
-1056964608
 10
1.0
 20
1.0
 30
1.0
 43
0.0
176
     0
293
     0
294
     0
178
     0
179
     3
 45
1.0
271
     0
272
     9
273
     9
295
     0
  0
MULTILEADER
  5
2F7
330
1F
100
AcDbEntity
  8
0
160
               644
310
84020000170000000C00000010000000000000000C00000016000000000000C00C00000012000000FF7F00000C00000017000000FFFFFFFF1000000018000000000000000000F03F10000000190000000000000000000000100000001A00000000000000000000000C00000016000000000000C00C00000014000000010000
310
000C00000016000000000000C0C000000026000000A69391C5365472407B703D5374FF5C40000000000000000000000000000000000000000000000000000000000000F03F000000000000F03F0000000000000000000000000000000055006E00700061006900720000000000060000000100000000000000000018400000
310
00000000F03F0000000000000000000000000000F03F000000000000000000000000000000000000000000000000000000008100000032000000470075006C0069006D00000000000000000000000C00000010000000000000000C00000016000000000000C03C0000000600000002000000FA17D382AF137240187D12B5A3
310
9A5D400000000000000000FA17D382AF537240187D12B5A39A5D4000000000000000000C00000010000000000000000C000000140000000100000054000000070000000300000067CB3BDCB9527140D85F0816EC9D60400000000000000000722D626C3726714070EAC8AF054B614000000000000000006BD21EEF636C7140
310
D220E56626C4604000000000000000000C00000014000000010000000C00000010000000000000003C0000000600000002000000E94EADE58E5F714055C0763E09B160400000000000000000FA17D382AF137240187D12B5A39A5D4000000000000000000C00000016000000000000C00C00000012000000FF7F00000C0000
310
0017000000FFFFFFFF
100
AcDbMLeader
270
     2
300
CONTEXT_DATA{
 40
1.0
 10
293.2303493734213
 20
118.4162419014504
 30
0.0
 41
6.0
140
6.0
145
0.8
174
     1
175
     1
176
     0
177
     0
290
     1
304
{\fGulim|b0|i0|c129|p50;Unpair}
 11
0.0
 21
0.0
 31
1.0
340
11
 12
294.0303493734213
 22
121.9994642716235
 32
0.0
 13
1.0
 23
0.0
 33
0.0
 42
0.0
 43
0.0
 44
0.0
 45
1.0
170
     1
 90
-1073741824
171
     1
172
     5
 91
-939524096
141
1.5
 92
        0
291
     1
292
     0
173
     0
293
     0
142
0.0
143
0.0
294
     0
295
     0
296
     0
110
274.3885310969409
120
138.3444441723
130
0.0
111
1.0
121
0.0
131
0.0
112
0.0
122
1.0
132
0.0
297
     0
302
LEADER{
290
     1
291
     1
 10
289.2303493734213
 20
118.4162419014504
 30
0.0
 11
1.0
 21
0.0
 31
0.0
 90
        0
 40
4.0
304
LEADER_LINE{
 10
274.3885310969409
 20
138.3444441723
 30
0.0
 91
        0
170
     1
 92
-1073741824
340
0
171
    -2
 40
0.0
341
0
 93
        0
305
}
271
     0
303
}
272
     9
273
     9
301
}
340
1BB
 90
151514927
170
     1
 91
-1056964608
341
14
171
    -2
290
     1
291
     1
 41
2.0
 42
3.0
172
     2
343
11
173
     1
 95
        1
174
     1
175
     0
 92
-1056964608
292
     0
 93
-1056964608
 10
1.0
 20
1.0
 30
1.0
 43
0.0
176
     0
293
     0
294
     0
178
     0
179
     1
 45
1.0
271
     0
272
     9
273
     9
295
     0
  0
MTEXT
  5
2FA
330
1F
100
AcDbEntity
  8
0
100
AcDbMText
 10
-12.21956645879379
 20
245.7462377949736
 30
0.0
 40
7.0
 41
78.8517391558992
 46
13.20483670074867
 71
     1
 72
     5
  1
[ {\fGulim|b0|i0|c129|p50;Top 면} ]
 73
     1
 44
1.0
1001
ACAD
1000
ACAD_MTEXT_COLUMN_INFO_BEGIN
1070
    75
1070
     2
1070
    79
1070
     0
1070
    76
1070
     1
1070
    78
1070
     0
1070
    48
1040
78.8517391558992
1070
    49
1040
35.0
1070
    50
1070
     1
1040
-8.677762982689747
1000
ACAD_MTEXT_COLUMN_INFO_END
1000
MTEXTBEGIN
1070
    73
1070
     1
1070
    44
1040
1.0
1070
    74
1070
     0
1000
MTEXTEND
1000
ACAD_MTEXT_DEFINED_HEIGHT_BEGIN
1070
    46
1040
13.20483670074867
1000
ACAD_MTEXT_DEFINED_HEIGHT_END
  0
MTEXT
  5
2FB
330
1F
100
AcDbEntity
  8
0
100
AcDbMText
 10
240.1814550498016
 20
245.7462377949736
 30
0.0
 40
7.0
 41
78.8517391558992
 46
13.20483670074867
 71
     1
 72
     5
  1
[ {\f굴림|b0|i0|c129|p50;Bottom} {\f굴림|b0|i0|c129|p50;면} ]
 73
     1
 44
1.0
1001
ACAD
1000
ACAD_MTEXT_COLUMN_INFO_BEGIN
1070
    75
1070
     2
1070
    79
1070
     0
1070
    76
1070
     1
1070
    78
1070
     0
1070
    48
1040
78.8517391558992
1070
    49
1040
35.0
1070
    50
1070
     1
1040
-7.568575233022636
1000
ACAD_MTEXT_COLUMN_INFO_END
1000
MTEXTBEGIN
1070
    73
1070
     1
1070
    44
1040
1.0
1070
    74
1070
     0
1000
MTEXTEND
1000
ACAD_MTEXT_DEFINED_HEIGHT_BEGIN
1070
    46
1040
13.20483670074867
1000
ACAD_MTEXT_DEFINED_HEIGHT_END
  0
DIMENSION
  5
2FC
102
{ACAD_XDICTIONARY
360
309
102
}
102
{ACAD_REACTORS
330
30A
102
}
330
1F
100
AcDbEntity
  8
0
100
AcDbDimension
280
     0
  2
*D10
 10
-14.89421748396023
 20
148.0947011884605
 30
0.0
 11
84.30957300667818
 21
174.6582352171484
 31
0.0
 70
   163
 71
     5
 42
56.00000000000005
 73
     0
 74
     0
 75
     0
  3
ISO-25
100
AcDbDiametricDimension
 15
38.20171738196342
 25
165.8941871561395
 35
0.0
 40
0.0
1001
ACAD
1000
DSTYLE
1002
{
1070
   179
1070
     2
1070
    41
1040
3.302
1070
    44
1040
1.0
1070
    42
1040
1.0
1070
   147
1040
1.524
1070
    73
1070
     1
1070
    74
1070
     1
1070
   140
1040
2.0
1070
   284
1070
     1
1070
    78
1070
     1
1002
}
1001
ACAD_DSTYLE_DIMRADIAL_EXTENSION
1070
   387
1070
     1
1070
   388
1040
0.0894047719279316
1070
   390
1040
0.8754894447844364
1001
ACAD_DSTYLE_DIMINSPECT
1070
   393
1070
     0
1070
   394
1070
     0
1070
   395
1000

1070
   396
1000

  0
DIMENSION
  5
314
102
{ACAD_XDICTIONARY
360
321
102
}
102
{ACAD_REACTORS
330
322
102
}
330
1F
100
AcDbEntity
  8
0
100
AcDbDimension
280
     0
  2
*D11
 10
41.40374994900159
 20
95.79028476619255
 30
0.0
 11
12.52874994900157
 21
98.48095143285922
 31
0.0
 70
    32
 71
     5
 42
57.75000000000003
 73
     0
 74
     0
 75
     0
  3
ISO-25
100
AcDbAlignedDimension
 13
-16.34625005099845
 23
156.9944441723
 33
0.0
 14
41.40374994900159
 24
156.9944441723
 34
0.0
 50
0.0
100
AcDbRotatedDimension
1001
ACAD
1000
DSTYLE
1002
{
1070
   179
1070
     2
1070
    41
1040
3.302
1070
    44
1040
1.0
1070
    42
1040
1.0
1070
   147
1040
1.524
1070
    73
1070
     1
1070
    74
1070
     1
1070
   140
1040
2.0
1070
   284
1070
     1
1070
    78
1070
     1
1002
}
1001
ACAD_DSTYLE_DIMINSPECT
1070
   393
1070
     0
1070
   394
1070
     0
1070
   395
1000

1070
   396
1000

  0
DIMENSION
  5
32C
102
{ACAD_XDICTIONARY
360
33B
102
}
102
{ACAD_REACTORS
330
33C
102
}
330
1F
100
AcDbEntity
  8
0
100
AcDbDimension
280
     0
  2
*D12
 10
17.15374994901654
 20
111.9774470995932
 30
0.0
 11
11.65374994900907
 21
114.6681137662598
 31
0.0
 70
    32
 71
     5
 42
11.00000000001495
 73
     0
 74
     0
 75
     0
  3
ISO-25
100
AcDbAlignedDimension
 13
6.153749949001593
 23
129.5399363457153
 33
0.0
 14
17.15374994901654
 24
129.5399363457184
 34
0.0
 50
0.0
100
AcDbRotatedDimension
1001
ACAD
1000
DSTYLE
1002
{
1070
   179
1070
     2
1070
    41
1040
3.302
1070
    44
1040
1.0
1070
    42
1040
1.0
1070
   147
1040
1.524
1070
    73
1070
     1
1070
    74
1070
     1
1070
   140
1040
2.0
1070
   284
1070
     1
1070
    78
1070
     1
1002
}
1001
ACAD_DSTYLE_DIMINSPECT
1070
   393
1070
     0
1070
   394
1070
     0
1070
   395
1000

1070
   396
1000

  0
DIMENSION
  5
348
102
{ACAD_XDICTIONARY
360
357
102
}
102
{ACAD_REACTORS
330
358
102
}
330
1F
100
AcDbEntity
  8
0
100
AcDbDimension
280
     0
  2
*D13
 10
17.15374994901657
 20
211.4893028020102
 30
0.0
 11
11.65374994900908
 21
214.1799694686768
 31
0.0
 70
    32
  1
{\H0.571429x;}<>
 71
     5
 42
11.00000000001498
 73
     0
 74
     0
 75
     0
  3
ISO-25
100
AcDbAlignedDimension
 13
6.153749949001593
 23
184.4489519988847
 33
0.0
 14
17.15374994901657
 24
184.4489519988817
 34
0.0
 50
0.0
100
AcDbRotatedDimension
1001
ACAD
1000
DSTYLE
1002
{
1070
   179
1070
     2
1070
    41
1040
3.302
1070
    44
1040
1.0
1070
    42
1040
1.0
1070
   147
1040
1.524
1070
    73
1070
     1
1070
    74
1070
     1
1070
   140
1040
2.0
1070
   284
1070
     1
1070
    78
1070
     1
1002
}
1001
ACAD_DSTYLE_DIMINSPECT
1070
   393
1070
     0
1070
   394
1070
     0
1070
   395
1000

1070
   396
1000

  0
DIMENSION
  5
364
102
{ACAD_XDICTIONARY
360
372
102
}
102
{ACAD_REACTORS
330
373
102
}
330
1F
100
AcDbEntity
  8
0
100
AcDbDimension
280
     0
  2
*D14
 10
-96.51577238935525
 20
128.9944441723
 30
0.0
 11
-96.51577238935525
 21
156.9944441723
 31
0.0
 70
    32
 71
     5
 42
56.0
 73
     0
 74
     0
 75
     0
  3
ISO-25
100
AcDbAlignedDimension
 13
11.65374994900162
 23
184.9944441723
 33
0.0
 14
11.65374994900162
 24
128.9944441723
 34
0.0
 50
90.0
100
AcDbRotatedDimension
1001
ACAD
1000
DSTYLE
1002
{
1070
   179
1070
     2
1070
    41
1040
3.302
1070
    44
1040
1.0
1070
    42
1040
1.0
1070
   147
1040
1.524
1070
    73
1070
     1
1070
    74
1070
     1
1070
   140
1040
2.0
1070
   284
1070
     1
1070
    78
1070
     1
1002
}
1001
ACAD_DSTYLE_DIMINSPECT
1070
   393
1070
     0
1070
   394
1070
     0
1070
   395
1000

1070
   396
1000

  0
MULTILEADER
  5
37F
330
1F
100
AcDbEntity
  8
0
160
               644
310
84020000170000000C00000010000000000000000C00000016000000000000C00C00000012000000FF7F00000C00000017000000FFFFFFFF1000000018000000000000000000F03F10000000190000000000000000000000100000001A00000000000000000000000C00000016000000000000C00C00000014000000010000
310
000C00000016000000000000C0C0000000260000005A1C87CC43BA68404D8241F2A2C66140000000000000000000000000000000000000000000000000000000000000F03F000000000000F03F00000000000000000000000000000000480061006C006C002000490043000000070000000100000000000000000018400000
310
00000000F03F0000000000000000000000000000F03F000000000000000000000000000000000000000000000000000000008100000032000000470075006C0069006D00000000000000000000000C00000010000000000000000C00000016000000000000C03C0000000600000002000000118EFBC8DF6A6C40721F3F5B97
310
2462400000000000000000118EFBC8DFEA6B40721F3F5B9724624000000000000000000C00000010000000000000000C0000001400000001000000540000000700000003000000164E682754036D40EBFD5D1B3E23634000000000000000007AE6B965A9906D40EE460FFF14A963400000000000000000B4DC6E2F60366D40
310
3A3899B2A3FC624000000000000000000C00000014000000010000000C00000010000000000000003C000000060000000200000065956B2BDA1C6D40129BFBE6F00F63400000000000000000118EFBC8DF6A6C40721F3F5B9724624000000000000000000C00000016000000000000C00C00000012000000FF7F00000C0000
310
0017000000FFFFFFFF
100
AcDbMLeader
270
     2
300
CONTEXT_DATA{
 40
1.0
 10
197.7877536008964
 20
145.1434761269443
 30
0.0
 41
6.0
140
6.0
145
0.8
174
     1
175
     1
176
     2
177
     0
290
     1
304
{\fGulim|b0|i0|c129|p50;Hall IC}
 11
0.0
 21
0.0
 31
1.0
340
11
 12
222.5398175156767
 22
148.2153802547739
 32
0.0
 13
1.0
 23
0.0
 33
0.0
 42
0.0
 43
0.0
 44
0.0
 45
1.0
170
     1
 90
-1073741824
171
     3
172
     5
 91
-939524096
141
1.5
 92
        0
291
     1
292
     0
173
     0
293
     0
142
0.0
143
0.0
294
     0
295
     0
296
     0
110
236.5206783896318
120
157.2838130281811
130
0.0
111
1.0
121
0.0
131
0.0
112
0.0
122
1.0
132
0.0
297
     0
302
LEADER{
290
     1
291
     1
 10
227.3398175156768
 20
145.1434761269443
 30
0.0
 11
-1.0
 21
0.0
 31
0.0
 90
        0
 40
4.0
304
LEADER_LINE{
 10
236.5206783896318
 20
157.2838130281811
 30
0.0
 91
        0
170
     1
 92
-1073741824
340
0
171
    -2
 40
0.0
341
0
 93
        0
305
}
271
     0
303
}
272
     9
273
     9
301
}
340
1BB
 90
218623791
170
     1
 91
-1056964608
341
14
171
    -2
290
     1
291
     1
 41
2.0
 42
3.0
172
     2
343
11
173
     1
 95
        1
174
     1
175
     2
 92
-1056964608
292
     0
 93
-1056964608
 10
1.0
 20
1.0
 30
1.0
 43
0.0
176
     0
293
     0
294
     0
178
     0
179
     3
 45
1.0
271
     0
272
     9
273
     9
295
     0
  0
DIMENSION
  5
380
102
{ACAD_XDICTIONARY
360
38D
102
}
102
{ACAD_REACTORS
330
38E
102
}
330
1F
100
AcDbEntity
  8
0
100
AcDbDimension
280
     0
  2
*D15
 10
30.53172590345503
 20
142.823088934379
 30
0.0
 11
101.4238189224737
 21
155.2176537094004
 31
0.0
 70
   163
  1
{\fGulim|b0|i0|c129|p50;pattern 금지}\P<>
 71
     5
 42
9.999999999999996
 73
     0
 74
     0
 75
     0
  3
ISO-25
100
AcDbDiametricDimension
 15
35.17817880254825
 25
144.669836198221
 35
0.0
 40
0.0
1001
ACAD
1000
DSTYLE
1002
{
1070
   340
1005
11
1070
   179
1070
     2
1070
    41
1040
3.302
1070
    44
1040
1.0
1070
    42
1040
1.0
1070
   147
1040
1.524
1070
   144
1040
2.0
1070
    73
1070
     1
1070
    74
1070
     1
1070
   140
1040
2.0
1070
   284
1070
     1
1070
    78
1070
     1
1002
}
1001
ACAD_DSTYLE_DIMRADIAL_EXTENSION
1070
   387
1070
     1
1070
   388
1040
0.0
1070
   390
1040
-0.0000000000000002
1001
ACAD_DSTYLE_DIMINSPECT
1070
   393
1070
     0
1070
   394
1070
     0
1070
   395
1000

1070
   396
1000

  0
LINE
  5
487
330
1F
100
AcDbEntity
  8
0
  6
CENTER
 62
     2
100
AcDbLine
 10
-28.90216334816758
 20
156.9944441723
 30
0.0
 11
385.7024985522068
 21
156.9944441723
 31
0.0
  0
LINE
  5
6E2
330
1F
100
AcDbEntity
  8
OUTLLINE
 62
     3
100
AcDbLine
 10
-166.5961671411075
 20
163.0084580707253
 30
0.0
 11
-169.5961671411074
 21
163.0084580707253
 31
0.0
  0
LINE
  5
6E3
330
1F
100
AcDbEntity
  8
OUTLLINE
 62
     3
100
AcDbLine
 10
-169.5961671411074
 20
162.4084580707254
 30
0.0
 11
-166.5961671411075
 21
162.4084580707254
 31
0.0
  0
LINE
  5
6E4
330
1F
100
AcDbEntity
  8
OUTLLINE
 62
     3
100
AcDbLine
 10
-166.5961671411074
 20
162.4084580707254
 30
0.0
 11
-166.4658895773342
 21
162.4084580707254
 31
0.0
  0
LINE
  5
6E5
330
1F
100
AcDbEntity
  8
OUTLLINE
 62
     3
100
AcDbLine
 10
-166.4658895773342
 20
163.0084580707253
 30
0.0
 11
-166.5961671411074
 21
163.0084580707253
 31
0.0
  0
LINE
  5
6E6
330
1F
100
AcDbEntity
  8
OUTLLINE
 62
     3
100
AcDbLine
 10
-169.7264447048807
 20
162.4084580707254
 30
0.0
 11
-169.5961671411074
 21
162.4084580707254
 31
0.0
  0
LINE
  5
6E7
330
1F
100
AcDbEntity
  8
OUTLLINE
 62
     3
100
AcDbLine
 10
-169.5961671411074
 20
163.0084580707253
 30
0.0
 11
-169.7264447048807
 21
163.0084580707253
 31
0.0
  0
LINE
  5
6E8
330
1F
100
AcDbEntity
  8
OUTLLINE
 62
     3
100
AcDbLine
 10
-169.5961671411074
 20
144.6584580707253
 30
0.0
 11
-166.5961671411075
 21
144.6584580707253
 31
0.0
  0
LINE
  5
6E9
330
1F
100
AcDbEntity
  8
OUTLLINE
 62
     3
100
AcDbLine
 10
-166.5961671411075
 20
145.2584580707253
 30
0.0
 11
-169.5961671411074
 21
145.2584580707253
 31
0.0
  0
LINE
  5
6EA
330
1F
100
AcDbEntity
  8
OUTLLINE
 62
     3
100
AcDbLine
 10
-166.4658895773342
 20
145.2584580707253
 30
0.0
 11
-166.5961671411075
 21
145.2584580707253
 31
0.0
  0
LINE
  5
6EB
330
1F
100
AcDbEntity
  8
OUTLLINE
 62
     3
100
AcDbLine
 10
-166.5961671411075
 20
144.6584580707253
 30
0.0
 11
-166.4658895773342
 21
144.6584580707253
 31
0.0
  0
LINE
  5
6EC
330
1F
100
AcDbEntity
  8
OUTLLINE
 62
     3
100
AcDbLine
 10
-169.5961671411075
 20
145.2584580707253
 30
0.0
 11
-169.7264447048807
 21
145.2584580707253
 31
0.0
  0
LINE
  5
6ED
330
1F
100
AcDbEntity
  8
OUTLLINE
 62
     3
100
AcDbLine
 10
-169.7264447048807
 20
144.6584580707253
 30
0.0
 11
-169.5961671411075
 21
144.6584580707253
 31
0.0
  0
LINE
  5
6EE
330
1F
100
AcDbEntity
  8
OUTLLINE
 62
     3
100
AcDbLine
 10
-137.6483903111763
 20
159.1111973945806
 30
0.0
 11
-128.0275735326429
 21
164.4441032172902
 31
0.0
  0
LINE
  5
6EF
102
{ACAD_REACTORS
330
7CB
330
7E7
102
}
330
1F
100
AcDbEntity
  8
OUTLLINE
 62
     3
100
AcDbLine
 10
-141.1875005389745
 20
165.4959212566982
 30
0.0
 11
-137.6483903111763
 21
159.1111973945806
 31
0.0
  0
LINE
  5
6F0
102
{ACAD_REACTORS
330
804
330
81F
102
}
330
1F
100
AcDbEntity
  8
OUTLLINE
 62
     3
100
AcDbLine
 10
-131.5666837604411
 20
170.8288270794078
 30
0.0
 11
-141.1875005389745
 21
165.4959212566982
 31
0.0
  0
LINE
  5
6F1
330
1F
100
AcDbEntity
  8
OUTLLINE
 62
     3
100
AcDbLine
 10
-128.0275735326429
 20
164.4441032172902
 30
0.0
 11
-131.5666837604411
 21
170.8288270794078
 31
0.0
  0
ARC
  5
6F2
330
1F
100
AcDbEntity
  8
OUTLLINE
 62
     3
100
AcDbCircle
 10
-166.5961671411075
 20
162.7084580707253
 30
0.0
 40
0.2999999999999829
100
AcDbArc
 50
270.0000000000008
 51
90.0
  0
ARC
  5
6F3
330
1F
100
AcDbEntity
  8
OUTLLINE
 62
     3
100
AcDbCircle
 10
-169.5961671411074
 20
162.7084580707253
 30
0.0
 40
0.2999999999999829
100
AcDbArc
 50
90.0
 51
270.0000000000008
  0
ARC
  5
6F4
330
1F
100
AcDbEntity
  8
OUTLLINE
 62
     3
100
AcDbCircle
 10
-169.5961671411074
 20
144.9584580707254
 30
0.0
 40
0.2999999999999971
100
AcDbArc
 50
90.0
 51
270.0000000000008
  0
ARC
  5
6F5
330
1F
100
AcDbEntity
  8
OUTLLINE
 62
     3
100
AcDbCircle
 10
-166.5961671411075
 20
144.9584580707254
 30
0.0
 40
0.2999999999999971
100
AcDbArc
 50
270.0000000000008
 51
90.0
  0
CIRCLE
  5
712
330
1F
100
AcDbEntity
  8
OUTLLINE
 62
     3
100
AcDbCircle
 10
-153.8961671411074
 20
129.2084580707254
 30
0.0
 40
0.9000000000000198
  0
LINE
  5
713
330
1F
100
AcDbEntity
  8
OUTLLINE
 62
     3
100
AcDbLine
 10
-155.5461671411075
 20
127.5584580707253
 30
0.0
 11
-152.2461671411075
 21
127.5584580707253
 31
0.0
  0
LINE
  5
714
330
1F
100
AcDbEntity
  8
OUTLLINE
 62
     3
100
AcDbLine
 10
-155.5461671411075
 20
130.8584580707253
 30
0.0
 11
-155.5461671411075
 21
127.5584580707253
 31
0.0
  0
LINE
  5
715
330
1F
100
AcDbEntity
  8
OUTLLINE
 62
     3
100
AcDbLine
 10
-152.2461671411075
 20
130.8584580707253
 30
0.0
 11
-155.5461671411075
 21
130.8584580707253
 31
0.0
  0
LINE
  5
716
330
1F
100
AcDbEntity
  8
OUTLLINE
 62
     3
100
AcDbLine
 10
-152.2461671411075
 20
127.5584580707253
 30
0.0
 11
-152.2461671411075
 21
130.8584580707253
 31
0.0
  0
CIRCLE
  5
717
330
1F
100
AcDbEntity
  8
OUTLLINE
 62
     3
100
AcDbCircle
 10
-153.8961671411074
 20
179.2084580707253
 30
0.0
 40
0.8999999999999772
  0
LINE
  5
718
330
1F
100
AcDbEntity
  8
OUTLLINE
 62
     3
100
AcDbLine
 10
-152.2461671411075
 20
177.5584580707254
 30
0.0
 11
-152.2461671411075
 21
180.8584580707254
 31
0.0
  0
LINE
  5
719
330
1F
100
AcDbEntity
  8
OUTLLINE
 62
     3
100
AcDbLine
 10
-152.2461671411075
 20
180.8584580707254
 30
0.0
 11
-155.5461671411075
 21
180.8584580707254
 31
0.0
  0
LINE
  5
71A
330
1F
100
AcDbEntity
  8
OUTLLINE
 62
     3
100
AcDbLine
 10
-155.5461671411075
 20
177.5584580707254
 30
0.0
 11
-152.2461671411075
 21
177.5584580707254
 31
0.0
  0
LINE
  5
71B
330
1F
100
AcDbEntity
  8
OUTLLINE
 62
     3
100
AcDbLine
 10
-155.5461671411075
 20
180.8584580707254
 30
0.0
 11
-155.5461671411075
 21
177.5584580707254
 31
0.0
  0
LINE
  5
71C
330
1F
100
AcDbEntity
  8
OUTLLINE
 62
     3
100
AcDbLine
 10
-135.9587760264554
 20
132.7084580707253
 30
0.0
 11
-148.3961671411075
 21
132.7084580707253
 31
0.0
  0
LINE
  5
71D
330
1F
100
AcDbEntity
  8
OUTLLINE
 62
     3
100
AcDbLine
 10
-126.0079976063388
 20
151.7084580707254
 30
0.0
 11
-124.2513952580249
 21
151.7084580707254
 31
0.0
  0
LINE
  5
71E
330
1F
100
AcDbEntity
  8
OUTLLINE
 62
     3
100
AcDbLine
 10
-169.5461671411075
 20
161.5584580707253
 30
0.0
 11
-166.6461671411074
 21
161.5584580707253
 31
0.0
  0
ARC
  5
71F
330
1F
100
AcDbEntity
  8
OUTLLINE
 62
     3
100
AcDbCircle
 10
-166.6461671411074
 20
162.7084580707253
 30
0.0
 40
1.150000000000005
100
AcDbArc
 50
270.0000000000008
 51
90.0
  0
LINE
  5
720
330
1F
100
AcDbEntity
  8
OUTLLINE
 62
     3
100
AcDbLine
 10
-159.3961671411075
 20
175.7084580707253
 30
0.0
 11
-159.3961671411075
 21
181.66296589731
 31
0.0
  0
LINE
  5
721
330
1F
100
AcDbEntity
  8
OUTLLINE
 62
     3
100
AcDbLine
 10
-171.8335582557596
 20
175.7084580707253
 30
0.0
 11
-159.3961671411075
 21
175.7084580707253
 31
0.0
  0
CIRCLE
  5
722
330
1F
100
AcDbEntity
  8
OUTLLINE
 62
     3
100
AcDbCircle
 10
-132.6949647371968
 20
140.9604764648952
 30
0.0
 40
2.5
  0
LINE
  5
723
330
1F
100
AcDbEntity
  8
OUTLLINE
 62
     3
100
AcDbLine
 10
-148.3961671411075
 20
132.7084580707253
 30
0.0
 11
-148.3961671411075
 21
126.7539502441407
 31
0.0
  0
ARC
  5
724
330
1F
100
AcDbEntity
  8
OUTLLINE
 62
     3
100
AcDbCircle
 10
-153.8961671411074
 20
154.2084580707254
 30
0.0
 40
28.00000000000001
100
AcDbArc
 50
129.8381498056472
 51
230.1618501943536
  0
CIRCLE
  5
725
330
1F
100
AcDbEntity
  8
OUTLLINE
 62
     3
100
AcDbCircle
 10
-175.0973695450181
 20
167.4564396765555
 30
0.0
 40
2.5
  0
LINE
  5
726
330
1F
100
AcDbEntity
  8
OUTLLINE
 62
     3
100
AcDbLine
 10
-166.6461671411074
 20
146.1084580707254
 30
0.0
 11
-169.5461671411075
 21
146.1084580707254
 31
0.0
  0
ARC
  5
727
330
1F
100
AcDbEntity
  8
OUTLLINE
 62
     3
100
AcDbCircle
 10
-169.5461671411075
 20
144.9584580707254
 30
0.0
 40
1.150000000000019
100
AcDbArc
 50
90.0
 51
270.0000000000008
  0
LINE
  5
728
330
1F
100
AcDbEntity
  8
OUTLLINE
 62
     3
100
AcDbLine
 10
-159.3961671411075
 20
132.7084580707253
 30
0.0
 11
-171.8335582557596
 21
132.7084580707253
 31
0.0
  0
LINE
  5
729
330
1F
100
AcDbEntity
  8
OUTLLINE
 62
     3
100
AcDbLine
 10
-159.3961671411075
 20
126.7539502441407
 30
0.0
 11
-159.3961671411075
 21
132.7084580707253
 31
0.0
  0
LINE
  5
72A
330
1F
100
AcDbEntity
  8
OUTLLINE
 62
     3
100
AcDbLine
 10
-148.3961671411075
 20
175.7084580707253
 30
0.0
 11
-135.9587760264554
 21
175.7084580707253
 31
0.0
  0
LINE
  5
72B
330
1F
100
AcDbEntity
  8
OUTLLINE
 62
     3
100
AcDbLine
 10
-148.3961671411075
 20
181.66296589731
 30
0.0
 11
-148.3961671411075
 21
175.7084580707253
 31
0.0
  0
ARC
  5
72C
330
1F
100
AcDbEntity
  8
OUTLLINE
 62
     3
100
AcDbCircle
 10
-153.8961671411074
 20
154.2084580707254
 30
0.0
 40
28.0
100
AcDbArc
 50
78.67181114793122
 51
101.3281888520688
  0
CIRCLE
  5
72D
330
1F
100
AcDbEntity
  8
OUTLLINE
 62
     3
100
AcDbCircle
 10
-136.2184976114438
 20
171.886127600389
 30
0.0
 40
2.099999999999965
  0
LINE
  5
72E
330
1F
100
AcDbEntity
  8
OUTLLINE
 62
     3
100
AcDbLine
 10
-169.5461671411075
 20
143.8084580707253
 30
0.0
 11
-166.6461671411074
 21
143.8084580707253
 31
0.0
  0
ARC
  5
72F
330
1F
100
AcDbEntity
  8
OUTLLINE
 62
     3
100
AcDbCircle
 10
-166.6461671411074
 20
144.9584580707254
 30
0.0
 40
1.150000000000019
100
AcDbArc
 50
270.0000000000008
 51
90.0
  0
CIRCLE
  5
730
330
1F
100
AcDbEntity
  8
OUTLLINE
 62
     3
100
AcDbCircle
 10
-171.5738366707711
 20
171.8861276003891
 30
0.0
 40
2.099999999999965
  0
LINE
  5
731
330
1F
100
AcDbEntity
  8
OUTLLINE
 62
     3
100
AcDbLine
 10
-124.2513952580249
 20
156.7084580707254
 30
0.0
 11
-126.0079976063388
 21
156.7084580707254
 31
0.0
  0
LINE
  5
732
330
1F
100
AcDbEntity
  8
OUTLLINE
 62
     3
100
AcDbLine
 10
-166.6461671411074
 20
163.8584580707253
 30
0.0
 11
-169.5461671411075
 21
163.8584580707253
 31
0.0
  0
ARC
  5
733
330
1F
100
AcDbEntity
  8
OUTLLINE
 62
     3
100
AcDbCircle
 10
-169.5461671411075
 20
162.7084580707253
 30
0.0
 40
1.150000000000005
100
AcDbArc
 50
90.0
 51
270.0000000000008
  0
CIRCLE
  5
734
330
1F
100
AcDbEntity
  8
OUTLLINE
 62
     3
100
AcDbCircle
 10
-171.5738366707712
 20
136.5307885410617
 30
0.0
 40
2.100000000000008
  0
CIRCLE
  5
735
330
1F
100
AcDbEntity
  8
OUTLLINE
 62
     3
100
AcDbCircle
 10
-136.2184976114438
 20
136.5307885410616
 30
0.0
 40
2.100000000000008
  0
ARC
  5
736
330
1F
100
AcDbEntity
  8
OUTLLINE
 62
     3
100
AcDbCircle
 10
-153.8961671411074
 20
154.2084580707254
 30
0.0
 40
29.75000000000001
100
AcDbArc
 50
355.1795438253615
 51
4.82045617463929
  0
ARC
  5
737
330
1F
100
AcDbEntity
  8
OUTLLINE
 62
     3
100
AcDbCircle
 10
-153.8961671411074
 20
154.2084580707254
 30
0.0
 40
28.00000000000001
100
AcDbArc
 50
309.8381498056479
 51
354.87748390022
  0
ARC
  5
738
330
1F
100
AcDbEntity
  8
OUTLLINE
 62
     3
100
AcDbCircle
 10
-153.8961671411074
 20
154.2084580707254
 30
0.0
 40
28.00000000000001
100
AcDbArc
 50
5.122516099780904
 51
50.16185019435281
  0
ARC
  5
739
330
1F
100
AcDbEntity
  8
OUTLLINE
 62
     3
100
AcDbCircle
 10
-153.8961671411074
 20
154.2084580707254
 30
0.0
 40
28.00000000000002
100
AcDbArc
 50
258.671811147932
 51
281.3281888520696
  0
CIRCLE
  5
73A
330
1F
100
AcDbEntity
  8
OUTLLINE
 62
     3
100
AcDbCircle
 10
-132.6949647371968
 20
140.9604764648952
 30
0.0
 40
1.150000000000005
  0
LINE
  5
73B
330
1F
100
AcDbEntity
  8
OUTLLINE
 62
     3
100
AcDbLine
 10
-169.5461671411075
 20
144.6084580707253
 30
0.0
 11
-166.6461671411074
 21
144.6084580707253
 31
0.0
  0
ARC
  5
73C
330
1F
100
AcDbEntity
  8
OUTLLINE
 62
     3
100
AcDbCircle
 10
-166.6461671411074
 20
144.9584580707254
 30
0.0
 40
0.3500000000000085
100
AcDbArc
 50
270.0000000000008
 51
90.0
  0
LINE
  5
73D
330
1F
100
AcDbEntity
  8
OUTLLINE
 62
     3
100
AcDbLine
 10
-166.6461671411074
 20
145.3084580707254
 30
0.0
 11
-169.5461671411075
 21
145.3084580707254
 31
0.0
  0
ARC
  5
73E
330
1F
100
AcDbEntity
  8
OUTLLINE
 62
     3
100
AcDbCircle
 10
-169.5461671411075
 20
144.9584580707254
 30
0.0
 40
0.3500000000000085
100
AcDbArc
 50
90.0
 51
270.0000000000008
  0
ARC
  5
73F
330
1F
100
AcDbEntity
  8
OUTLLINE
 62
     3
100
AcDbCircle
 10
-166.6461671411074
 20
162.7084580707253
 30
0.0
 40
0.3500000000000227
100
AcDbArc
 50
270.0000000000008
 51
90.0
  0
ARC
  5
740
330
1F
100
AcDbEntity
  8
OUTLLINE
 62
     3
100
AcDbCircle
 10
-169.5461671411075
 20
162.7084580707253
 30
0.0
 40
0.3500000000000227
100
AcDbArc
 50
90.0
 51
270.0000000000008
  0
LINE
  5
741
330
1F
100
AcDbEntity
  8
OUTLLINE
 62
     3
100
AcDbLine
 10
-166.6461671411074
 20
163.0584580707254
 30
0.0
 11
-169.5461671411075
 21
163.0584580707254
 31
0.0
  0
LINE
  5
742
330
1F
100
AcDbEntity
  8
OUTLLINE
 62
     3
100
AcDbLine
 10
-169.5461671411075
 20
162.3584580707253
 30
0.0
 11
-166.6461671411074
 21
162.3584580707253
 31
0.0
  0
CIRCLE
  5
743
330
1F
100
AcDbEntity
  8
OUTLLINE
 62
     3
100
AcDbCircle
 10
-175.0973695450181
 20
167.4564396765555
 30
0.0
 40
1.150000000000005
  0
LINE
  5
744
330
1F
100
AcDbEntity
  8
OUTLLINE
 62
     3
100
AcDbLine
 10
27.90152677886903
 20
161.8971834960916
 30
0.0
 11
37.52234355740242
 21
167.2300893188012
 31
0.0
  0
LINE
  5
745
102
{ACAD_REACTORS
330
759
102
}
330
1F
100
AcDbEntity
  8
OUTLLINE
 62
     3
100
AcDbLine
 10
24.36241655107085
 20
168.2819073582092
 30
0.0
 11
27.90152677886903
 21
161.8971834960916
 31
0.0
  0
LINE
  5
746
330
1F
100
AcDbEntity
  8
OUTLLINE
 62
     3
100
AcDbLine
 10
33.98323332960428
 20
173.6148131809188
 30
0.0
 11
24.36241655107085
 21
168.2819073582092
 31
0.0
  0
LINE
  5
747
330
1F
100
AcDbEntity
  8
OUTLLINE
 62
     3
100
AcDbLine
 10
37.52234355740242
 20
167.2300893188012
 30
0.0
 11
33.98323332960428
 21
173.6148131809188
 31
0.0
  0
LINE
  5
79C
330
1F
100
AcDbEntity
  8
0
100
AcDbLine
 10
-153.8961671411074
 20
190.3011152860204
 30
0.0
 11
-153.8961671411074
 21
102.2327280902761
 31
0.0
  0
INSERT
  5
7A6
330
1F
100
AcDbEntity
  8
0
100
AcDbBlockReference
  2
zw$DA3C
 10
-152.8961671411074
 20
153.5084580707254
 30
0.0
  0
INSERT
  5
7A8
330
1F
100
AcDbEntity
  8
0
100
AcDbBlockReference
  2
zw$DA3C
 10
-157.8961671411074
 20
153.5084580707254
 30
0.0
  0
INSERT
  5
7A9
330
1F
100
AcDbEntity
  8
0
100
AcDbBlockReference
  2
zw$DA3C
 10
-147.8961671411074
 20
153.5084580707254
 30
0.0
  0
INSERT
  5
7AA
330
1F
100
AcDbEntity
  8
0
100
AcDbBlockReference
  2
zw$DA3C
 10
-142.8961671411074
 20
153.5084580707254
 30
0.0
  0
INSERT
  5
7AB
330
1F
100
AcDbEntity
  8
0
100
AcDbBlockReference
  2
zw$DA3C
 10
-137.8961671411074
 20
153.5084580707254
 30
0.0
  0
INSERT
  5
7AC
330
1F
100
AcDbEntity
  8
0
100
AcDbBlockReference
  2
zw$DA3C
 10
-162.8961671411074
 20
153.5084580707254
 30
0.0
  0
INSERT
  5
7AD
330
1F
100
AcDbEntity
  8
0
100
AcDbBlockReference
  2
zw$DA3C
 10
-167.8961671411074
 20
153.5084580707254
 30
0.0
  0
INSERT
  5
7AE
330
1F
100
AcDbEntity
  8
0
100
AcDbBlockReference
  2
zw$DA3C
 10
-172.8961671411074
 20
153.5084580707254
 30
0.0
  0
LINE
  5
7B1
330
1F
100
AcDbEntity
  8
0
100
AcDbLine
 10
-154.8961671411074
 20
154.2084580707254
 30
0.0
 11
-152.8961671411074
 21
154.2084580707254
 31
0.0
  0
INSERT
  5
7B2
330
1F
100
AcDbEntity
  8
0
100
AcDbBlockReference
  2
zw$DA3C
 10
12.65374994900159
 20
156.2944441723
 30
0.0
  0
INSERT
  5
7B3
330
1F
100
AcDbEntity
  8
0
100
AcDbBlockReference
  2
zw$DA3C
 10
7.653749949001593
 20
156.2944441723
 30
0.0
  0
INSERT
  5
7B4
330
1F
100
AcDbEntity
  8
0
100
AcDbBlockReference
  2
zw$DA3C
 10
17.65374994900159
 20
156.2944441723
 30
0.0
  0
INSERT
  5
7B5
330
1F
100
AcDbEntity
  8
0
100
AcDbBlockReference
  2
zw$DA3C
 10
22.6537499490016
 20
156.2944441723
 30
0.0
  0
INSERT
  5
7B6
330
1F
100
AcDbEntity
  8
0
100
AcDbBlockReference
  2
zw$DA3C
 10
27.6537499490016
 20
156.2944441723
 30
0.0
  0
INSERT
  5
7B7
330
1F
100
AcDbEntity
  8
0
100
AcDbBlockReference
  2
zw$DA3C
 10
2.653749949001593
 20
156.2944441723
 30
0.0
  0
INSERT
  5
7B8
330
1F
100
AcDbEntity
  8
0
100
AcDbBlockReference
  2
zw$DA3C
 10
-2.346250050998406
 20
156.2944441723
 30
0.0
  0
INSERT
  5
7B9
330
1F
100
AcDbEntity
  8
0
100
AcDbBlockReference
  2
zw$DA3C
 10
-7.346250050998406
 20
156.2944441723
 30
0.0
  0
LINE
  5
7BA
330
1F
100
AcDbEntity
  8
0
100
AcDbLine
 10
10.65374994900159
 20
156.9944441723
 30
0.0
 11
12.65374994900159
 21
156.9944441723
 31
0.0
  0
LINE
  5
7BB
102
{ACAD_REACTORS
330
7CB
330
7E7
330
804
330
81F
102
}
330
1F
100
AcDbEntity
  8
0
100
AcDbLine
 10
-155.3961671411074
 20
154.2084580707254
 30
0.0
 11
-152.3961671411074
 21
154.2084580707254
 31
0.0
  0
DIMENSION
  5
7BC
102
{ACAD_XDICTIONARY
360
7CA
102
}
102
{ACAD_REACTORS
330
7CB
102
}
330
1F
100
AcDbEntity
  8
0
100
AcDbDimension
280
     0
  2
*D24
 10
-153.8961671411074
 20
95.96777752255633
 30
0.0
 11
-165.4305004744408
 21
99.533444189223
 31
0.0
 70
    32
 71
     5
 42
16.24777682993112
 73
     0
 74
     0
 75
     0
  3
ISO-25
100
AcDbAlignedDimension
 13
-137.6483903111763
 23
159.1111973945806
 33
0.0
 14
-153.8961671411074
 24
154.2084580707254
 34
0.0
 50
0.0
100
AcDbRotatedDimension
1001
ACAD
1000
DSTYLE
1002
{
1070
   179
1070
     2
1070
    41
1040
3.302
1070
    44
1040
1.0
1070
    42
1040
1.0
1070
   147
1040
1.524
1070
    73
1070
     1
1070
    74
1070
     1
1070
   140
1040
3.5
1070
   284
1070
     1
1070
    78
1070
     1
1002
}
  0
DIMENSION
  5
7D6
102
{ACAD_XDICTIONARY
360
7E6
102
}
102
{ACAD_REACTORS
330
7E7
102
}
330
1F
100
AcDbEntity
  8
0
100
AcDbDimension
280
     0
  2
*D25
 10
-213.2953348469521
 20
159.1111973945806
 30
0.0
 11
-206.5213348469521
 21
169.2808640612473
 31
0.0
 70
    32
 71
     5
 42
4.90273932385523
 73
     0
 74
     0
 75
     0
  3
ISO-25
100
AcDbAlignedDimension
 13
-153.8961671411074
 23
154.2084580707254
 33
0.0
 14
-137.6483903111763
 24
159.1111973945806
 34
0.0
 50
90.0
100
AcDbRotatedDimension
1001
ACAD
1000
DSTYLE
1002
{
1070
   179
1070
     2
1070
    41
1040
3.302
1070
    44
1040
1.0
1070
    42
1040
1.0
1070
   147
1040
1.524
1070
    73
1070
     1
1070
    74
1070
     1
1070
   140
1040
3.5
1070
   284
1070
     1
1070
    78
1070
     1
1002
}
  0
DIMENSION
  5
7F4
102
{ACAD_XDICTIONARY
360
803
102
}
102
{ACAD_REACTORS
330
804
102
}
330
1F
100
AcDbEntity
  8
0
100
AcDbDimension
280
     0
  2
*D26
 10
-246.8625589519528
 20
165.4959212566982
 30
0.0
 11
-239.2135589519528
 21
172.3635879233649
 31
0.0
 70
    32
 71
     5
 42
11.28746318597285
 73
     0
 74
     0
 75
     0
  3
ISO-25
100
AcDbAlignedDimension
 13
-153.8961671411074
 23
154.2084580707254
 33
0.0
 14
-141.1875005389745
 24
165.4959212566982
 34
0.0
 50
90.0
100
AcDbRotatedDimension
1001
ACAD
1000
DSTYLE
1002
{
1070
   179
1070
     2
1070
    41
1040
3.302
1070
    44
1040
1.0
1070
    42
1040
1.0
1070
   147
1040
1.524
1070
    73
1070
     1
1070
    74
1070
     1
1070
   140
1040
3.5
1070
   284
1070
     1
1070
    78
1070
     1
1002
}
  0
DIMENSION
  5
810
102
{ACAD_XDICTIONARY
360
81E
102
}
102
{ACAD_REACTORS
330
81F
102
}
330
1F
100
AcDbEntity
  8
0
100
AcDbDimension
280
     0
  2
*D27
 10
-141.1875005389745
 20
110.3314310883702
 30
0.0
 11
-130.2365005389745
 21
113.8970977550369
 31
0.0
 70
    32
 71
     5
 42
12.70866660213295
 73
     0
 74
     0
 75
     0
  3
ISO-25
100
AcDbAlignedDimension
 13
-153.8961671411074
 23
154.2084580707254
 33
0.0
 14
-141.1875005389745
 24
165.4959212566982
 34
0.0
 50
0.0
100
AcDbRotatedDimension
1001
ACAD
1000
DSTYLE
1002
{
1070
   179
1070
     2
1070
    41
1040
3.302
1070
    44
1040
1.0
1070
    42
1040
1.0
1070
   147
1040
1.524
1070
    73
1070
     1
1070
    74
1070
     1
1070
   140
1040
3.5
1070
   284
1070
     1
1070
    78
1070
     1
1002
}
  0
MULTILEADER
  5
82A
330
1F
100
AcDbEntity
  8
0
160
               640
310
80020000170000000C00000010000000000000000C00000016000000000000C00C00000012000000FF7F00000C00000017000000FFFFFFFF1000000018000000000000000000F03F10000000190000000000000000000000100000001A00000000000000000000000C00000016000000000000C00C00000014000000010000
310
000C00000016000000000000C0BC000000260000008A2D11F48ADB504017A829E4C2686A40000000000000000000000000000000000000000000000000000000000000F03F000000000000F03F000000000000000000000000000000004D004300550020000000000004000000010000000000000000001840000000000000
310
F03F0000000000000000000000000000F03F000000000000000000000000000000000000000000000000000000008100000032000000470075006C0069006D00000000000000000000000C00000010000000000000000C00000016000000000000C03C0000000600000002000000DB3E17E96D595040989107C0F8C66A4000
310
00000000000000DB3E17E96DD95040989107C0F8C66A4000000000000000000C00000010000000000000000C0000001400000001000000540000000700000003000000987A4E7E52804240BDEB8918029165400000000000000000F2010CB1205B4040A88DA98208076540000000000000000082D0273BA4AF4140B42E8351
310
14B6654000000000000000000C00000014000000010000000C00000010000000000000003C00000006000000020000008D25BB5CFB174240398D06358BA365400000000000000000DB3E17E96D595040989107C0F8C66A4000000000000000000C00000016000000000000C00C00000012000000FF7F00000C000000170000
310
00FFFFFFFF
100
AcDbMLeader
270
     2
300
CONTEXT_DATA{
 40
1.0
 10
67.39733340520927
 20
214.2178650043322
 30
0.0
 41
6.0
140
6.0
145
0.8
174
     1
175
     1
176
     0
177
     0
290
     1
304
{\fGulim|b0|i0|c129|p50;MCU }
 11
0.0
 21
0.0
 31
1.0
340
11
 12
68.19733340520926
 22
217.2897691321618
 32
0.0
 13
1.0
 23
0.0
 33
0.0
 42
0.0
 43
0.0
 44
0.0
 45
1.0
170
     1
 90
-1073741824
171
     1
172
     5
 91
-939524096
141
1.5
 92
        0
291
     1
292
     0
173
     0
293
     0
142
0.0
143
0.0
294
     0
295
     0
296
     0
110
148.3280328452782
120
182.4853532632091
130
0.0
111
1.0
121
0.0
131
0.0
112
0.0
122
1.0
132
0.0
297
     0
302
LEADER{
290
     1
291
     1
 10
65.39733340520927
 20
214.2178650043322
 30
0.0
 11
1.0
 21
0.0
 31
0.0
 90
        0
 40
2.0
304
LEADER_LINE{
 10
32.71193516813573
 20
168.2197888671483
 30
0.0
 91
        0
170
     1
 92
-1073741824
340
0
171
    -2
 40
0.0
341
0
 93
        0
305
}
271
     0
303
}
272
     9
273
     9
301
}
340
1BB
 90
151514927
170
     1
 91
-1056964608
341
14
171
    -2
290
     1
291
     1
 41
2.0
 42
3.0
172
     2
343
11
173
     1
 95
        1
174
     1
175
     0
 92
-1056964608
292
     0
 93
-1056964608
 10
1.0
 20
1.0
 30
1.0
 43
0.0
176
     0
293
     0
294
     0
178
     0
179
     1
 45
1.0
271
     0
272
     9
273
     9
295
     0
  0
MTEXT
  5
82B
330
1F
100
AcDbEntity
  8
0
100
AcDbMText
 10
-188.1077169265452
 20
206.9721726758846
 30
0.0
 40
7.0
 41
78.8517391558992
 46
13.20483670074867
 71
     1
 72
     5
  1
[ {\fGulim|b0|i0|c129|p50;MCU 위치} ]
 73
     1
 44
1.0
1001
ACAD
1000
ACAD_MTEXT_COLUMN_INFO_BEGIN
1070
    75
1070
     2
1070
    79
1070
     0
1070
    76
1070
     1
1070
    78
1070
     0
1070
    48
1040
78.8517391558992
1070
    49
1040
35.0
1070
    50
1070
     1
1040
-7.792276964047936
1000
ACAD_MTEXT_COLUMN_INFO_END
1000
MTEXTBEGIN
1070
    73
1070
     1
1070
    44
1040
1.0
1070
    74
1070
     0
1000
MTEXTEND
1000
ACAD_MTEXT_DEFINED_HEIGHT_BEGIN
1070
    46
1040
13.20483670074867
1000
ACAD_MTEXT_DEFINED_HEIGHT_END
  0
ENDSEC
  0
SECTION
  2
OBJECTS
  0
DICTIONARY
  5
C
330
0
100
AcDbDictionary
281
     1
  3
ACAD_COLOR
350
1B6
  3
ACAD_DATALINK
350
1B9
  3
ACAD_GROUP
350
D
  3
ACAD_LAYOUT
350
1A
  3
ACAD_MATERIAL
350
199
  3
ACAD_MLEADERSTYLE
350
1BA
  3
ACAD_MLINESTYLE
350
17
  3
ACAD_PLOTSETTINGS
350
19
  3
ACAD_PLOTSTYLENAME
350
E
  3
ACAD_SCALELIST
350
47
  3
ACAD_TABLESTYLE
350
1B7
  3
ACAD_VISUALSTYLE
350
19D
  3
ACDB_RECOMPOSE_DATA
350
2F1
  3
AcDbVariableDictionary
350
2BA
  0
DICTIONARY
  5
66F
330
1F
100
AcDbDictionary
280
     1
281
     1
  3
ACAD_SORTENTS
360
670
  0
DICTIONARY
  5
7A2
330
79D
100
AcDbDictionary
280
     1
281
     1
  3
ACAD_SORTENTS
360
7A3
  0
DICTIONARY
  5
1CC
330
1BD
100
AcDbDictionary
280
     1
281
     1
  3
ACAD_DIMASSOC
360
1CD
  0
DICTIONARY
  5
1E6
330
1D9
100
AcDbDictionary
280
     1
281
     1
  3
ACAD_DIMASSOC
360
1E7
  0
DICTIONARY
  5
1FE
330
1F1
100
AcDbDictionary
280
     1
281
     1
  3
ACAD_DIMASSOC
360
1FF
  0
DICTIONARY
  5
216
330
209
100
AcDbDictionary
280
     1
281
     1
  3
ACAD_DIMASSOC
360
217
  0
DICTIONARY
  5
254
330
245
100
AcDbDictionary
280
     1
281
     1
  3
ACAD_DIMASSOC
360
255
  0
DICTIONARY
  5
271
330
261
100
AcDbDictionary
280
     1
281
     1
  3
ACAD_DIMASSOC
360
272
  0
DICTIONARY
  5
28E
330
27F
100
AcDbDictionary
280
     1
281
     1
  3
ACAD_DIMASSOC
360
28F
  0
DICTIONARY
  5
2AB
330
29B
100
AcDbDictionary
280
     1
281
     1
  3
ACAD_DIMASSOC
360
2AC
  0
DICTIONARY
  5
309
330
2FC
100
AcDbDictionary
280
     1
281
     1
  3
ACAD_DIMASSOC
360
30A
  0
DICTIONARY
  5
321
330
314
100
AcDbDictionary
280
     1
281
     1
  3
ACAD_DIMASSOC
360
322
  0
DICTIONARY
  5
33B
330
32C
100
AcDbDictionary
280
     1
281
     1
  3
ACAD_DIMASSOC
360
33C
  0
DICTIONARY
  5
357
330
348
100
AcDbDictionary
280
     1
281
     1
  3
ACAD_DIMASSOC
360
358
  0
DICTIONARY
  5
372
330
364
100
AcDbDictionary
280
     1
281
     1
  3
ACAD_DIMASSOC
360
373
  0
DICTIONARY
  5
38D
330
380
100
AcDbDictionary
280
     1
281
     1
  3
ACAD_DIMASSOC
360
38E
  0
DICTIONARY
  5
7CA
330
7BC
100
AcDbDictionary
280
     1
281
     1
  3
ACAD_DIMASSOC
360
7CB
  0
DICTIONARY
  5
7E6
330
7D6
100
AcDbDictionary
280
     1
281
     1
  3
ACAD_DIMASSOC
360
7E7
  0
DICTIONARY
  5
803
330
7F4
100
AcDbDictionary
280
     1
281
     1
  3
ACAD_DIMASSOC
360
804
  0
DICTIONARY
  5
81E
330
810
100
AcDbDictionary
280
     1
281
     1
  3
ACAD_DIMASSOC
360
81F
  0
DICTIONARY
  5
1B6
102
{ACAD_REACTORS
330
C
102
}
330
C
100
AcDbDictionary
281
     1
  0
DICTIONARY
  5
1B9
102
{ACAD_REACTORS
330
C
102
}
330
C
100
AcDbDictionary
280
     1
281
     1
  0
DICTIONARY
  5
D
102
{ACAD_REACTORS
330
C
102
}
330
C
100
AcDbDictionary
281
     1
  0
DICTIONARY
  5
1A
102
{ACAD_REACTORS
330
C
102
}
330
C
100
AcDbDictionary
281
     1
  3
Layout1
350
1E
  3
Layout2
350
26
  3
Model
350
22
  0
DICTIONARY
  5
199
102
{ACAD_REACTORS
330
C
102
}
330
C
100
AcDbDictionary
281
     1
  3
ByBlock
350
19B
  3
ByLayer
350
19A
  3
Global
350
19C
  0
DICTIONARY
  5
1BA
102
{ACAD_REACTORS
330
C
102
}
330
C
100
AcDbDictionary
281
     1
  3
Standard
350
1BB
  0
DICTIONARY
  5
17
102
{ACAD_REACTORS
330
C
102
}
330
C
100
AcDbDictionary
281
     1
  3
Standard
350
18
  0
DICTIONARY
  5
19
102
{ACAD_REACTORS
330
C
102
}
330
C
100
AcDbDictionary
281
     1
  0
ACDBDICTIONARYWDFLT
  5
E
102
{ACAD_REACTORS
330
C
102
}
330
C
100
AcDbDictionary
281
     1
  3
Normal
350
F
100
AcDbDictionaryWithDefault
340
F
  0
DICTIONARY
  5
47
102
{ACAD_REACTORS
330
C
102
}
330
C
100
AcDbDictionary
281
     1
  3
A0
350
48
  3
A1
350
49
  3
A2
350
4A
  3
A3
350
4B
  3
A4
350
4C
  3
A5
350
4D
  3
A6
350
4E
  3
A7
350
4F
  3
A8
350
50
  3
A9
350
51
  3
B0
350
52
  3
B1
350
53
  3
B2
350
54
  3
B3
350
55
  3
B4
350
56
  3
B5
350
57
  3
B6
350
58
  0
DICTIONARY
  5
1B7
102
{ACAD_REACTORS
330
C
102
}
330
C
100
AcDbDictionary
281
     1
  3
Standard
350
1B8
  0
DICTIONARY
  5
19D
102
{ACAD_REACTORS
330
C
102
}
330
C
100
AcDbDictionary
281
     1
  3
2dWireframe
350
1A2
  3
Basic
350
1A5
  3
Brighten
350
1A9
  3
ColorChange
350
1AD
  3
Conceptual
350
1A7
  3
Dim
350
1A8
  3
EdgeColorOff
350
1B0
  3
Facepattern
350
1AC
  3
Flat
350
19E
  3
FlatWithEdges
350
19F
  3
Gouraud
350
1A0
  3
GouraudWithEdges
350
1A1
  3
Hidden
350
1A4
  3
JitterOff
350
1AE
  3
Linepattern
350
1AB
  3
OverhangOff
350
1AF
  3
Realistic
350
1A6
  3
Shaded
350
1B5
  3
Shaded with edges
350
1B4
  3
Shades of Gray
350
1B1
  3
Sketchy
350
1B2
  3
Thicken
350
1AA
  3
Wireframe
350
1A3
  3
X-Ray
350
1B3
  0
XRECORD
  5
2F1
102
{ACAD_REACTORS
330
C
102
}
330
C
100
AcDbXrecord
280
     1
 90
        1
330
1B8
  0
DICTIONARY
  5
2BA
102
{ACAD_REACTORS
330
C
102
}
330
C
100
AcDbDictionary
281
     1
  3
CANNOSCALE
350
2BE
  3
CMLEADERSTYLE
350
2BC
  3
CTABLESTYLE
350
2BB
  3
MSLTSCALE
350
2BD
  0
SORTENTSTABLE
  5
670
102
{ACAD_REACTORS
330
66F
102
}
330
66F
100
AcDbSortentsTable
330
1F
  0
SORTENTSTABLE
  5
7A3
102
{ACAD_REACTORS
330
7A2
102
}
330
7A2
100
AcDbSortentsTable
330
79D
  0
DIMASSOC
  5
1CD
102
{ACAD_REACTORS
330
1CC
102
}
330
1CC
100
AcDbDimAssoc
330
1BD
 90
        3
 70
     0
 71
     0
  1
AcDbOsnapPointRef
 72
    13
331
DE
 73
     2
 91
        0
 40
0.0
 10
0.0
 20
0.0
 30
1.999999999999999E+50
 75
     0
  1
AcDbOsnapPointRef
 72
     1
331
DC
 73
     2
 91
        0
 40
1.0
 10
0.0
 20
0.0
 30
1.999999999999999E+50
 75
     0
  0
DIMASSOC
  5
1E7
102
{ACAD_REACTORS
330
1E6
102
}
330
1E6
100
AcDbDimAssoc
330
1D9
 90
        2
 70
     0
 71
     0
  1
AcDbOsnapPointRef
 72
     3
331
F4
 73
     2
 91
        0
 40
0.0
 10
0.0
 20
0.0
 30
0.0
 75
     0
  0
DIMASSOC
  5
1FF
102
{ACAD_REACTORS
330
1FE
102
}
330
1FE
100
AcDbDimAssoc
330
1F1
 90
        2
 70
     0
 71
     0
  1
AcDbOsnapPointRef
 72
     3
331
F3
 73
     2
 91
        0
 40
0.0
 10
0.0
 20
0.0
 30
0.0
 75
     0
  0
DIMASSOC
  5
217
102
{ACAD_REACTORS
330
216
102
}
330
216
100
AcDbDimAssoc
330
209
 90
        2
 70
     0
 71
     0
  1
AcDbOsnapPointRef
 72
     3
331
E2
 73
     2
 91
        0
 40
0.0
 10
0.0
 20
0.0
 30
0.0
 75
     0
  0
DIMASSOC
  5
255
102
{ACAD_REACTORS
330
254
102
}
330
254
100
AcDbDimAssoc
330
245
 90
        3
 70
     0
 71
     0
  1
AcDbOsnapPointRef
 72
     2
331
169
 73
     2
 91
        0
 40
3.141592653589792
 10
0.0
 20
0.0
 30
0.0
 75
     0
  1
AcDbOsnapPointRef
 72
     2
331
16B
 73
     2
 91
        0
 40
6.283185307179585
 10
0.0
 20
0.0
 30
0.0
 75
     0
  0
DIMASSOC
  5
272
102
{ACAD_REACTORS
330
271
102
}
330
271
100
AcDbDimAssoc
330
261
 90
        3
 70
     0
 71
     0
  1
AcDbOsnapPointRef
 72
     1
331
16B
 73
     2
 91
        0
 40
7.853981633974482
 10
0.0
 20
0.0
 30
1.999999999999999E+50
 75
     0
  1
AcDbOsnapPointRef
 72
    13
331
16B
 73
     2
 91
        0
 40
4.712388980384688
 10
0.0
 20
0.0
 30
1.999999999999999E+50
 75
     0
  0
DIMASSOC
  5
28F
102
{ACAD_REACTORS
330
28E
102
}
330
28E
100
AcDbDimAssoc
330
27F
 90
        3
 70
     0
 71
     0
  1
AcDbOsnapPointRef
 72
     2
331
183
 73
     2
 91
        0
 40
3.141592653589792
 10
0.0
 20
0.0
 30
0.0
 75
     0
  1
AcDbOsnapPointRef
 72
     2
331
185
 73
     2
 91
        0
 40
6.283185307179585
 10
0.0
 20
0.0
 30
0.0
 75
     0
  0
DIMASSOC
  5
2AC
102
{ACAD_REACTORS
330
2AB
102
}
330
2AB
100
AcDbDimAssoc
330
29B
 90
        3
 70
     0
 71
     0
  1
AcDbOsnapPointRef
 72
    13
331
185
 73
     2
 91
        0
 40
4.712388980384688
 10
0.0
 20
0.0
 30
1.999999999999999E+50
 75
     0
  1
AcDbOsnapPointRef
 72
     1
331
185
 73
     2
 91
        0
 40
7.853981633974482
 10
0.0
 20
0.0
 30
1.999999999999999E+50
 75
     0
  0
DIMASSOC
  5
30A
102
{ACAD_REACTORS
330
309
102
}
330
309
100
AcDbDimAssoc
330
2FC
 90
        2
 70
     0
 71
     0
  1
AcDbOsnapPointRef
 72
     3
331
EC
 73
     2
 91
        0
 40
0.0894047719279285
 10
0.0
 20
0.0
 30
0.0
 75
     0
  0
DIMASSOC
  5
322
102
{ACAD_REACTORS
330
321
102
}
330
321
100
AcDbDimAssoc
330
314
 90
        3
 70
     0
 71
     0
  1
AcDbOsnapPointRef
 72
     2
331
DD
 73
     2
 91
        0
 40
3.141592653589793
 10
0.0
 20
0.0
 30
0.0
 75
     0
  1
AcDbOsnapPointRef
 72
     2
331
F2
 73
     2
 91
        0
 40
6.283185307179586
 10
0.0
 20
0.0
 30
0.0
 75
     0
  0
DIMASSOC
  5
33C
102
{ACAD_REACTORS
330
33B
102
}
330
33B
100
AcDbDimAssoc
330
32C
 90
        3
 70
     0
 71
     0
  1
AcDbOsnapPointRef
 72
     6
331
DB
 73
     2
 91
        0
 40
0.000000000002587
 10
0.0
 20
0.0
 30
0.0
332
DA
 74
     2
 92
        0
 75
     0
  1
AcDbOsnapPointRef
 72
     1
331
DA
 73
     2
 91
        0
 40
4.910103174141552
 10
0.0
 20
0.0
 30
2.000000000000000E+50
 75
     0
  0
DIMASSOC
  5
358
102
{ACAD_REACTORS
330
357
102
}
330
357
100
AcDbDimAssoc
330
348
 90
        3
 70
     0
 71
     0
  1
AcDbOsnapPointRef
 72
     6
331
DF
 73
     2
 91
        0
 40
0.9999999999974416
 10
0.0
 20
0.0
 30
0.0
332
D5
 74
     2
 92
        0
 75
     0
  1
AcDbOsnapPointRef
 72
    13
331
D5
 73
     2
 91
        0
 40
1.373082133038034
 10
0.0
 20
0.0
 30
2.000000000000000E+50
 75
     0
  0
DIMASSOC
  5
373
102
{ACAD_REACTORS
330
372
102
}
330
372
100
AcDbDimAssoc
330
364
 90
        1
 70
     0
 71
     0
  1
AcDbOsnapPointRef
 72
     2
331
D5
 73
     2
 91
        0
 40
1.570796326794895
 10
0.0
 20
0.0
 30
0.0
 75
     0
  0
DIMASSOC
  5
38E
102
{ACAD_REACTORS
330
38D
102
}
330
38D
100
AcDbDimAssoc
330
380
 90
        2
 70
     0
 71
     0
  1
AcDbOsnapPointRef
 72
     3
331
F0
 73
     2
 91
        0
 40
0.0
 10
0.0
 20
0.0
 30
0.0
 75
     0
  0
DIMASSOC
  5
7CB
102
{ACAD_REACTORS
330
7CA
102
}
330
7CA
100
AcDbDimAssoc
330
7BC
 90
        3
 70
     0
 71
     0
  1
AcDbOsnapPointRef
 72
     1
331
6EF
 73
     2
 91
        0
 40
0.9999999999999998
 10
0.0
 20
0.0
 30
2.000000000000000E+50
 75
     0
  1
AcDbOsnapPointRef
 72
     2
331
7BB
 73
     2
 91
        0
 40
0.5
 10
0.0
 20
0.0
 30
0.0
 75
     0
  0
DIMASSOC
  5
7E7
102
{ACAD_REACTORS
330
7E6
102
}
330
7E6
100
AcDbDimAssoc
330
7D6
 90
        3
 70
     0
 71
     0
  1
AcDbOsnapPointRef
 72
     2
331
7BB
 73
     2
 91
        0
 40
0.5
 10
0.0
 20
0.0
 30
0.0
 75
     0
  1
AcDbOsnapPointRef
 72
     1
331
6EF
 73
     2
 91
        0
 40
0.9999999999999998
 10
0.0
 20
0.0
 30
2.000000000000000E+50
 75
     0
  0
DIMASSOC
  5
804
102
{ACAD_REACTORS
330
803
102
}
330
803
100
AcDbDimAssoc
330
7F4
 90
        3
 70
     0
 71
     0
  1
AcDbOsnapPointRef
 72
     2
331
7BB
 73
     2
 91
        0
 40
0.5
 10
0.0
 20
0.0
 30
0.0
 75
     0
  1
AcDbOsnapPointRef
 72
     1
331
6F0
 73
     2
 91
        0
 40
1.0
 10
0.0
 20
0.0
 30
2.000000000000000E+50
 75
     0
  0
DIMASSOC
  5
81F
102
{ACAD_REACTORS
330
81E
102
}
330
81E
100
AcDbDimAssoc
330
810
 90
        3
 70
     0
 71
     0
  1
AcDbOsnapPointRef
 72
     2
331
7BB
 73
     2
 91
        0
 40
0.5
 10
0.0
 20
0.0
 30
0.0
 75
     0
  1
AcDbOsnapPointRef
 72
     1
331
6F0
 73
     2
 91
        0
 40
1.0
 10
0.0
 20
0.0
 30
2.000000000000000E+50
 75
     0
  0
LAYOUT
  5
1E
102
{ACAD_REACTORS
330
1A
102
}
330
1A
100
AcDbPlotSettings
  1

  2
none_device
  4

  6

 40
0.0
 41
0.0
 42
0.0
 43
0.0
 44
0.0
 45
0.0
 46
0.0
 47
0.0
 48
0.0
 49
0.0
140
0.0
141
0.0
142
1.0
143
1.0
 70
   688
 72
     1
 73
     0
 74
     5
  7

 75
    16
 76
     0
 77
     2
 78
   300
147
1.0
148
0.0
149
0.0
100
AcDbLayout
  1
Layout1
 70
     1
 71
     1
 10
0.0
 20
0.0
 11
420.0
 21
297.0
 12
0.0
 22
0.0
 32
0.0
 14
1.000000000000000E+20
 24
1.000000000000000E+20
 34
1.000000000000000E+20
 15
-1.000000000000000E+20
 25
-1.000000000000000E+20
 35
-1.000000000000000E+20
146
0.0
 13
0.0
 23
0.0
 33
0.0
 16
1.0
 26
0.0
 36
0.0
 17
0.0
 27
1.0
 37
0.0
 76
     0
330
1B
  0
LAYOUT
  5
26
102
{ACAD_REACTORS
330
1A
102
}
330
1A
100
AcDbPlotSettings
  1

  2
none_device
  4

  6

 40
0.0
 41
0.0
 42
0.0
 43
0.0
 44
0.0
 45
0.0
 46
0.0
 47
0.0
 48
0.0
 49
0.0
140
0.0
141
0.0
142
1.0
143
1.0
 70
   688
 72
     1
 73
     0
 74
     5
  7

 75
    16
 76
     0
 77
     2
 78
   300
147
1.0
148
0.0
149
0.0
100
AcDbLayout
  1
Layout2
 70
     1
 71
     2
 10
0.0
 20
0.0
 11
0.0
 21
0.0
 12
0.0
 22
0.0
 32
0.0
 14
0.0
 24
0.0
 34
0.0
 15
0.0
 25
0.0
 35
0.0
146
0.0
 13
0.0
 23
0.0
 33
0.0
 16
1.0
 26
0.0
 36
0.0
 17
0.0
 27
1.0
 37
0.0
 76
     0
330
23
  0
LAYOUT
  5
22
102
{ACAD_REACTORS
330
1A
102
}
330
1A
100
AcDbPlotSettings
  1

  2
none_device
  4
Letter_(8.50_x_11.00_Inches)
  6

 40
6.349999999999998
 41
6.349999999999998
 42
6.350005079999998
 43
6.350005079999998
 44
215.9
 45
279.4
 46
0.0
 47
0.0
 48
0.0
 49
0.0
140
0.0
141
0.0
142
1.0
143
1.0
 70
  1712
 72
     1
 73
     0
 74
     0
  7

 75
     0
 76
     0
 77
     2
 78
   300
147
1.0
148
0.0
149
0.0
100
AcDbLayout
  1
Model
 70
     1
 71
     0
 10
0.0
 20
0.0
 11
210.0
 21
297.0
 12
0.0
 22
0.0
 32
0.0
 14
0.0
 24
0.0
 34
0.0
 15
210.0
 25
297.0
 35
0.0
146
0.0
 13
0.0
 23
0.0
 33
0.0
 16
1.0
 26
0.0
 36
0.0
 17
0.0
 27
1.0
 37
0.0
 76
     0
330
1F
331
29
  0
MATERIAL
  5
19B
102
{ACAD_REACTORS
330
199
102
}
330
199
100
AcDbMaterial
  1
ByBlock
 72
     0
 73
     2
 77
     0
 78
     2
171
     0
172
     2
175
     0
176
     2
179
     0
270
     2
274
     2
 94
      127
  0
MATERIAL
  5
19A
102
{ACAD_REACTORS
330
199
102
}
330
199
100
AcDbMaterial
  1
ByLayer
 72
     0
 73
     2
 77
     0
 78
     2
171
     0
172
     2
175
     0
176
     2
179
     0
270
     2
274
     2
 94
      127
  0
MATERIAL
  5
19C
102
{ACAD_REACTORS
330
199
102
}
330
199
100
AcDbMaterial
  1
Global
 72
     0
 73
     2
 77
     0
 78
     2
171
     0
172
     2
175
     0
176
     2
179
     0
270
     2
274
     2
 94
      127
  0
MLEADERSTYLE
  5
1BB
102
{ACAD_REACTORS
330
1BA
330
2B9
330
2F4
330
2F5
330
2F6
330
2F7
330
37F
102
}
330
1BA
100
AcDbMLeaderStyle
179
     2
170
     2
171
     1
172
     0
 90
        2
 40
0.0
 41
0.0
173
     1
 91
-1056964608
340
14
 92
       -2
290
     1
 42
0.4
291
     1
 43
2.0
  3
Standard
 44
0.18
300

342
11
174
     1
178
     1
175
     1
176
     0
 93
-1056964608
 45
0.2
292
     0
297
     0
 46
5.0
 94
-1056964608
 47
1.0
 49
1.0
140
1.0
293
     1
141
0.0
294
     1
177
     0
142
1.0
295
     0
296
     0
143
0.125
271
     0
272
     9
273
     9
298
     0
  0
MLINESTYLE
  5
18
102
{ACAD_REACTORS
330
17
102
}
330
17
100
AcDbMlineStyle
  2
Standard
 70
     0
  3

 62
   256
 51
90.0
 52
90.0
 71
     2
 49
0.5
 62
   256
  6
BYLAYER
 49
-0.5
 62
   256
  6
BYLAYER
  0
ACDBPLACEHOLDER
  5
F
102
{ACAD_REACTORS
330
E
102
}
330
E
  0
SCALE
  5
48
102
{ACAD_REACTORS
330
47
102
}
330
47
100
AcDbScale
 70
     0
300
1:1
140
1.0
141
1.0
290
     1
  0
SCALE
  5
49
102
{ACAD_REACTORS
330
47
102
}
330
47
100
AcDbScale
 70
     0
300
1:2
140
1.0
141
2.0
290
     0
  0
SCALE
  5
4A
102
{ACAD_REACTORS
330
47
102
}
330
47
100
AcDbScale
 70
     0
300
1:4
140
1.0
141
4.0
290
     0
  0
SCALE
  5
4B
102
{ACAD_REACTORS
330
47
102
}
330
47
100
AcDbScale
 70
     0
300
1:5
140
1.0
141
5.0
290
     0
  0
SCALE
  5
4C
102
{ACAD_REACTORS
330
47
102
}
330
47
100
AcDbScale
 70
     0
300
1:8
140
1.0
141
8.0
290
     0
  0
SCALE
  5
4D
102
{ACAD_REACTORS
330
47
102
}
330
47
100
AcDbScale
 70
     0
300
1:10
140
1.0
141
10.0
290
     0
  0
SCALE
  5
4E
102
{ACAD_REACTORS
330
47
102
}
330
47
100
AcDbScale
 70
     0
300
1:16
140
1.0
141
16.0
290
     0
  0
SCALE
  5
4F
102
{ACAD_REACTORS
330
47
102
}
330
47
100
AcDbScale
 70
     0
300
1:20
140
1.0
141
20.0
290
     0
  0
SCALE
  5
50
102
{ACAD_REACTORS
330
47
102
}
330
47
100
AcDbScale
 70
     0
300
1:30
140
1.0
141
30.0
290
     0
  0
SCALE
  5
51
102
{ACAD_REACTORS
330
47
102
}
330
47
100
AcDbScale
 70
     0
300
1:40
140
1.0
141
40.0
290
     0
  0
SCALE
  5
52
102
{ACAD_REACTORS
330
47
102
}
330
47
100
AcDbScale
 70
     0
300
1:50
140
1.0
141
50.0
290
     0
  0
SCALE
  5
53
102
{ACAD_REACTORS
330
47
102
}
330
47
100
AcDbScale
 70
     0
300
1:100
140
1.0
141
100.0
290
     0
  0
SCALE
  5
54
102
{ACAD_REACTORS
330
47
102
}
330
47
100
AcDbScale
 70
     0
300
2:1
140
2.0
141
1.0
290
     0
  0
SCALE
  5
55
102
{ACAD_REACTORS
330
47
102
}
330
47
100
AcDbScale
 70
     0
300
4:1
140
4.0
141
1.0
290
     0
  0
SCALE
  5
56
102
{ACAD_REACTORS
330
47
102
}
330
47
100
AcDbScale
 70
     0
300
8:1
140
8.0
141
1.0
290
     0
  0
SCALE
  5
57
102
{ACAD_REACTORS
330
47
102
}
330
47
100
AcDbScale
 70
     0
300
10:1
140
10.0
141
1.0
290
     0
  0
SCALE
  5
58
102
{ACAD_REACTORS
330
47
102
}
330
47
100
AcDbScale
 70
     0
300
100:1
140
100.0
141
1.0
290
     0
  0
TABLESTYLE
  5
1B8
102
{ACAD_XDICTIONARY
360
2BF
102
}
102
{ACAD_REACTORS
330
1B7
102
}
330
1B7
100
AcDbTableStyle
280
     0
  3
Standard
 70
     0
 71
     0
 40
1.5
 41
1.5
280
     0
281
     0
  7
Standard
140
4.5
170
     2
 62
   256
 63
     7
283
     0
 90
      512
 91
        0
  1

274
    -2
284
     1
 64
     0
275
    -2
285
     1
 65
     0
276
    -2
286
     1
 66
     0
277
    -2
287
     1
 67
     0
278
    -2
288
     1
 68
     0
279
    -2
289
     1
 69
     0
  7
Standard
140
6.0
170
     5
 62
   256
 63
     7
283
     0
 90
      512
 91
        0
  1

274
    -2
284
     1
 64
     0
275
    -2
285
     1
 65
     0
276
    -2
286
     1
 66
     0
277
    -2
287
     1
 67
     0
278
    -2
288
     1
 68
     0
279
    -2
289
     1
 69
     0
  7
Standard
140
4.5
170
     5
 62
   256
 63
     7
283
     0
 90
      512
 91
        0
  1

274
    -2
284
     1
 64
     0
275
    -2
285
     1
 65
     0
276
    -2
286
     1
 66
     0
277
    -2
287
     1
 67
     0
278
    -2
288
     1
 68
     0
279
    -2
289
     1
 69
     0
  0
VISUALSTYLE
  5
1A2
102
{ACAD_REACTORS
330
19D
102
}
330
19D
100
AcDbVisualStyle
  2
2dWireframe
 70
     4
177
     3
291
     0
 70
    58
 90
        0
176
     1
 90
        2
176
     1
 90
        0
176
     1
 90
        0
176
     1
 40
0.6
176
     1
 40
30.0
176
     1
 62
     7
420
 16777215
176
     1
 90
        1
176
     1
 90
        4
176
     1
 62
     7
176
     1
 62
   257
176
     1
 90
        1
176
     1
 90
        1
176
     1
 40
1.0
176
     1
 90
        0
176
     1
 62
   257
176
     1
 40
1.0
176
     1
 90
        1
176
     1
 90
        6
176
     1
 90
        2
176
     1
 62
     7
176
     1
 90
        5
176
     1
 90
        0
176
     1
 90
        0
176
     1
290
     0
176
     1
 90
        1
176
     1
 40
0.0
176
     1
 90
        0
176
     1
290
     1
176
     1
290
     1
176
     1
290
     0
176
     1
290
     0
176
     1
290
     0
176
     1
290
     0
176
     1
290
     0
176
     1
290
     0
176
     1
290
     0
176
     1
 90
       50
176
     1
 40
0.0
176
     1
 40
1.0
176
     1
 90
        0
176
     1
 62
    18
420
        0
176
     1
 90
       50
176
     1
 90
        3
176
     1
 62
     5
420
      255
176
     1
290
     0
176
     1
 90
       50
176
     1
 90
       50
176
     1
 90
       50
176
     1
290
     0
176
     1
 90
       50
176
     1
 62
   256
176
     0
 40
1.0
176
     0
 90
        2
176
     1
  1
strokes_ogs.tif
176
     1
290
     0
176
     1
 40
1.0
176
     1
 40
1.0
176
     1
  0
VISUALSTYLE
  5
1A5
102
{ACAD_REACTORS
330
19D
102
}
330
19D
100
AcDbVisualStyle
  2
Basic
 70
     7
177
     3
291
     1
 70
    58
 90
        1
176
     1
 90
        0
176
     1
 90
        1
176
     1
 90
        0
176
     1
 40
0.6
176
     1
 40
30.0
176
     1
 62
     7
420
 16777215
176
     1
 90
        0
176
     1
 90
        4
176
     1
 62
     7
176
     1
 62
   257
176
     1
 90
        1
176
     1
 90
        1
176
     1
 40
1.0
176
     1
 90
        8
176
     1
 62
     7
176
     1
 40
1.0
176
     1
 90
        1
176
     1
 90
        6
176
     1
 90
        2
176
     1
 62
     7
176
     1
 90
        5
176
     1
 90
        0
176
     1
 90
        0
176
     1
290
     0
176
     1
 90
        1
176
     1
 40
0.0
176
     1
 90
        0
176
     1
290
     0
176
     1
290
     1
176
     1
290
     1
176
     1
290
     0
176
     1
290
     0
176
     1
290
     0
176
     1
290
     0
176
     1
290
     0
176
     1
290
     0
176
     1
 90
       50
176
     1
 40
0.0
176
     1
 40
1.0
176
     1
 90
        0
176
     1
 62
    18
420
        0
176
     1
 90
       50
176
     1
 90
        3
176
     1
 62
     5
420
      255
176
     1
290
     0
176
     1
 90
       50
176
     1
 90
       50
176
     1
 90
       50
176
     1
290
     0
176
     1
 90
       50
176
     1
 62
   256
176
     0
 40
1.0
176
     0
 90
        2
176
     1
  1
strokes_ogs.tif
176
     1
290
     0
176
     1
 40
1.0
176
     1
 40
1.0
176
     1
  0
VISUALSTYLE
  5
1A9
102
{ACAD_REACTORS
330
19D
102
}
330
19D
100
AcDbVisualStyle
  2
Brighten
 70
    12
177
     3
291
     1
 70
    58
 90
        2
176
     1
 90
        2
176
     1
 90
        0
176
     1
 90
        0
176
     1
 40
0.6
176
     1
 40
30.0
176
     1
 62
     7
420
 16777215
176
     1
 90
        1
176
     1
 90
        4
176
     1
 62
     7
176
     1
 62
   257
176
     1
 90
        1
176
     1
 90
        1
176
     1
 40
1.0
176
     1
 90
        8
176
     1
 62
     7
176
     1
 40
1.0
176
     1
 90
        1
176
     1
 90
        6
176
     1
 90
        2
176
     1
 62
     7
176
     1
 90
        5
176
     1
 90
        0
176
     1
 90
        0
176
     1
290
     0
176
     1
 90
        1
176
     1
 40
50.0
176
     1
 90
        0
176
     1
290
     0
176
     1
290
     1
176
     1
290
     1
176
     1
290
     0
176
     1
290
     0
176
     1
290
     0
176
     1
290
     0
176
     1
290
     0
176
     1
290
     0
176
     1
 90
       50
176
     1
 40
0.0
176
     1
 40
1.0
176
     1
 90
        0
176
     1
 62
    18
420
        0
176
     1
 90
       50
176
     1
 90
        3
176
     1
 62
     5
420
      255
176
     1
290
     0
176
     1
 90
       50
176
     1
 90
       50
176
     1
 90
       50
176
     1
290
     0
176
     1
 90
       50
176
     1
 62
   256
176
     0
 40
1.0
176
     0
 90
        2
176
     1
  1
strokes_ogs.tif
176
     1
290
     0
176
     1
 40
1.0
176
     1
 40
1.0
176
     1
  0
VISUALSTYLE
  5
1AD
102
{ACAD_REACTORS
330
19D
102
}
330
19D
100
AcDbVisualStyle
  2
ColorChange
 70
    16
177
     3
291
     1
 70
    58
 90
        2
176
     1
 90
        2
176
     1
 90
        3
176
     1
 90
        0
176
     1
 40
0.6
176
     1
 40
30.0
176
     1
 62
     8
420
  8421504
176
     1
 90
        1
176
     1
 90
        4
176
     1
 62
     7
176
     1
 62
   257
176
     1
 90
        1
176
     1
 90
        1
176
     1
 40
1.0
176
     1
 90
        8
176
     1
 62
     8
420
  8421504
176
     1
 40
1.0
176
     1
 90
        1
176
     1
 90
        6
176
     1
 90
        2
176
     1
 62
     7
176
     1
 90
        5
176
     1
 90
        0
176
     1
 90
        0
176
     1
290
     0
176
     1
 90
        1
176
     1
 40
0.0
176
     1
 90
        0
176
     1
290
     0
176
     1
290
     1
176
     1
290
     1
176
     1
290
     0
176
     1
290
     0
176
     1
290
     0
176
     1
290
     0
176
     1
290
     0
176
     1
290
     0
176
     1
 90
       50
176
     1
 40
0.0
176
     1
 40
1.0
176
     1
 90
        0
176
     1
 62
    18
420
        0
176
     1
 90
       50
176
     1
 90
        3
176
     1
 62
     5
420
      255
176
     1
290
     0
176
     1
 90
       50
176
     1
 90
       50
176
     1
 90
       50
176
     1
290
     0
176
     1
 90
       50
176
     1
 62
   256
176
     0
 40
1.0
176
     0
 90
        2
176
     1
  1
strokes_ogs.tif
176
     1
290
     0
176
     1
 40
1.0
176
     1
 40
1.0
176
     1
  0
VISUALSTYLE
  5
1A7
102
{ACAD_REACTORS
330
19D
102
}
330
19D
100
AcDbVisualStyle
  2
Conceptual
 70
     9
177
     3
291
     0
 70
    58
 90
        3
176
     1
 90
        2
176
     1
 90
        0
176
     1
 90
        0
176
     1
 40
0.6
176
     1
 40
30.0
176
     1
 62
     7
420
 16777215
176
     1
 90
        2
176
     1
 90
        2
176
     1
 62
     7
176
     1
 62
   257
176
     1
 90
        1
176
     1
 90
        1
176
     1
 40
179.0
176
     1
 90
        8
176
     1
 62
     7
176
     1
 40
1.0
176
     1
 90
        1
176
     1
 90
        6
176
     1
 90
        2
176
     1
 62
     7
176
     1
 90
        3
176
     1
 90
        0
176
     1
 90
        0
176
     1
290
     0
176
     1
 90
        1
176
     1
 40
0.0
176
     1
 90
        0
176
     1
290
     0
176
     1
290
     1
176
     1
290
     1
176
     1
290
     0
176
     1
290
     0
176
     1
290
     0
176
     1
290
     0
176
     1
290
     0
176
     1
290
     0
176
     1
 90
       50
176
     1
 40
0.0
176
     1
 40
1.0
176
     1
 90
        0
176
     1
 62
    18
420
        0
176
     1
 90
       50
176
     1
 90
        3
176
     1
 62
     5
420
      255
176
     1
290
     0
176
     1
 90
       50
176
     1
 90
       50
176
     1
 90
       50
176
     1
290
     0
176
     1
 90
       50
176
     1
 62
   256
176
     0
 40
1.0
176
     0
 90
        2
176
     1
  1
strokes_ogs.tif
176
     1
290
     0
176
     1
 40
1.0
176
     1
 40
1.0
176
     1
  0
VISUALSTYLE
  5
1A8
102
{ACAD_REACTORS
330
19D
102
}
330
19D
100
AcDbVisualStyle
  2
Dim
 70
    11
177
     3
291
     1
 70
    58
 90
        2
176
     1
 90
        2
176
     1
 90
        0
176
     1
 90
        0
176
     1
 40
0.6
176
     1
 40
30.0
176
     1
 62
     7
420
 16777215
176
     1
 90
        1
176
     1
 90
        4
176
     1
 62
     7
176
     1
 62
   257
176
     1
 90
        1
176
     1
 90
        1
176
     1
 40
1.0
176
     1
 90
        8
176
     1
 62
     7
176
     1
 40
1.0
176
     1
 90
        1
176
     1
 90
        6
176
     1
 90
        2
176
     1
 62
     7
176
     1
 90
        5
176
     1
 90
        0
176
     1
 90
        0
176
     1
290
     0
176
     1
 90
        1
176
     1
 40
-50.0
176
     1
 90
        0
176
     1
290
     0
176
     1
290
     1
176
     1
290
     1
176
     1
290
     0
176
     1
290
     0
176
     1
290
     0
176
     1
290
     0
176
     1
290
     0
176
     1
290
     0
176
     1
 90
       50
176
     1
 40
0.0
176
     1
 40
1.0
176
     1
 90
        0
176
     1
 62
    18
420
        0
176
     1
 90
       50
176
     1
 90
        3
176
     1
 62
     5
420
      255
176
     1
290
     0
176
     1
 90
       50
176
     1
 90
       50
176
     1
 90
       50
176
     1
290
     0
176
     1
 90
       50
176
     1
 62
   256
176
     0
 40
1.0
176
     0
 90
        2
176
     1
  1
strokes_ogs.tif
176
     1
290
     0
176
     1
 40
1.0
176
     1
 40
1.0
176
     1
  0
VISUALSTYLE
  5
1B0
102
{ACAD_REACTORS
330
19D
102
}
330
19D
100
AcDbVisualStyle
  2
EdgeColorOff
 70
    22
177
     3
291
     1
 70
    58
 90
        2
176
     0
 90
        2
176
     0
 90
        0
176
     0
 90
        0
176
     0
 40
0.6
176
     0
 40
30.0
176
     0
 62
     7
420
 16777215
176
     0
 90
        1
176
     0
 90
        4
176
     0
 62
     7
176
     0
 62
   257
176
     0
 90
        1
176
     0
 90
        1
176
     0
 40
1.0
176
     0
 90
        8
176
     2
 62
     7
176
     0
 40
1.0
176
     0
 90
        1
176
     0
 90
        6
176
     0
 90
        2
176
     0
 62
     7
176
     0
 90
        5
176
     0
 90
        0
176
     0
 90
        0
176
     0
290
     0
176
     0
 90
        1
176
     0
 40
0.0
176
     0
 90
        0
176
     0
290
     0
176
     0
290
     1
176
     0
290
     1
176
     0
290
     0
176
     0
290
     0
176
     0
290
     0
176
     0
290
     0
176
     0
290
     0
176
     0
290
     0
176
     0
 90
       50
176
     0
 40
0.0
176
     0
 40
1.0
176
     0
 90
        0
176
     0
 62
    18
420
        0
176
     0
 90
       50
176
     0
 90
        3
176
     0
 62
     5
420
      255
176
     0
290
     0
176
     0
 90
       50
176
     0
 90
       50
176
     0
 90
       50
176
     0
290
     0
176
     0
 90
       50
176
     0
 62
   256
176
     0
 40
1.0
176
     0
 90
        2
176
     0
  1
strokes_ogs.tif
176
     0
290
     0
176
     0
 40
1.0
176
     0
 40
1.0
176
     0
  0
VISUALSTYLE
  5
1AC
102
{ACAD_REACTORS
330
19D
102
}
330
19D
100
AcDbVisualStyle
  2
Facepattern
 70
    15
177
     3
291
     1
 70
    58
 90
        2
176
     1
 90
        2
176
     1
 90
        0
176
     1
 90
        0
176
     1
 40
0.6
176
     1
 40
30.0
176
     1
 62
     7
420
 16777215
176
     1
 90
        1
176
     1
 90
        4
176
     1
 62
     7
176
     1
 62
   257
176
     1
 90
        1
176
     1
 90
        1
176
     1
 40
1.0
176
     1
 90
        8
176
     1
 62
     7
176
     1
 40
1.0
176
     1
 90
        1
176
     1
 90
        6
176
     1
 90
        2
176
     1
 62
     7
176
     1
 90
        5
176
     1
 90
        0
176
     1
 90
        0
176
     1
290
     0
176
     1
 90
        1
176
     1
 40
0.0
176
     1
 90
        0
176
     1
290
     0
176
     1
290
     1
176
     1
290
     1
176
     1
290
     0
176
     1
290
     0
176
     1
290
     0
176
     1
290
     0
176
     1
290
     0
176
     1
290
     0
176
     1
 90
       50
176
     1
 40
0.0
176
     1
 40
1.0
176
     1
 90
        0
176
     1
 62
    18
420
        0
176
     1
 90
       50
176
     1
 90
        3
176
     1
 62
     5
420
      255
176
     1
290
     0
176
     1
 90
       50
176
     1
 90
       50
176
     1
 90
       50
176
     1
290
     0
176
     1
 90
       50
176
     1
 62
   256
176
     0
 40
1.0
176
     0
 90
        2
176
     1
  1
strokes_ogs.tif
176
     1
290
     0
176
     1
 40
1.0
176
     1
 40
1.0
176
     1
  0
VISUALSTYLE
  5
19E
102
{ACAD_REACTORS
330
19D
102
}
330
19D
100
AcDbVisualStyle
  2
Flat
 70
     0
177
     3
291
     1
 70
    58
 90
        2
176
     1
 90
        1
176
     1
 90
        1
176
     1
 90
        2
176
     1
 40
0.6
176
     1
 40
30.0
176
     1
 62
     7
420
 16777215
176
     1
 90
        0
176
     1
 90
        0
176
     1
 62
     7
176
     1
 62
   257
176
     1
 90
        1
176
     1
 90
        1
176
     1
 40
1.0
176
     1
 90
        8
176
     1
 62
     7
176
     1
 40
1.0
176
     1
 90
        1
176
     1
 90
        6
176
     1
 90
        2
176
     1
 62
     7
176
     1
 90
        5
176
     1
 90
        0
176
     1
 90
        0
176
     1
290
     0
176
     1
 90
       13
176
     1
 40
0.0
176
     1
 90
        0
176
     1
290
     0
176
     1
290
     1
176
     1
290
     1
176
     1
290
     0
176
     1
290
     0
176
     1
290
     0
176
     1
290
     0
176
     1
290
     0
176
     1
290
     0
176
     1
 90
       50
176
     1
 40
0.0
176
     1
 40
1.0
176
     1
 90
        0
176
     1
 62
    18
420
        0
176
     1
 90
       50
176
     1
 90
        3
176
     1
 62
     5
420
      255
176
     1
290
     0
176
     1
 90
       50
176
     1
 90
       50
176
     1
 90
       50
176
     1
290
     0
176
     1
 90
       50
176
     1
 62
   256
176
     0
 40
1.0
176
     0
 90
        2
176
     1
  1
strokes_ogs.tif
176
     1
290
     0
176
     1
 40
1.0
176
     1
 40
1.0
176
     1
  0
VISUALSTYLE
  5
19F
102
{ACAD_REACTORS
330
19D
102
}
330
19D
100
AcDbVisualStyle
  2
FlatWithEdges
 70
     1
177
     3
291
     1
 70
    58
 90
        2
176
     1
 90
        1
176
     1
 90
        1
176
     1
 90
        2
176
     1
 40
0.6
176
     1
 40
30.0
176
     1
 62
     7
420
 16777215
176
     1
 90
        1
176
     1
 90
        0
176
     1
 62
     7
176
     1
 62
   257
176
     1
 90
        1
176
     1
 90
        1
176
     1
 40
1.0
176
     1
 90
        0
176
     1
 62
   257
176
     1
 40
1.0
176
     1
 90
        1
176
     1
 90
        6
176
     1
 90
        2
176
     1
 62
     7
176
     1
 90
        5
176
     1
 90
        0
176
     1
 90
        0
176
     1
290
     0
176
     1
 90
       13
176
     1
 40
0.0
176
     1
 90
        0
176
     1
290
     0
176
     1
290
     1
176
     1
290
     1
176
     1
290
     0
176
     1
290
     0
176
     1
290
     0
176
     1
290
     0
176
     1
290
     0
176
     1
290
     0
176
     1
 90
       50
176
     1
 40
0.0
176
     1
 40
1.0
176
     1
 90
        0
176
     1
 62
    18
420
        0
176
     1
 90
       50
176
     1
 90
        3
176
     1
 62
     5
420
      255
176
     1
290
     0
176
     1
 90
       50
176
     1
 90
       50
176
     1
 90
       50
176
     1
290
     0
176
     1
 90
       50
176
     1
 62
   256
176
     0
 40
1.0
176
     0
 90
        2
176
     1
  1
strokes_ogs.tif
176
     1
290
     0
176
     1
 40
1.0
176
     1
 40
1.0
176
     1
  0
VISUALSTYLE
  5
1A0
102
{ACAD_REACTORS
330
19D
102
}
330
19D
100
AcDbVisualStyle
  2
Gouraud
 70
     2
177
     3
291
     1
 70
    58
 90
        2
176
     1
 90
        2
176
     1
 90
        1
176
     1
 90
        2
176
     1
 40
0.6
176
     1
 40
30.0
176
     1
 62
     7
420
 16777215
176
     1
 90
        0
176
     1
 90
        0
176
     1
 62
     7
176
     1
 62
   257
176
     1
 90
        1
176
     1
 90
        1
176
     1
 40
1.0
176
     1
 90
        0
176
     1
 62
     7
176
     1
 40
1.0
176
     1
 90
        1
176
     1
 90
        6
176
     1
 90
        2
176
     1
 62
     7
176
     1
 90
        5
176
     1
 90
        0
176
     1
 90
        0
176
     1
290
     0
176
     1
 90
       13
176
     1
 40
0.0
176
     1
 90
        0
176
     1
290
     0
176
     1
290
     1
176
     1
290
     1
176
     1
290
     0
176
     1
290
     0
176
     1
290
     0
176
     1
290
     0
176
     1
290
     0
176
     1
290
     0
176
     1
 90
       50
176
     1
 40
0.0
176
     1
 40
1.0
176
     1
 90
        0
176
     1
 62
    18
420
        0
176
     1
 90
       50
176
     1
 90
        3
176
     1
 62
     5
420
      255
176
     1
290
     0
176
     1
 90
       50
176
     1
 90
       50
176
     1
 90
       50
176
     1
290
     0
176
     1
 90
       50
176
     1
 62
   256
176
     0
 40
1.0
176
     0
 90
        2
176
     1
  1
strokes_ogs.tif
176
     1
290
     0
176
     1
 40
1.0
176
     1
 40
1.0
176
     1
  0
VISUALSTYLE
  5
1A1
102
{ACAD_REACTORS
330
19D
102
}
330
19D
100
AcDbVisualStyle
  2
GouraudWithEdges
 70
     3
177
     3
291
     1
 70
    58
 90
        2
176
     1
 90
        2
176
     1
 90
        1
176
     1
 90
        2
176
     1
 40
0.6
176
     1
 40
30.0
176
     1
 62
     7
420
 16777215
176
     1
 90
        1
176
     1
 90
        0
176
     1
 62
     7
176
     1
 62
   257
176
     1
 90
        1
176
     1
 90
        1
176
     1
 40
1.0
176
     1
 90
        0
176
     1
 62
   257
176
     1
 40
1.0
176
     1
 90
        1
176
     1
 90
        6
176
     1
 90
        2
176
     1
 62
     7
176
     1
 90
        5
176
     1
 90
        0
176
     1
 90
        0
176
     1
290
     0
176
     1
 90
       13
176
     1
 40
0.0
176
     1
 90
        0
176
     1
290
     0
176
     1
290
     1
176
     1
290
     1
176
     1
290
     0
176
     1
290
     0
176
     1
290
     0
176
     1
290
     0
176
     1
290
     0
176
     1
290
     0
176
     1
 90
       50
176
     1
 40
0.0
176
     1
 40
1.0
176
     1
 90
        0
176
     1
 62
    18
420
        0
176
     1
 90
       50
176
     1
 90
        3
176
     1
 62
     5
420
      255
176
     1
290
     0
176
     1
 90
       50
176
     1
 90
       50
176
     1
 90
       50
176
     1
290
     0
176
     1
 90
       50
176
     1
 62
   256
176
     0
 40
1.0
176
     0
 90
        2
176
     1
  1
strokes_ogs.tif
176
     1
290
     0
176
     1
 40
1.0
176
     1
 40
1.0
176
     1
  0
VISUALSTYLE
  5
1A4
102
{ACAD_REACTORS
330
19D
102
}
330
19D
100
AcDbVisualStyle
  2
Hidden
 70
     6
177
     3
291
     0
 70
    58
 90
        1
176
     1
 90
        2
176
     1
 90
        2
176
     1
 90
        0
176
     1
 40
0.6
176
     1
 40
30.0
176
     1
 62
     7
420
 16777215
176
     1
 90
        2
176
     1
 90
        2
176
     1
 62
     7
176
     1
 62
   257
176
     1
 90
        2
176
     1
 90
        1
176
     1
 40
40.0
176
     1
 90
        0
176
     1
 62
   257
176
     1
 40
1.0
176
     1
 90
        1
176
     1
 90
        6
176
     1
 90
        2
176
     1
 62
     7
176
     1
 90
        3
176
     1
 90
        0
176
     1
 90
        0
176
     1
290
     0
176
     1
 90
        1
176
     1
 40
0.0
176
     1
 90
        0
176
     1
290
     0
176
     1
290
     1
176
     1
290
     1
176
     1
290
     0
176
     1
290
     0
176
     1
290
     0
176
     1
290
     0
176
     1
290
     0
176
     1
290
     0
176
     1
 90
       50
176
     1
 40
0.0
176
     1
 40
1.0
176
     1
 90
        0
176
     1
 62
    18
420
        0
176
     1
 90
       50
176
     1
 90
        3
176
     1
 62
     5
420
      255
176
     1
290
     0
176
     1
 90
       50
176
     1
 90
       50
176
     1
 90
       50
176
     1
290
     0
176
     1
 90
       50
176
     1
 62
   256
176
     0
 40
1.0
176
     0
 90
        2
176
     1
  1
strokes_ogs.tif
176
     1
290
     0
176
     1
 40
1.0
176
     1
 40
1.0
176
     1
  0
VISUALSTYLE
  5
1AE
102
{ACAD_REACTORS
330
19D
102
}
330
19D
100
AcDbVisualStyle
  2
JitterOff
 70
    20
177
     3
291
     1
 70
    58
 90
        2
176
     0
 90
        2
176
     0
 90
        0
176
     0
 90
        0
176
     0
 40
0.6
176
     0
 40
30.0
176
     0
 62
     7
420
 16777215
176
     0
 90
        1
176
     0
 90
        4
176
     0
 62
     7
176
     0
 62
   257
176
     0
 90
        1
176
     0
 90
        1
176
     0
 40
1.0
176
     0
 90
       10
176
     2
 62
     7
176
     0
 40
1.0
176
     0
 90
        1
176
     0
 90
        6
176
     0
 90
        2
176
     0
 62
     7
176
     0
 90
        5
176
     0
 90
        0
176
     0
 90
        0
176
     0
290
     0
176
     0
 90
        1
176
     0
 40
0.0
176
     0
 90
        0
176
     0
290
     0
176
     0
290
     1
176
     0
290
     1
176
     0
290
     0
176
     0
290
     0
176
     0
290
     0
176
     0
290
     0
176
     0
290
     0
176
     0
290
     0
176
     0
 90
       50
176
     0
 40
0.0
176
     0
 40
1.0
176
     0
 90
        0
176
     0
 62
    18
420
        0
176
     0
 90
       50
176
     0
 90
        3
176
     0
 62
     5
420
      255
176
     0
290
     0
176
     0
 90
       50
176
     0
 90
       50
176
     0
 90
       50
176
     0
290
     0
176
     0
 90
       50
176
     0
 62
   256
176
     0
 40
1.0
176
     0
 90
        2
176
     0
  1
strokes_ogs.tif
176
     0
290
     0
176
     0
 40
1.0
176
     0
 40
1.0
176
     0
  0
VISUALSTYLE
  5
1AB
102
{ACAD_REACTORS
330
19D
102
}
330
19D
100
AcDbVisualStyle
  2
Linepattern
 70
    14
177
     3
291
     1
 70
    58
 90
        2
176
     1
 90
        2
176
     1
 90
        0
176
     1
 90
        0
176
     1
 40
0.6
176
     1
 40
30.0
176
     1
 62
     7
420
 16777215
176
     1
 90
        1
176
     1
 90
        4
176
     1
 62
     7
176
     1
 62
   257
176
     1
 90
        7
176
     1
 90
        7
176
     1
 40
1.0
176
     1
 90
        8
176
     1
 62
     7
176
     1
 40
1.0
176
     1
 90
        1
176
     1
 90
        6
176
     1
 90
        2
176
     1
 62
     7
176
     1
 90
        5
176
     1
 90
        0
176
     1
 90
        0
176
     1
290
     0
176
     1
 90
        1
176
     1
 40
0.0
176
     1
 90
        0
176
     1
290
     0
176
     1
290
     1
176
     1
290
     1
176
     1
290
     0
176
     1
290
     0
176
     1
290
     0
176
     1
290
     0
176
     1
290
     0
176
     1
290
     0
176
     1
 90
       50
176
     1
 40
0.0
176
     1
 40
1.0
176
     1
 90
        0
176
     1
 62
    18
420
        0
176
     1
 90
       50
176
     1
 90
        3
176
     1
 62
     5
420
      255
176
     1
290
     0
176
     1
 90
       50
176
     1
 90
       50
176
     1
 90
       50
176
     1
290
     0
176
     1
 90
       50
176
     1
 62
   256
176
     0
 40
1.0
176
     0
 90
        2
176
     1
  1
strokes_ogs.tif
176
     1
290
     0
176
     1
 40
1.0
176
     1
 40
1.0
176
     1
  0
VISUALSTYLE
  5
1AF
102
{ACAD_REACTORS
330
19D
102
}
330
19D
100
AcDbVisualStyle
  2
OverhangOff
 70
    21
177
     3
291
     1
 70
    58
 90
        2
176
     0
 90
        2
176
     0
 90
        0
176
     0
 90
        0
176
     0
 40
0.6
176
     0
 40
30.0
176
     0
 62
     7
420
 16777215
176
     0
 90
        1
176
     0
 90
        4
176
     0
 62
     7
176
     0
 62
   257
176
     0
 90
        1
176
     0
 90
        1
176
     0
 40
1.0
176
     0
 90
        9
176
     2
 62
     7
176
     0
 40
1.0
176
     0
 90
        1
176
     0
 90
        6
176
     0
 90
        2
176
     0
 62
     7
176
     0
 90
        5
176
     0
 90
        0
176
     0
 90
        0
176
     0
290
     0
176
     0
 90
        1
176
     0
 40
0.0
176
     0
 90
        0
176
     0
290
     0
176
     0
290
     1
176
     0
290
     1
176
     0
290
     0
176
     0
290
     0
176
     0
290
     0
176
     0
290
     0
176
     0
290
     0
176
     0
290
     0
176
     0
 90
       50
176
     0
 40
0.0
176
     0
 40
1.0
176
     0
 90
        0
176
     0
 62
    18
420
        0
176
     0
 90
       50
176
     0
 90
        3
176
     0
 62
     5
420
      255
176
     0
290
     0
176
     0
 90
       50
176
     0
 90
       50
176
     0
 90
       50
176
     0
290
     0
176
     0
 90
       50
176
     0
 62
   256
176
     0
 40
1.0
176
     0
 90
        2
176
     0
  1
strokes_ogs.tif
176
     0
290
     0
176
     0
 40
1.0
176
     0
 40
1.0
176
     0
  0
VISUALSTYLE
  5
1A6
102
{ACAD_REACTORS
330
19D
102
}
330
19D
100
AcDbVisualStyle
  2
Realistic
 70
     8
177
     3
291
     0
 70
    58
 90
        2
176
     1
 90
        3
176
     1
 90
        0
176
     1
 90
        2
176
     1
 40
0.6
176
     1
 40
30.0
176
     1
 62
     7
420
 16777215
176
     1
 90
        0
176
     1
 90
        0
176
     1
 62
     7
176
     1
 62
   257
176
     1
 90
        1
176
     1
 90
        1
176
     1
 40
1.0
176
     1
 90
        8
176
     1
 62
   257
176
     1
 40
1.0
176
     1
 90
        1
176
     1
 90
        6
176
     1
 90
        2
176
     1
 62
     7
176
     1
 90
        3
176
     1
 90
        0
176
     1
 90
        0
176
     1
290
     0
176
     1
 90
       13
176
     1
 40
0.0
176
     1
 90
        0
176
     1
290
     0
176
     1
290
     1
176
     1
290
     1
176
     1
290
     0
176
     1
290
     0
176
     1
290
     0
176
     1
290
     0
176
     1
290
     0
176
     1
290
     0
176
     1
 90
       50
176
     1
 40
0.0
176
     1
 40
1.0
176
     1
 90
        0
176
     1
 62
    18
420
        0
176
     1
 90
       50
176
     1
 90
        3
176
     1
 62
     5
420
      255
176
     1
290
     0
176
     1
 90
       50
176
     1
 90
       50
176
     1
 90
       50
176
     1
290
     0
176
     1
 90
       50
176
     1
 62
   256
176
     0
 40
1.0
176
     0
 90
        2
176
     1
  1
strokes_ogs.tif
176
     1
290
     0
176
     1
 40
1.0
176
     1
 40
1.0
176
     1
  0
VISUALSTYLE
  5
1B5
102
{ACAD_REACTORS
330
19D
102
}
330
19D
100
AcDbVisualStyle
  2
Shaded
 70
    27
177
     3
291
     0
 70
    58
 90
        2
176
     1
 90
        2
176
     1
 90
        1
176
     1
 90
        2
176
     1
 40
0.6
176
     1
 40
30.0
176
     1
 62
     7
420
 16777215
176
     1
 90
        0
176
     1
 90
        4
176
     1
 62
     7
176
     1
 62
   257
176
     1
 90
        1
176
     1
 90
        1
176
     1
 40
1.0
176
     1
 90
        8
176
     1
 62
   257
176
     1
 40
1.0
176
     1
 90
        1
176
     1
 90
        6
176
     1
 90
        2
176
     1
 62
     8
420
  7895160
176
     1
 90
        3
176
     1
 90
        0
176
     1
 90
        0
176
     1
290
     0
176
     1
 90
        5
176
     1
 40
0.0
176
     1
 90
        0
176
     1
290
     0
176
     1
290
     1
176
     1
290
     1
176
     1
290
     0
176
     1
290
     0
176
     1
290
     0
176
     1
290
     0
176
     1
290
     0
176
     1
290
     0
176
     1
 90
       50
176
     1
 40
0.0
176
     1
 40
1.0
176
     1
 90
        0
176
     1
 62
    18
420
        0
176
     1
 90
       50
176
     1
 90
        3
176
     1
 62
     5
420
      255
176
     1
290
     0
176
     1
 90
       50
176
     1
 90
       50
176
     1
 90
       50
176
     1
290
     0
176
     1
 90
       50
176
     1
 62
   256
176
     0
 40
1.0
176
     0
 90
        2
176
     1
  1
strokes_ogs.tif
176
     1
290
     0
176
     1
 40
1.0
176
     1
 40
1.0
176
     1
  0
VISUALSTYLE
  5
1B4
102
{ACAD_REACTORS
330
19D
102
}
330
19D
100
AcDbVisualStyle
  2
Shaded with edges
 70
    26
177
     3
291
     0
 70
    58
 90
        2
176
     1
 90
        2
176
     1
 90
        1
176
     1
 90
        2
176
     1
 40
0.6
176
     1
 40
30.0
176
     1
 62
     7
420
 16777215
176
     1
 90
        1
176
     1
 90
       10
176
     1
 62
     7
176
     1
 62
   257
176
     1
 90
        2
176
     1
 90
        1
176
     1
 40
1.0
176
     1
 90
        8
176
     1
 62
   257
176
     1
 40
1.0
176
     1
 90
        1
176
     1
 90
        6
176
     1
 90
        2
176
     1
 62
     7
176
     1
 90
        3
176
     1
 90
        0
176
     1
 90
        0
176
     1
290
     0
176
     1
 90
        5
176
     1
 40
0.0
176
     1
 90
        0
176
     1
290
     0
176
     1
290
     1
176
     1
290
     1
176
     1
290
     0
176
     1
290
     0
176
     1
290
     0
176
     1
290
     0
176
     1
290
     0
176
     1
290
     0
176
     1
 90
       50
176
     1
 40
0.0
176
     1
 40
1.0
176
     1
 90
        0
176
     1
 62
    18
420
        0
176
     1
 90
       50
176
     1
 90
        3
176
     1
 62
     5
420
      255
176
     1
290
     0
176
     1
 90
       50
176
     1
 90
       50
176
     1
 90
       50
176
     1
290
     0
176
     1
 90
       50
176
     1
 62
   256
176
     0
 40
1.0
176
     0
 90
        2
176
     1
  1
strokes_ogs.tif
176
     1
290
     0
176
     1
 40
1.0
176
     1
 40
1.0
176
     1
  0
VISUALSTYLE
  5
1B1
102
{ACAD_REACTORS
330
19D
102
}
330
19D
100
AcDbVisualStyle
  2
Shades of Gray
 70
    23
177
     3
291
     0
 70
    58
 90
        2
176
     1
 90
        2
176
     1
 90
        3
176
     1
 90
        0
176
     1
 40
0.6
176
     1
 40
30.0
176
     1
 62
     7
420
 16777215
176
     1
 90
        2
176
     1
 90
        2
176
     1
 62
     7
176
     1
 62
     7
176
     1
 90
        1
176
     1
 90
        1
176
     1
 40
40.0
176
     1
 90
        8
176
     1
 62
     7
176
     1
 40
1.0
176
     1
 90
        1
176
     1
 90
        6
176
     1
 90
        2
176
     1
 62
     7
176
     1
 90
        3
176
     1
 90
        0
176
     1
 90
        0
176
     1
290
     0
176
     1
 90
        1
176
     1
 40
0.0
176
     1
 90
        0
176
     1
290
     0
176
     1
290
     1
176
     1
290
     1
176
     1
290
     0
176
     1
290
     0
176
     1
290
     0
176
     1
290
     0
176
     1
290
     0
176
     1
290
     0
176
     1
 90
       50
176
     1
 40
0.0
176
     1
 40
1.0
176
     1
 90
        0
176
     1
 62
    18
420
        0
176
     1
 90
       50
176
     1
 90
        3
176
     1
 62
     5
420
      255
176
     1
290
     0
176
     1
 90
       50
176
     1
 90
       50
176
     1
 90
       50
176
     1
290
     0
176
     1
 90
       50
176
     1
 62
   256
176
     0
 40
1.0
176
     0
 90
        2
176
     1
  1
strokes_ogs.tif
176
     1
290
     0
176
     1
 40
1.0
176
     1
 40
1.0
176
     1
  0
VISUALSTYLE
  5
1B2
102
{ACAD_REACTORS
330
19D
102
}
330
19D
100
AcDbVisualStyle
  2
Sketchy
 70
    24
177
     3
291
     0
 70
    58
 90
        1
176
     1
 90
        2
176
     1
 90
        2
176
     1
 90
        0
176
     1
 40
0.6
176
     1
 40
30.0
176
     1
 62
     7
420
 16777215
176
     1
 90
        2
176
     1
 90
        2
176
     1
 62
     7
176
     1
 62
     7
176
     1
 90
        1
176
     1
 90
        1
176
     1
 40
40.0
176
     1
 90
       11
176
     1
 62
     7
176
     1
 40
1.0
176
     1
 90
        1
176
     1
 90
        6
176
     1
 90
        2
176
     1
 62
     7
176
     1
 90
        6
176
     1
 90
        0
176
     1
 90
        0
176
     1
290
     0
176
     1
 90
        1
176
     1
 40
0.0
176
     1
 90
        0
176
     1
290
     0
176
     1
290
     1
176
     1
290
     1
176
     1
290
     0
176
     1
290
     0
176
     1
290
     0
176
     1
290
     0
176
     1
290
     0
176
     1
290
     0
176
     1
 90
       50
176
     1
 40
0.0
176
     1
 40
1.0
176
     1
 90
        0
176
     1
 62
    18
420
        0
176
     1
 90
       50
176
     1
 90
        3
176
     1
 62
     5
420
      255
176
     1
290
     0
176
     1
 90
       50
176
     1
 90
       50
176
     1
 90
       50
176
     1
290
     0
176
     1
 90
       50
176
     1
 62
   256
176
     0
 40
1.0
176
     0
 90
        2
176
     1
  1
strokes_ogs.tif
176
     1
290
     0
176
     1
 40
1.0
176
     1
 40
1.0
176
     1
  0
VISUALSTYLE
  5
1AA
102
{ACAD_REACTORS
330
19D
102
}
330
19D
100
AcDbVisualStyle
  2
Thicken
 70
    13
177
     3
291
     1
 70
    58
 90
        2
176
     1
 90
        2
176
     1
 90
        0
176
     1
 90
        0
176
     1
 40
0.6
176
     1
 40
30.0
176
     1
 62
     7
420
 16777215
176
     1
 90
        1
176
     1
 90
        4
176
     1
 62
     7
176
     1
 62
   257
176
     1
 90
        1
176
     1
 90
        1
176
     1
 40
1.0
176
     1
 90
       12
176
     1
 62
     7
176
     1
 40
1.0
176
     1
 90
        1
176
     1
 90
        6
176
     1
 90
        2
176
     1
 62
     7
176
     1
 90
        5
176
     1
 90
        0
176
     1
 90
        0
176
     1
290
     0
176
     1
 90
        1
176
     1
 40
0.0
176
     1
 90
        0
176
     1
290
     0
176
     1
290
     1
176
     1
290
     1
176
     1
290
     0
176
     1
290
     0
176
     1
290
     0
176
     1
290
     0
176
     1
290
     0
176
     1
290
     0
176
     1
 90
       50
176
     1
 40
0.0
176
     1
 40
1.0
176
     1
 90
        0
176
     1
 62
    18
420
        0
176
     1
 90
       50
176
     1
 90
        3
176
     1
 62
     5
420
      255
176
     1
290
     0
176
     1
 90
       50
176
     1
 90
       50
176
     1
 90
       50
176
     1
290
     0
176
     1
 90
       50
176
     1
 62
   256
176
     0
 40
1.0
176
     0
 90
        2
176
     1
  1
strokes_ogs.tif
176
     1
290
     0
176
     1
 40
1.0
176
     1
 40
1.0
176
     1
  0
VISUALSTYLE
  5
1A3
102
{ACAD_REACTORS
330
19D
102
}
330
19D
100
AcDbVisualStyle
  2
Wireframe
 70
     5
177
     3
291
     0
 70
    58
 90
        0
176
     1
 90
        2
176
     1
 90
        0
176
     1
 90
        0
176
     1
 40
0.6
176
     1
 40
30.0
176
     1
 62
     7
420
 16777215
176
     1
 90
        1
176
     1
 90
        4
176
     1
 62
     7
176
     1
 62
   257
176
     1
 90
        1
176
     1
 90
        1
176
     1
 40
1.0
176
     1
 90
        0
176
     1
 62
   257
176
     1
 40
1.0
176
     1
 90
        1
176
     1
 90
        6
176
     1
 90
        2
176
     1
 62
     7
176
     1
 90
        3
176
     1
 90
        0
176
     1
 90
        0
176
     1
290
     0
176
     1
 90
        1
176
     1
 40
0.0
176
     1
 90
        0
176
     1
290
     0
176
     1
290
     1
176
     1
290
     1
176
     1
290
     0
176
     1
290
     0
176
     1
290
     0
176
     1
290
     0
176
     1
290
     0
176
     1
290
     0
176
     1
 90
       50
176
     1
 40
0.0
176
     1
 40
1.0
176
     1
 90
        0
176
     1
 62
    18
420
        0
176
     1
 90
       50
176
     1
 90
        3
176
     1
 62
     5
420
      255
176
     1
290
     0
176
     1
 90
       50
176
     1
 90
       50
176
     1
 90
       50
176
     1
290
     0
176
     1
 90
       50
176
     1
 62
   256
176
     0
 40
1.0
176
     0
 90
        2
176
     1
  1
strokes_ogs.tif
176
     1
290
     0
176
     1
 40
1.0
176
     1
 40
1.0
176
     1
  0
VISUALSTYLE
  5
1B3
102
{ACAD_REACTORS
330
19D
102
}
330
19D
100
AcDbVisualStyle
  2
X-Ray
 70
    25
177
     3
291
     0
 70
    58
 90
        2
176
     1
 90
        2
176
     1
 90
        1
176
     1
 90
        1
176
     1
 40
0.5
176
     1
 40
30.0
176
     1
 62
     7
420
 16777215
176
     1
 90
        1
176
     1
 90
        0
176
     1
 62
     7
176
     1
 62
   257
176
     1
 90
        1
176
     1
 90
        1
176
     1
 40
1.0
176
     1
 90
        8
176
     1
 62
     7
176
     1
 40
1.0
176
     1
 90
        1
176
     1
 90
        6
176
     1
 90
        2
176
     1
 62
     7
176
     1
 90
        3
176
     1
 90
        0
176
     1
 90
        0
176
     1
290
     0
176
     1
 90
       13
176
     1
 40
0.0
176
     1
 90
        0
176
     1
290
     0
176
     1
290
     1
176
     1
290
     1
176
     1
290
     0
176
     1
290
     0
176
     1
290
     0
176
     1
290
     0
176
     1
290
     0
176
     1
290
     0
176
     1
 90
       50
176
     1
 40
0.0
176
     1
 40
1.0
176
     1
 90
        0
176
     1
 62
    18
420
        0
176
     1
 90
       50
176
     1
 90
        3
176
     1
 62
     5
420
      255
176
     1
290
     0
176
     1
 90
       50
176
     1
 90
       50
176
     1
 90
       50
176
     1
290
     0
176
     1
 90
       50
176
     1
 62
   256
176
     0
 40
1.0
176
     0
 90
        2
176
     1
  1
strokes_ogs.tif
176
     1
290
     0
176
     1
 40
1.0
176
     1
 40
1.0
176
     1
  0
DICTIONARYVAR
  5
2BE
102
{ACAD_REACTORS
330
2BA
102
}
330
2BA
100
DictionaryVariables
280
     0
  1
1:1
  0
DICTIONARYVAR
  5
2BC
102
{ACAD_REACTORS
330
2BA
102
}
330
2BA
100
DictionaryVariables
280
     0
  1
Standard
  0
DICTIONARYVAR
  5
2BB
102
{ACAD_REACTORS
330
2BA
102
}
330
2BA
100
DictionaryVariables
280
     0
  1
Standard
  0
DICTIONARYVAR
  5
2BD
102
{ACAD_REACTORS
330
2BA
102
}
330
2BA
100
DictionaryVariables
280
     0
  1
0
  0
DICTIONARY
  5
2BF
330
1B8
100
AcDbDictionary
280
     1
281
     1
  3
ACAD_ROUNDTRIP_2008_TABLESTYLE_CELLSTYLEMAP
360
82D
  0
CELLSTYLEMAP
  5
82D
102
{ACAD_REACTORS
330
2BF
102
}
330
2BF
100
AcDbCellStyleMap
 90
        3
300
CELLSTYLE
  1
TABLEFORMAT_BEGIN
 90
        5
170
     1
 91
        0
 92
    32768
 62
   257
 93
        1
300
CONTENTFORMAT
  1
CONTENTFORMAT_BEGIN
 90
        0
 91
        0
 92
      512
 93
        0
300

 40
0.0
140
1.0
 94
        5
 62
   256
340
11
144
6.0
309
CONTENTFORMAT_END
171
     1
301
MARGIN
  1
CELLMARGIN_BEGIN
 40
1.5
 40
1.5
 40
1.5
 40
1.5
 40
0.18
 40
0.18
309
CELLMARGIN_END
 94
        6
 95
        1
302
GRIDFORMAT
  1
GRIDFORMAT_BEGIN
 90
        0
 91
        1
 62
     0
 92
       -2
340
0
 93
        0
 40
0.045
309
GRIDFORMAT_END
 95
        2
302
GRIDFORMAT
  1
GRIDFORMAT_BEGIN
 90
        0
 91
        1
 62
     0
 92
       -2
340
0
 93
        0
 40
0.045
309
GRIDFORMAT_END
 95
        4
302
GRIDFORMAT
  1
GRIDFORMAT_BEGIN
 90
        0
 91
        1
 62
     0
 92
       -2
340
0
 93
        0
 40
0.045
309
GRIDFORMAT_END
 95
        8
302
GRIDFORMAT
  1
GRIDFORMAT_BEGIN
 90
        0
 91
        1
 62
     0
 92
       -2
340
0
 93
        0
 40
0.045
309
GRIDFORMAT_END
 95
       16
302
GRIDFORMAT
  1
GRIDFORMAT_BEGIN
 90
        0
 91
        1
 62
     0
 92
       -2
340
0
 93
        0
 40
0.045
309
GRIDFORMAT_END
 95
       32
302
GRIDFORMAT
  1
GRIDFORMAT_BEGIN
 90
        0
 91
        1
 62
     0
 92
       -2
340
0
 93
        0
 40
0.045
309
GRIDFORMAT_END
309
TABLEFORMAT_END
  1
CELLSTYLE_BEGIN
 90
        1
 91
        1
300
_TITLE
309
CELLSTYLE_END
300
CELLSTYLE
  1
TABLEFORMAT_BEGIN
 90
        5
170
     1
 91
        0
 92
        0
 62
   257
 93
        1
300
CONTENTFORMAT
  1
CONTENTFORMAT_BEGIN
 90
        0
 91
        0
 92
      512
 93
        0
300

 40
0.0
140
1.0
 94
        5
 62
   256
340
11
144
4.5
309
CONTENTFORMAT_END
171
     1
301
MARGIN
  1
CELLMARGIN_BEGIN
 40
1.5
 40
1.5
 40
1.5
 40
1.5
 40
0.18
 40
0.18
309
CELLMARGIN_END
 94
        6
 95
        1
302
GRIDFORMAT
  1
GRIDFORMAT_BEGIN
 90
        0
 91
        1
 62
     0
 92
       -2
340
0
 93
        0
 40
0.045
309
GRIDFORMAT_END
 95
        2
302
GRIDFORMAT
  1
GRIDFORMAT_BEGIN
 90
        0
 91
        1
 62
     0
 92
       -2
340
0
 93
        0
 40
0.045
309
GRIDFORMAT_END
 95
        4
302
GRIDFORMAT
  1
GRIDFORMAT_BEGIN
 90
        0
 91
        1
 62
     0
 92
       -2
340
0
 93
        0
 40
0.045
309
GRIDFORMAT_END
 95
        8
302
GRIDFORMAT
  1
GRIDFORMAT_BEGIN
 90
        0
 91
        1
 62
     0
 92
       -2
340
0
 93
        0
 40
0.045
309
GRIDFORMAT_END
 95
       16
302
GRIDFORMAT
  1
GRIDFORMAT_BEGIN
 90
        0
 91
        1
 62
     0
 92
       -2
340
0
 93
        0
 40
0.045
309
GRIDFORMAT_END
 95
       32
302
GRIDFORMAT
  1
GRIDFORMAT_BEGIN
 90
        0
 91
        1
 62
     0
 92
       -2
340
0
 93
        0
 40
0.045
309
GRIDFORMAT_END
309
TABLEFORMAT_END
  1
CELLSTYLE_BEGIN
 90
        2
 91
        1
300
_HEADER
309
CELLSTYLE_END
300
CELLSTYLE
  1
TABLEFORMAT_BEGIN
 90
        5
170
     1
 91
        0
 92
        0
 62
   257
 93
        1
300
CONTENTFORMAT
  1
CONTENTFORMAT_BEGIN
 90
        0
 91
        0
 92
      512
 93
        0
300

 40
0.0
140
1.0
 94
        2
 62
   256
340
11
144
4.5
309
CONTENTFORMAT_END
171
     1
301
MARGIN
  1
CELLMARGIN_BEGIN
 40
1.5
 40
1.5
 40
1.5
 40
1.5
 40
0.18
 40
0.18
309
CELLMARGIN_END
 94
        6
 95
        1
302
GRIDFORMAT
  1
GRIDFORMAT_BEGIN
 90
        0
 91
        1
 62
     0
 92
       -2
340
0
 93
        0
 40
0.045
309
GRIDFORMAT_END
 95
        2
302
GRIDFORMAT
  1
GRIDFORMAT_BEGIN
 90
        0
 91
        1
 62
     0
 92
       -2
340
0
 93
        0
 40
0.045
309
GRIDFORMAT_END
 95
        4
302
GRIDFORMAT
  1
GRIDFORMAT_BEGIN
 90
        0
 91
        1
 62
     0
 92
       -2
340
0
 93
        0
 40
0.045
309
GRIDFORMAT_END
 95
        8
302
GRIDFORMAT
  1
GRIDFORMAT_BEGIN
 90
        0
 91
        1
 62
     0
 92
       -2
340
0
 93
        0
 40
0.045
309
GRIDFORMAT_END
 95
       16
302
GRIDFORMAT
  1
GRIDFORMAT_BEGIN
 90
        0
 91
        1
 62
     0
 92
       -2
340
0
 93
        0
 40
0.045
309
GRIDFORMAT_END
 95
       32
302
GRIDFORMAT
  1
GRIDFORMAT_BEGIN
 90
        0
 91
        1
 62
     0
 92
       -2
340
0
 93
        0
 40
0.045
309
GRIDFORMAT_END
309
TABLEFORMAT_END
  1
CELLSTYLE_BEGIN
 90
        3
 91
        2
300
_DATA
309
CELLSTYLE_END
  0
ENDSEC
  0
SECTION
  2
ACDSDATA
 70
     2
 71
     2
  0
ACDSSCHEMA
 90
        0
  1
AcDb_Thumbnail_Schema
  2
AcDbDs::ID
280
    10
 91
        0
  2
Thumbnail_Data
280
    15
 91
        0
101
ACDSRECORD
 95
        0
 90
        2
  2
AcDbDs::TreatedAsObjectData
280
     1
291
     1
101
ACDSRECORD
 95
        0
 90
        3
  2
AcDbDs::Legacy
280
     1
291
     1
101
ACDSRECORD
  1
AcDbDs::ID
 90
        4
  2
AcDs:Indexable
280
     1
291
     1
101
ACDSRECORD
  1
AcDbDs::ID
 90
        5
  2
AcDbDs::HandleAttribute
280
     7
282
     1
  0
ACDSSCHEMA
 90
        1
  1
AcDb3DSolid_ASM_Data
  2
AcDbDs::ID
280
    10
 91
        0
  2
ASM_Data
280
    15
 91
        0
101
ACDSRECORD
 95
        1
 90
        2
  2
AcDbDs::TreatedAsObjectData
280
     1
291
     1
101
ACDSRECORD
 95
        1
 90
        3
  2
AcDbDs::Legacy
280
     1
291
     1
101
ACDSRECORD
  1
AcDbDs::ID
 90
        4
  2
AcDs:Indexable
280
     1
291
     1
101
ACDSRECORD
  1
AcDbDs::ID
 90
        5
  2
AcDbDs::HandleAttribute
280
     7
282
     1
  0
ACDSSCHEMA
 90
        2
  1
AcDbDs::TreatedAsObjectDataSchema
  2
AcDbDs::TreatedAsObjectData
280
     1
 91
        0
  0
ACDSSCHEMA
 90
        3
  1
AcDbDs::LegacySchema
  2
AcDbDs::Legacy
280
     1
 91
        0
  0
ACDSSCHEMA
 90
        4
  1
AcDbDs::IndexedPropertySchema
  2
AcDs:Indexable
280
     1
 91
        0
  0
ACDSSCHEMA
 90
        5
  1
AcDbDs::HandleAttributeSchema
  2
AcDbDs::HandleAttribute
280
     7
 91
        8
  0
ENDSEC
  0
EOF
